cdo    remapcon: YAC first order conservative weights from unstructured (830305) to lonlat (1440x720) grid
cdo    remapcon: YAC first order conservative weights from unstructured (830305) to lonlat (1440x720) grid
cdo    remapcon: YAC first order conservative weights from unstructured (830305) to lonlat (1440x720) grid
cdo    remapcon: YAC first order conservative weights from unstructured (830305) to lonlat (1440x720) grid
cdo    remapcon: YAC first order conservative weights from unstructured (830305) to lonlat (1440x720) grid
cdo    remapcon: YAC first order conservative weights from unstructured (830305) to lonlat (1440x720) grid
cdo    remapcon: YAC first order conservative weights from unstructured (830305) to lonlat (1440x720) grid
cdo    remapcon: YAC first order conservative weights from unstructured (830305) to lonlat (1440x720) grid
cdo    remapcon: YAC first order conservative weights from unstructured (830305) to lonlat (1440x720) grid
cdo    remapcon: YAC first order conservative weights from unstructured (830305) to lonlat (1440x720) grid
cdo    remapcon: YAC first order conservative weights from unstructured (830305) to lonlat (1440x720) grid
cdo    remapcon: YAC first order conservative weights from unstructured (830305) to lonlat (1440x720) grid
cdo    remapcon: YAC first order conservative weights from unstructured (830305) to lonlat (1440x720) grid
cdo    remapcon: YAC first order conservative weights from unstructured (830305) to lonlat (1440x720) grid
cdo    remapcon: YAC first order conservative weights from unstructured (830305) to lonlat (1440x720) grid
cdo    remapcon: YAC first order conservative weights from unstructured (830305) to lonlat (1440x720) grid
cdo    remapcon: YAC first order conservative weights from unstructured (830305) to lonlat (1440x720) grid
cdo    remapcon: YAC first order conservative weights from unstructured (830305) to lonlat (1440x720) grid
Scanning directory: /maps/rt582/cmipper/.esgpull/data/CMIP6/CMIP/AWI/AWI-CM-1-1-MR/historical/r1i1p1f1/Omon/thetao/gn/v20181218/processed
Skipping directory (filepath contains remapped/processed): /maps/rt582/cmipper/.esgpull/data/CMIP6/CMIP/AWI/AWI-CM-1-1-MR/historical/r1i1p1f1/Omon/thetao/gn/v20181218/processed
Scanning directory: /maps/rt582/cmipper/.esgpull/data/CMIP6/CMIP/AWI/AWI-CM-1-1-MR/historical/r1i1p1f1/Omon/thetao/gn/v20181218/remapped
Skipping directory (filepath contains remapped/processed): /maps/rt582/cmipper/.esgpull/data/CMIP6/CMIP/AWI/AWI-CM-1-1-MR/historical/r1i1p1f1/Omon/thetao/gn/v20181218/remapped
Scanning directory: /maps/rt582/cmipper/.esgpull/data/CMIP6/CMIP/AWI/AWI-CM-1-1-MR/historical/r1i1p1f1/Omon/thetao/gn/v20181218
	Remapping 18 files in /maps/rt582/cmipper/.esgpull/data/CMIP6/CMIP/AWI/AWI-CM-1-1-MR/historical/r1i1p1f1/Omon/thetao/gn/v20181218
	Remapping 18 files in /maps/rt582/cmipper/.esgpull/data/CMIP6/CMIP/AWI/AWI-CM-1-1-MR/historical/r1i1p1f1/Omon/thetao/gn/v20181218
	Remapping /maps/rt582/cmipper/.esgpull/data/CMIP6/CMIP/AWI/AWI-CM-1-1-MR/historical/r1i1p1f1/Omon/thetao/gn/v20181218/thetao_Omon_AWI-CM-1-1-MR_historical_r1i1p1f1_gn_192101-193012.nc -> /maps/rt582/cmipper/.esgpull/data/CMIP6/CMIP/AWI/AWI-CM-1-1-MR/historical/r1i1p1f1/Omon/thetao/gn/v20181218/remapped/thetao_Omon_AWI-CM-1-1-MR_historical_r1i1p1f1_gn_192101-193012.nc
Remapped: /maps/rt582/cmipper/.esgpull/data/CMIP6/CMIP/AWI/AWI-CM-1-1-MR/historical/r1i1p1f1/Omon/thetao/gn/v20181218/thetao_Omon_AWI-CM-1-1-MR_historical_r1i1p1f1_gn_192101-193012.nc -> /maps/rt582/cmipper/.esgpull/data/CMIP6/CMIP/AWI/AWI-CM-1-1-MR/historical/r1i1p1f1/Omon/thetao/gn/v20181218/remapped/thetao_Omon_AWI-CM-1-1-MR_historical_r1i1p1f1_gn_192101-193012.nc
	Remapping /maps/rt582/cmipper/.esgpull/data/CMIP6/CMIP/AWI/AWI-CM-1-1-MR/historical/r1i1p1f1/Omon/thetao/gn/v20181218/thetao_Omon_AWI-CM-1-1-MR_historical_r1i1p1f1_gn_185001-185012.nc -> /maps/rt582/cmipper/.esgpull/data/CMIP6/CMIP/AWI/AWI-CM-1-1-MR/historical/r1i1p1f1/Omon/thetao/gn/v20181218/remapped/thetao_Omon_AWI-CM-1-1-MR_historical_r1i1p1f1_gn_185001-185012.nc
Remapped: /maps/rt582/cmipper/.esgpull/data/CMIP6/CMIP/AWI/AWI-CM-1-1-MR/historical/r1i1p1f1/Omon/thetao/gn/v20181218/thetao_Omon_AWI-CM-1-1-MR_historical_r1i1p1f1_gn_185001-185012.nc -> /maps/rt582/cmipper/.esgpull/data/CMIP6/CMIP/AWI/AWI-CM-1-1-MR/historical/r1i1p1f1/Omon/thetao/gn/v20181218/remapped/thetao_Omon_AWI-CM-1-1-MR_historical_r1i1p1f1_gn_185001-185012.nc
	Remapping /maps/rt582/cmipper/.esgpull/data/CMIP6/CMIP/AWI/AWI-CM-1-1-MR/historical/r1i1p1f1/Omon/thetao/gn/v20181218/thetao_Omon_AWI-CM-1-1-MR_historical_r1i1p1f1_gn_191101-192012.nc -> /maps/rt582/cmipper/.esgpull/data/CMIP6/CMIP/AWI/AWI-CM-1-1-MR/historical/r1i1p1f1/Omon/thetao/gn/v20181218/remapped/thetao_Omon_AWI-CM-1-1-MR_historical_r1i1p1f1_gn_191101-192012.nc
Remapped: /maps/rt582/cmipper/.esgpull/data/CMIP6/CMIP/AWI/AWI-CM-1-1-MR/historical/r1i1p1f1/Omon/thetao/gn/v20181218/thetao_Omon_AWI-CM-1-1-MR_historical_r1i1p1f1_gn_191101-192012.nc -> /maps/rt582/cmipper/.esgpull/data/CMIP6/CMIP/AWI/AWI-CM-1-1-MR/historical/r1i1p1f1/Omon/thetao/gn/v20181218/remapped/thetao_Omon_AWI-CM-1-1-MR_historical_r1i1p1f1_gn_191101-192012.nc
	Remapping /maps/rt582/cmipper/.esgpull/data/CMIP6/CMIP/AWI/AWI-CM-1-1-MR/historical/r1i1p1f1/Omon/thetao/gn/v20181218/thetao_Omon_AWI-CM-1-1-MR_historical_r1i1p1f1_gn_190101-191012.nc -> /maps/rt582/cmipper/.esgpull/data/CMIP6/CMIP/AWI/AWI-CM-1-1-MR/historical/r1i1p1f1/Omon/thetao/gn/v20181218/remapped/thetao_Omon_AWI-CM-1-1-MR_historical_r1i1p1f1_gn_190101-191012.nc
Remapped: /maps/rt582/cmipper/.esgpull/data/CMIP6/CMIP/AWI/AWI-CM-1-1-MR/historical/r1i1p1f1/Omon/thetao/gn/v20181218/thetao_Omon_AWI-CM-1-1-MR_historical_r1i1p1f1_gn_190101-191012.nc -> /maps/rt582/cmipper/.esgpull/data/CMIP6/CMIP/AWI/AWI-CM-1-1-MR/historical/r1i1p1f1/Omon/thetao/gn/v20181218/remapped/thetao_Omon_AWI-CM-1-1-MR_historical_r1i1p1f1_gn_190101-191012.nc
	Remapping /maps/rt582/cmipper/.esgpull/data/CMIP6/CMIP/AWI/AWI-CM-1-1-MR/historical/r1i1p1f1/Omon/thetao/gn/v20181218/thetao_Omon_AWI-CM-1-1-MR_historical_r1i1p1f1_gn_195101-196012.nc -> /maps/rt582/cmipper/.esgpull/data/CMIP6/CMIP/AWI/AWI-CM-1-1-MR/historical/r1i1p1f1/Omon/thetao/gn/v20181218/remapped/thetao_Omon_AWI-CM-1-1-MR_historical_r1i1p1f1_gn_195101-196012.nc
Remapped: /maps/rt582/cmipper/.esgpull/data/CMIP6/CMIP/AWI/AWI-CM-1-1-MR/historical/r1i1p1f1/Omon/thetao/gn/v20181218/thetao_Omon_AWI-CM-1-1-MR_historical_r1i1p1f1_gn_195101-196012.nc -> /maps/rt582/cmipper/.esgpull/data/CMIP6/CMIP/AWI/AWI-CM-1-1-MR/historical/r1i1p1f1/Omon/thetao/gn/v20181218/remapped/thetao_Omon_AWI-CM-1-1-MR_historical_r1i1p1f1_gn_195101-196012.nc
	Remapping /maps/rt582/cmipper/.esgpull/data/CMIP6/CMIP/AWI/AWI-CM-1-1-MR/historical/r1i1p1f1/Omon/thetao/gn/v20181218/thetao_Omon_AWI-CM-1-1-MR_historical_r1i1p1f1_gn_188101-189012.nc -> /maps/rt582/cmipper/.esgpull/data/CMIP6/CMIP/AWI/AWI-CM-1-1-MR/historical/r1i1p1f1/Omon/thetao/gn/v20181218/remapped/thetao_Omon_AWI-CM-1-1-MR_historical_r1i1p1f1_gn_188101-189012.nc
Remapped: /maps/rt582/cmipper/.esgpull/data/CMIP6/CMIP/AWI/AWI-CM-1-1-MR/historical/r1i1p1f1/Omon/thetao/gn/v20181218/thetao_Omon_AWI-CM-1-1-MR_historical_r1i1p1f1_gn_188101-189012.nc -> /maps/rt582/cmipper/.esgpull/data/CMIP6/CMIP/AWI/AWI-CM-1-1-MR/historical/r1i1p1f1/Omon/thetao/gn/v20181218/remapped/thetao_Omon_AWI-CM-1-1-MR_historical_r1i1p1f1_gn_188101-189012.nc
	Remapping /maps/rt582/cmipper/.esgpull/data/CMIP6/CMIP/AWI/AWI-CM-1-1-MR/historical/r1i1p1f1/Omon/thetao/gn/v20181218/thetao_Omon_AWI-CM-1-1-MR_historical_r1i1p1f1_gn_186101-187012.nc -> /maps/rt582/cmipper/.esgpull/data/CMIP6/CMIP/AWI/AWI-CM-1-1-MR/historical/r1i1p1f1/Omon/thetao/gn/v20181218/remapped/thetao_Omon_AWI-CM-1-1-MR_historical_r1i1p1f1_gn_186101-187012.nc
Remapped: /maps/rt582/cmipper/.esgpull/data/CMIP6/CMIP/AWI/AWI-CM-1-1-MR/historical/r1i1p1f1/Omon/thetao/gn/v20181218/thetao_Omon_AWI-CM-1-1-MR_historical_r1i1p1f1_gn_186101-187012.nc -> /maps/rt582/cmipper/.esgpull/data/CMIP6/CMIP/AWI/AWI-CM-1-1-MR/historical/r1i1p1f1/Omon/thetao/gn/v20181218/remapped/thetao_Omon_AWI-CM-1-1-MR_historical_r1i1p1f1_gn_186101-187012.nc
	Remapping /maps/rt582/cmipper/.esgpull/data/CMIP6/CMIP/AWI/AWI-CM-1-1-MR/historical/r1i1p1f1/Omon/thetao/gn/v20181218/thetao_Omon_AWI-CM-1-1-MR_historical_r1i1p1f1_gn_200101-201012.nc -> /maps/rt582/cmipper/.esgpull/data/CMIP6/CMIP/AWI/AWI-CM-1-1-MR/historical/r1i1p1f1/Omon/thetao/gn/v20181218/remapped/thetao_Omon_AWI-CM-1-1-MR_historical_r1i1p1f1_gn_200101-201012.nc
Remapped: /maps/rt582/cmipper/.esgpull/data/CMIP6/CMIP/AWI/AWI-CM-1-1-MR/historical/r1i1p1f1/Omon/thetao/gn/v20181218/thetao_Omon_AWI-CM-1-1-MR_historical_r1i1p1f1_gn_200101-201012.nc -> /maps/rt582/cmipper/.esgpull/data/CMIP6/CMIP/AWI/AWI-CM-1-1-MR/historical/r1i1p1f1/Omon/thetao/gn/v20181218/remapped/thetao_Omon_AWI-CM-1-1-MR_historical_r1i1p1f1_gn_200101-201012.nc
	Remapping /maps/rt582/cmipper/.esgpull/data/CMIP6/CMIP/AWI/AWI-CM-1-1-MR/historical/r1i1p1f1/Omon/thetao/gn/v20181218/thetao_Omon_AWI-CM-1-1-MR_historical_r1i1p1f1_gn_185101-186012.nc -> /maps/rt582/cmipper/.esgpull/data/CMIP6/CMIP/AWI/AWI-CM-1-1-MR/historical/r1i1p1f1/Omon/thetao/gn/v20181218/remapped/thetao_Omon_AWI-CM-1-1-MR_historical_r1i1p1f1_gn_185101-186012.nc
Remapped: /maps/rt582/cmipper/.esgpull/data/CMIP6/CMIP/AWI/AWI-CM-1-1-MR/historical/r1i1p1f1/Omon/thetao/gn/v20181218/thetao_Omon_AWI-CM-1-1-MR_historical_r1i1p1f1_gn_185101-186012.nc -> /maps/rt582/cmipper/.esgpull/data/CMIP6/CMIP/AWI/AWI-CM-1-1-MR/historical/r1i1p1f1/Omon/thetao/gn/v20181218/remapped/thetao_Omon_AWI-CM-1-1-MR_historical_r1i1p1f1_gn_185101-186012.nc
	Remapping /maps/rt582/cmipper/.esgpull/data/CMIP6/CMIP/AWI/AWI-CM-1-1-MR/historical/r1i1p1f1/Omon/thetao/gn/v20181218/thetao_Omon_AWI-CM-1-1-MR_historical_r1i1p1f1_gn_196101-197012.nc -> /maps/rt582/cmipper/.esgpull/data/CMIP6/CMIP/AWI/AWI-CM-1-1-MR/historical/r1i1p1f1/Omon/thetao/gn/v20181218/remapped/thetao_Omon_AWI-CM-1-1-MR_historical_r1i1p1f1_gn_196101-197012.nc
Remapped: /maps/rt582/cmipper/.esgpull/data/CMIP6/CMIP/AWI/AWI-CM-1-1-MR/historical/r1i1p1f1/Omon/thetao/gn/v20181218/thetao_Omon_AWI-CM-1-1-MR_historical_r1i1p1f1_gn_196101-197012.nc -> /maps/rt582/cmipper/.esgpull/data/CMIP6/CMIP/AWI/AWI-CM-1-1-MR/historical/r1i1p1f1/Omon/thetao/gn/v20181218/remapped/thetao_Omon_AWI-CM-1-1-MR_historical_r1i1p1f1_gn_196101-197012.nc
	Remapping /maps/rt582/cmipper/.esgpull/data/CMIP6/CMIP/AWI/AWI-CM-1-1-MR/historical/r1i1p1f1/Omon/thetao/gn/v20181218/thetao_Omon_AWI-CM-1-1-MR_historical_r1i1p1f1_gn_201101-201412.nc -> /maps/rt582/cmipper/.esgpull/data/CMIP6/CMIP/AWI/AWI-CM-1-1-MR/historical/r1i1p1f1/Omon/thetao/gn/v20181218/remapped/thetao_Omon_AWI-CM-1-1-MR_historical_r1i1p1f1_gn_201101-201412.nc
Remapped: /maps/rt582/cmipper/.esgpull/data/CMIP6/CMIP/AWI/AWI-CM-1-1-MR/historical/r1i1p1f1/Omon/thetao/gn/v20181218/thetao_Omon_AWI-CM-1-1-MR_historical_r1i1p1f1_gn_201101-201412.nc -> /maps/rt582/cmipper/.esgpull/data/CMIP6/CMIP/AWI/AWI-CM-1-1-MR/historical/r1i1p1f1/Omon/thetao/gn/v20181218/remapped/thetao_Omon_AWI-CM-1-1-MR_historical_r1i1p1f1_gn_201101-201412.nc
	Remapping /maps/rt582/cmipper/.esgpull/data/CMIP6/CMIP/AWI/AWI-CM-1-1-MR/historical/r1i1p1f1/Omon/thetao/gn/v20181218/thetao_Omon_AWI-CM-1-1-MR_historical_r1i1p1f1_gn_198101-199012.nc -> /maps/rt582/cmipper/.esgpull/data/CMIP6/CMIP/AWI/AWI-CM-1-1-MR/historical/r1i1p1f1/Omon/thetao/gn/v20181218/remapped/thetao_Omon_AWI-CM-1-1-MR_historical_r1i1p1f1_gn_198101-199012.nc
Remapped: /maps/rt582/cmipper/.esgpull/data/CMIP6/CMIP/AWI/AWI-CM-1-1-MR/historical/r1i1p1f1/Omon/thetao/gn/v20181218/thetao_Omon_AWI-CM-1-1-MR_historical_r1i1p1f1_gn_198101-199012.nc -> /maps/rt582/cmipper/.esgpull/data/CMIP6/CMIP/AWI/AWI-CM-1-1-MR/historical/r1i1p1f1/Omon/thetao/gn/v20181218/remapped/thetao_Omon_AWI-CM-1-1-MR_historical_r1i1p1f1_gn_198101-199012.nc
	Remapping /maps/rt582/cmipper/.esgpull/data/CMIP6/CMIP/AWI/AWI-CM-1-1-MR/historical/r1i1p1f1/Omon/thetao/gn/v20181218/thetao_Omon_AWI-CM-1-1-MR_historical_r1i1p1f1_gn_197101-198012.nc -> /maps/rt582/cmipper/.esgpull/data/CMIP6/CMIP/AWI/AWI-CM-1-1-MR/historical/r1i1p1f1/Omon/thetao/gn/v20181218/remapped/thetao_Omon_AWI-CM-1-1-MR_historical_r1i1p1f1_gn_197101-198012.nc
Remapped: /maps/rt582/cmipper/.esgpull/data/CMIP6/CMIP/AWI/AWI-CM-1-1-MR/historical/r1i1p1f1/Omon/thetao/gn/v20181218/thetao_Omon_AWI-CM-1-1-MR_historical_r1i1p1f1_gn_197101-198012.nc -> /maps/rt582/cmipper/.esgpull/data/CMIP6/CMIP/AWI/AWI-CM-1-1-MR/historical/r1i1p1f1/Omon/thetao/gn/v20181218/remapped/thetao_Omon_AWI-CM-1-1-MR_historical_r1i1p1f1_gn_197101-198012.nc
	Remapping /maps/rt582/cmipper/.esgpull/data/CMIP6/CMIP/AWI/AWI-CM-1-1-MR/historical/r1i1p1f1/Omon/thetao/gn/v20181218/thetao_Omon_AWI-CM-1-1-MR_historical_r1i1p1f1_gn_189101-190012.nc -> /maps/rt582/cmipper/.esgpull/data/CMIP6/CMIP/AWI/AWI-CM-1-1-MR/historical/r1i1p1f1/Omon/thetao/gn/v20181218/remapped/thetao_Omon_AWI-CM-1-1-MR_historical_r1i1p1f1_gn_189101-190012.nc
Remapped: /maps/rt582/cmipper/.esgpull/data/CMIP6/CMIP/AWI/AWI-CM-1-1-MR/historical/r1i1p1f1/Omon/thetao/gn/v20181218/thetao_Omon_AWI-CM-1-1-MR_historical_r1i1p1f1_gn_189101-190012.nc -> /maps/rt582/cmipper/.esgpull/data/CMIP6/CMIP/AWI/AWI-CM-1-1-MR/historical/r1i1p1f1/Omon/thetao/gn/v20181218/remapped/thetao_Omon_AWI-CM-1-1-MR_historical_r1i1p1f1_gn_189101-190012.nc
	Remapping /maps/rt582/cmipper/.esgpull/data/CMIP6/CMIP/AWI/AWI-CM-1-1-MR/historical/r1i1p1f1/Omon/thetao/gn/v20181218/thetao_Omon_AWI-CM-1-1-MR_historical_r1i1p1f1_gn_194101-195012.nc -> /maps/rt582/cmipper/.esgpull/data/CMIP6/CMIP/AWI/AWI-CM-1-1-MR/historical/r1i1p1f1/Omon/thetao/gn/v20181218/remapped/thetao_Omon_AWI-CM-1-1-MR_historical_r1i1p1f1_gn_194101-195012.nc
Remapped: /maps/rt582/cmipper/.esgpull/data/CMIP6/CMIP/AWI/AWI-CM-1-1-MR/historical/r1i1p1f1/Omon/thetao/gn/v20181218/thetao_Omon_AWI-CM-1-1-MR_historical_r1i1p1f1_gn_194101-195012.nc -> /maps/rt582/cmipper/.esgpull/data/CMIP6/CMIP/AWI/AWI-CM-1-1-MR/historical/r1i1p1f1/Omon/thetao/gn/v20181218/remapped/thetao_Omon_AWI-CM-1-1-MR_historical_r1i1p1f1_gn_194101-195012.nc
	Remapping /maps/rt582/cmipper/.esgpull/data/CMIP6/CMIP/AWI/AWI-CM-1-1-MR/historical/r1i1p1f1/Omon/thetao/gn/v20181218/thetao_Omon_AWI-CM-1-1-MR_historical_r1i1p1f1_gn_193101-194012.nc -> /maps/rt582/cmipper/.esgpull/data/CMIP6/CMIP/AWI/AWI-CM-1-1-MR/historical/r1i1p1f1/Omon/thetao/gn/v20181218/remapped/thetao_Omon_AWI-CM-1-1-MR_historical_r1i1p1f1_gn_193101-194012.nc
Remapped: /maps/rt582/cmipper/.esgpull/data/CMIP6/CMIP/AWI/AWI-CM-1-1-MR/historical/r1i1p1f1/Omon/thetao/gn/v20181218/thetao_Omon_AWI-CM-1-1-MR_historical_r1i1p1f1_gn_193101-194012.nc -> /maps/rt582/cmipper/.esgpull/data/CMIP6/CMIP/AWI/AWI-CM-1-1-MR/historical/r1i1p1f1/Omon/thetao/gn/v20181218/remapped/thetao_Omon_AWI-CM-1-1-MR_historical_r1i1p1f1_gn_193101-194012.nc
	Remapping /maps/rt582/cmipper/.esgpull/data/CMIP6/CMIP/AWI/AWI-CM-1-1-MR/historical/r1i1p1f1/Omon/thetao/gn/v20181218/thetao_Omon_AWI-CM-1-1-MR_historical_r1i1p1f1_gn_187101-188012.nc -> /maps/rt582/cmipper/.esgpull/data/CMIP6/CMIP/AWI/AWI-CM-1-1-MR/historical/r1i1p1f1/Omon/thetao/gn/v20181218/remapped/thetao_Omon_AWI-CM-1-1-MR_historical_r1i1p1f1_gn_187101-188012.nc
Remapped: /maps/rt582/cmipper/.esgpull/data/CMIP6/CMIP/AWI/AWI-CM-1-1-MR/historical/r1i1p1f1/Omon/thetao/gn/v20181218/thetao_Omon_AWI-CM-1-1-MR_historical_r1i1p1f1_gn_187101-188012.nc -> /maps/rt582/cmipper/.esgpull/data/CMIP6/CMIP/AWI/AWI-CM-1-1-MR/historical/r1i1p1f1/Omon/thetao/gn/v20181218/remapped/thetao_Omon_AWI-CM-1-1-MR_historical_r1i1p1f1_gn_187101-188012.nc
	Remapping /maps/rt582/cmipper/.esgpull/data/CMIP6/CMIP/AWI/AWI-CM-1-1-MR/historical/r1i1p1f1/Omon/thetao/gn/v20181218/thetao_Omon_AWI-CM-1-1-MR_historical_r1i1p1f1_gn_199101-200012.nc -> /maps/rt582/cmipper/.esgpull/data/CMIP6/CMIP/AWI/AWI-CM-1-1-MR/historical/r1i1p1f1/Omon/thetao/gn/v20181218/remapped/thetao_Omon_AWI-CM-1-1-MR_historical_r1i1p1f1_gn_199101-200012.nc
Remapped: /maps/rt582/cmipper/.esgpull/data/CMIP6/CMIP/AWI/AWI-CM-1-1-MR/historical/r1i1p1f1/Omon/thetao/gn/v20181218/thetao_Omon_AWI-CM-1-1-MR_historical_r1i1p1f1_gn_199101-200012.nc -> /maps/rt582/cmipper/.esgpull/data/CMIP6/CMIP/AWI/AWI-CM-1-1-MR/historical/r1i1p1f1/Omon/thetao/gn/v20181218/remapped/thetao_Omon_AWI-CM-1-1-MR_historical_r1i1p1f1_gn_199101-200012.nc
Scanning for level values in: /maps/rt582/cmipper/.esgpull/data/CMIP6/CMIP/AWI/AWI-CM-1-1-MR/historical/r1i1p1f1/Omon/thetao/gn/v20181218/remapped
Traceback (most recent call last):
  File "/maps/rt582/cmipper/cmipper/directory_processing.py", line 187, in <module>
    pipeline.run()
  File "/maps/rt582/cmipper/cmipper/directory_processing.py", line 167, in run
    self.do_level_extraction(subdir)
  File "/maps/rt582/cmipper/cmipper/directory_processing.py", line 116, in do_level_extraction
    ds = xa.open_dataset(nc_fp).sel(depth_dim=slice(0, self.max_depth))
         ^^^^^^^^^^^^^^^^^^^^^^^^^^^^^^^^^^^^^^^^^^^^^^^^^^^^^^^^^^^^^^
  File "/maps/rt582/miniforge3/envs/shiftpy/lib/python3.12/site-packages/xarray/core/dataset.py", line 3097, in sel
    query_results = map_index_queries(
                    ^^^^^^^^^^^^^^^^^^
  File "/maps/rt582/miniforge3/envs/shiftpy/lib/python3.12/site-packages/xarray/core/indexing.py", line 184, in map_index_queries
    grouped_indexers = group_indexers_by_index(obj, indexers, options)
                       ^^^^^^^^^^^^^^^^^^^^^^^^^^^^^^^^^^^^^^^^^^^^^^^
  File "/maps/rt582/miniforge3/envs/shiftpy/lib/python3.12/site-packages/xarray/core/indexing.py", line 145, in group_indexers_by_index
    raise KeyError(
KeyError: "'depth_dim' is not a valid dimension or coordinate for Dataset with dimensions FrozenMappingWarningOnValuesAccess({'time': 120, 'bnds': 2, 'depth': 46, 'ncells': 830305, 'vertices': 16})"
cdo    remapcon: YAC first order conservative weights from unstructured (830305) to lonlat (1440x720) grid
cdo    remapcon: YAC first order conservative weights from unstructured (830305) to lonlat (1440x720) grid
cdo    remapcon: YAC first order conservative weights from unstructured (830305) to lonlat (1440x720) grid
cdo    remapcon: YAC first order conservative weights from unstructured (830305) to lonlat (1440x720) grid
cdo    remapcon: YAC first order conservative weights from unstructured (830305) to lonlat (1440x720) grid
cdo    remapcon: YAC first order conservative weights from unstructured (830305) to lonlat (1440x720) grid
cdo    remapcon: YAC first order conservative weights from unstructured (830305) to lonlat (1440x720) grid
cdo    remapcon: YAC first order conservative weights from unstructured (830305) to lonlat (1440x720) grid
cdo    remapcon: YAC first order conservative weights from unstructured (830305) to lonlat (1440x720) grid
cdo    remapcon: YAC first order conservative weights from unstructured (830305) to lonlat (1440x720) grid
cdo    remapcon: YAC first order conservative weights from unstructured (830305) to lonlat (1440x720) grid
cdo    remapcon: YAC first order conservative weights from unstructured (830305) to lonlat (1440x720) grid
cdo    remapcon: YAC first order conservative weights from unstructured (830305) to lonlat (1440x720) grid
cdo    remapcon: YAC first order conservative weights from unstructured (830305) to lonlat (1440x720) grid
cdo    remapcon: YAC first order conservative weights from unstructured (830305) to lonlat (1440x720) grid
cdo    remapcon: YAC first order conservative weights from unstructured (830305) to lonlat (1440x720) grid
cdo    remapcon: YAC first order conservative weights from unstructured (830305) to lonlat (1440x720) grid
cdo    remapcon: YAC first order conservative weights from unstructured (830305) to lonlat (1440x720) grid
Scanning directory: /maps/rt582/cmipper/.esgpull/data/CMIP6/CMIP/AWI/AWI-CM-1-1-MR/historical/r1i1p1f1/Omon/so/gn
No .nc files found in /maps/rt582/cmipper/.esgpull/data/CMIP6/CMIP/AWI/AWI-CM-1-1-MR/historical/r1i1p1f1/Omon/so/gn
Scanning directory: /maps/rt582/cmipper/.esgpull/data/CMIP6/CMIP/AWI/AWI-CM-1-1-MR/historical/r1i1p1f1/Omon/so/gn/v20181218
	Remapping 18 files in /maps/rt582/cmipper/.esgpull/data/CMIP6/CMIP/AWI/AWI-CM-1-1-MR/historical/r1i1p1f1/Omon/so/gn/v20181218
	Remapping 18 files in /maps/rt582/cmipper/.esgpull/data/CMIP6/CMIP/AWI/AWI-CM-1-1-MR/historical/r1i1p1f1/Omon/so/gn/v20181218
	Remapping /maps/rt582/cmipper/.esgpull/data/CMIP6/CMIP/AWI/AWI-CM-1-1-MR/historical/r1i1p1f1/Omon/so/gn/v20181218/so_Omon_AWI-CM-1-1-MR_historical_r1i1p1f1_gn_190101-191012.nc -> /maps/rt582/cmipper/.esgpull/data/CMIP6/CMIP/AWI/AWI-CM-1-1-MR/historical/r1i1p1f1/Omon/so/gn/v20181218/remapped/so_Omon_AWI-CM-1-1-MR_historical_r1i1p1f1_gn_190101-191012.nc
Remapped: /maps/rt582/cmipper/.esgpull/data/CMIP6/CMIP/AWI/AWI-CM-1-1-MR/historical/r1i1p1f1/Omon/so/gn/v20181218/so_Omon_AWI-CM-1-1-MR_historical_r1i1p1f1_gn_190101-191012.nc -> /maps/rt582/cmipper/.esgpull/data/CMIP6/CMIP/AWI/AWI-CM-1-1-MR/historical/r1i1p1f1/Omon/so/gn/v20181218/remapped/so_Omon_AWI-CM-1-1-MR_historical_r1i1p1f1_gn_190101-191012.nc
	Remapping /maps/rt582/cmipper/.esgpull/data/CMIP6/CMIP/AWI/AWI-CM-1-1-MR/historical/r1i1p1f1/Omon/so/gn/v20181218/so_Omon_AWI-CM-1-1-MR_historical_r1i1p1f1_gn_192101-193012.nc -> /maps/rt582/cmipper/.esgpull/data/CMIP6/CMIP/AWI/AWI-CM-1-1-MR/historical/r1i1p1f1/Omon/so/gn/v20181218/remapped/so_Omon_AWI-CM-1-1-MR_historical_r1i1p1f1_gn_192101-193012.nc
Remapped: /maps/rt582/cmipper/.esgpull/data/CMIP6/CMIP/AWI/AWI-CM-1-1-MR/historical/r1i1p1f1/Omon/so/gn/v20181218/so_Omon_AWI-CM-1-1-MR_historical_r1i1p1f1_gn_192101-193012.nc -> /maps/rt582/cmipper/.esgpull/data/CMIP6/CMIP/AWI/AWI-CM-1-1-MR/historical/r1i1p1f1/Omon/so/gn/v20181218/remapped/so_Omon_AWI-CM-1-1-MR_historical_r1i1p1f1_gn_192101-193012.nc
	Remapping /maps/rt582/cmipper/.esgpull/data/CMIP6/CMIP/AWI/AWI-CM-1-1-MR/historical/r1i1p1f1/Omon/so/gn/v20181218/so_Omon_AWI-CM-1-1-MR_historical_r1i1p1f1_gn_185001-185012.nc -> /maps/rt582/cmipper/.esgpull/data/CMIP6/CMIP/AWI/AWI-CM-1-1-MR/historical/r1i1p1f1/Omon/so/gn/v20181218/remapped/so_Omon_AWI-CM-1-1-MR_historical_r1i1p1f1_gn_185001-185012.nc
Remapped: /maps/rt582/cmipper/.esgpull/data/CMIP6/CMIP/AWI/AWI-CM-1-1-MR/historical/r1i1p1f1/Omon/so/gn/v20181218/so_Omon_AWI-CM-1-1-MR_historical_r1i1p1f1_gn_185001-185012.nc -> /maps/rt582/cmipper/.esgpull/data/CMIP6/CMIP/AWI/AWI-CM-1-1-MR/historical/r1i1p1f1/Omon/so/gn/v20181218/remapped/so_Omon_AWI-CM-1-1-MR_historical_r1i1p1f1_gn_185001-185012.nc
	Remapping /maps/rt582/cmipper/.esgpull/data/CMIP6/CMIP/AWI/AWI-CM-1-1-MR/historical/r1i1p1f1/Omon/so/gn/v20181218/so_Omon_AWI-CM-1-1-MR_historical_r1i1p1f1_gn_191101-192012.nc -> /maps/rt582/cmipper/.esgpull/data/CMIP6/CMIP/AWI/AWI-CM-1-1-MR/historical/r1i1p1f1/Omon/so/gn/v20181218/remapped/so_Omon_AWI-CM-1-1-MR_historical_r1i1p1f1_gn_191101-192012.nc
Remapped: /maps/rt582/cmipper/.esgpull/data/CMIP6/CMIP/AWI/AWI-CM-1-1-MR/historical/r1i1p1f1/Omon/so/gn/v20181218/so_Omon_AWI-CM-1-1-MR_historical_r1i1p1f1_gn_191101-192012.nc -> /maps/rt582/cmipper/.esgpull/data/CMIP6/CMIP/AWI/AWI-CM-1-1-MR/historical/r1i1p1f1/Omon/so/gn/v20181218/remapped/so_Omon_AWI-CM-1-1-MR_historical_r1i1p1f1_gn_191101-192012.nc
	Remapping /maps/rt582/cmipper/.esgpull/data/CMIP6/CMIP/AWI/AWI-CM-1-1-MR/historical/r1i1p1f1/Omon/so/gn/v20181218/so_Omon_AWI-CM-1-1-MR_historical_r1i1p1f1_gn_197101-198012.nc -> /maps/rt582/cmipper/.esgpull/data/CMIP6/CMIP/AWI/AWI-CM-1-1-MR/historical/r1i1p1f1/Omon/so/gn/v20181218/remapped/so_Omon_AWI-CM-1-1-MR_historical_r1i1p1f1_gn_197101-198012.nc
Remapped: /maps/rt582/cmipper/.esgpull/data/CMIP6/CMIP/AWI/AWI-CM-1-1-MR/historical/r1i1p1f1/Omon/so/gn/v20181218/so_Omon_AWI-CM-1-1-MR_historical_r1i1p1f1_gn_197101-198012.nc -> /maps/rt582/cmipper/.esgpull/data/CMIP6/CMIP/AWI/AWI-CM-1-1-MR/historical/r1i1p1f1/Omon/so/gn/v20181218/remapped/so_Omon_AWI-CM-1-1-MR_historical_r1i1p1f1_gn_197101-198012.nc
	Remapping /maps/rt582/cmipper/.esgpull/data/CMIP6/CMIP/AWI/AWI-CM-1-1-MR/historical/r1i1p1f1/Omon/so/gn/v20181218/so_Omon_AWI-CM-1-1-MR_historical_r1i1p1f1_gn_189101-190012.nc -> /maps/rt582/cmipper/.esgpull/data/CMIP6/CMIP/AWI/AWI-CM-1-1-MR/historical/r1i1p1f1/Omon/so/gn/v20181218/remapped/so_Omon_AWI-CM-1-1-MR_historical_r1i1p1f1_gn_189101-190012.nc
Remapped: /maps/rt582/cmipper/.esgpull/data/CMIP6/CMIP/AWI/AWI-CM-1-1-MR/historical/r1i1p1f1/Omon/so/gn/v20181218/so_Omon_AWI-CM-1-1-MR_historical_r1i1p1f1_gn_189101-190012.nc -> /maps/rt582/cmipper/.esgpull/data/CMIP6/CMIP/AWI/AWI-CM-1-1-MR/historical/r1i1p1f1/Omon/so/gn/v20181218/remapped/so_Omon_AWI-CM-1-1-MR_historical_r1i1p1f1_gn_189101-190012.nc
	Remapping /maps/rt582/cmipper/.esgpull/data/CMIP6/CMIP/AWI/AWI-CM-1-1-MR/historical/r1i1p1f1/Omon/so/gn/v20181218/so_Omon_AWI-CM-1-1-MR_historical_r1i1p1f1_gn_194101-195012.nc -> /maps/rt582/cmipper/.esgpull/data/CMIP6/CMIP/AWI/AWI-CM-1-1-MR/historical/r1i1p1f1/Omon/so/gn/v20181218/remapped/so_Omon_AWI-CM-1-1-MR_historical_r1i1p1f1_gn_194101-195012.nc
Remapped: /maps/rt582/cmipper/.esgpull/data/CMIP6/CMIP/AWI/AWI-CM-1-1-MR/historical/r1i1p1f1/Omon/so/gn/v20181218/so_Omon_AWI-CM-1-1-MR_historical_r1i1p1f1_gn_194101-195012.nc -> /maps/rt582/cmipper/.esgpull/data/CMIP6/CMIP/AWI/AWI-CM-1-1-MR/historical/r1i1p1f1/Omon/so/gn/v20181218/remapped/so_Omon_AWI-CM-1-1-MR_historical_r1i1p1f1_gn_194101-195012.nc
	Remapping /maps/rt582/cmipper/.esgpull/data/CMIP6/CMIP/AWI/AWI-CM-1-1-MR/historical/r1i1p1f1/Omon/so/gn/v20181218/so_Omon_AWI-CM-1-1-MR_historical_r1i1p1f1_gn_193101-194012.nc -> /maps/rt582/cmipper/.esgpull/data/CMIP6/CMIP/AWI/AWI-CM-1-1-MR/historical/r1i1p1f1/Omon/so/gn/v20181218/remapped/so_Omon_AWI-CM-1-1-MR_historical_r1i1p1f1_gn_193101-194012.nc
Remapped: /maps/rt582/cmipper/.esgpull/data/CMIP6/CMIP/AWI/AWI-CM-1-1-MR/historical/r1i1p1f1/Omon/so/gn/v20181218/so_Omon_AWI-CM-1-1-MR_historical_r1i1p1f1_gn_193101-194012.nc -> /maps/rt582/cmipper/.esgpull/data/CMIP6/CMIP/AWI/AWI-CM-1-1-MR/historical/r1i1p1f1/Omon/so/gn/v20181218/remapped/so_Omon_AWI-CM-1-1-MR_historical_r1i1p1f1_gn_193101-194012.nc
	Remapping /maps/rt582/cmipper/.esgpull/data/CMIP6/CMIP/AWI/AWI-CM-1-1-MR/historical/r1i1p1f1/Omon/so/gn/v20181218/so_Omon_AWI-CM-1-1-MR_historical_r1i1p1f1_gn_187101-188012.nc -> /maps/rt582/cmipper/.esgpull/data/CMIP6/CMIP/AWI/AWI-CM-1-1-MR/historical/r1i1p1f1/Omon/so/gn/v20181218/remapped/so_Omon_AWI-CM-1-1-MR_historical_r1i1p1f1_gn_187101-188012.nc
Remapped: /maps/rt582/cmipper/.esgpull/data/CMIP6/CMIP/AWI/AWI-CM-1-1-MR/historical/r1i1p1f1/Omon/so/gn/v20181218/so_Omon_AWI-CM-1-1-MR_historical_r1i1p1f1_gn_187101-188012.nc -> /maps/rt582/cmipper/.esgpull/data/CMIP6/CMIP/AWI/AWI-CM-1-1-MR/historical/r1i1p1f1/Omon/so/gn/v20181218/remapped/so_Omon_AWI-CM-1-1-MR_historical_r1i1p1f1_gn_187101-188012.nc
	Remapping /maps/rt582/cmipper/.esgpull/data/CMIP6/CMIP/AWI/AWI-CM-1-1-MR/historical/r1i1p1f1/Omon/so/gn/v20181218/so_Omon_AWI-CM-1-1-MR_historical_r1i1p1f1_gn_199101-200012.nc -> /maps/rt582/cmipper/.esgpull/data/CMIP6/CMIP/AWI/AWI-CM-1-1-MR/historical/r1i1p1f1/Omon/so/gn/v20181218/remapped/so_Omon_AWI-CM-1-1-MR_historical_r1i1p1f1_gn_199101-200012.nc
Remapped: /maps/rt582/cmipper/.esgpull/data/CMIP6/CMIP/AWI/AWI-CM-1-1-MR/historical/r1i1p1f1/Omon/so/gn/v20181218/so_Omon_AWI-CM-1-1-MR_historical_r1i1p1f1_gn_199101-200012.nc -> /maps/rt582/cmipper/.esgpull/data/CMIP6/CMIP/AWI/AWI-CM-1-1-MR/historical/r1i1p1f1/Omon/so/gn/v20181218/remapped/so_Omon_AWI-CM-1-1-MR_historical_r1i1p1f1_gn_199101-200012.nc
	Remapping /maps/rt582/cmipper/.esgpull/data/CMIP6/CMIP/AWI/AWI-CM-1-1-MR/historical/r1i1p1f1/Omon/so/gn/v20181218/so_Omon_AWI-CM-1-1-MR_historical_r1i1p1f1_gn_195101-196012.nc -> /maps/rt582/cmipper/.esgpull/data/CMIP6/CMIP/AWI/AWI-CM-1-1-MR/historical/r1i1p1f1/Omon/so/gn/v20181218/remapped/so_Omon_AWI-CM-1-1-MR_historical_r1i1p1f1_gn_195101-196012.nc
Remapped: /maps/rt582/cmipper/.esgpull/data/CMIP6/CMIP/AWI/AWI-CM-1-1-MR/historical/r1i1p1f1/Omon/so/gn/v20181218/so_Omon_AWI-CM-1-1-MR_historical_r1i1p1f1_gn_195101-196012.nc -> /maps/rt582/cmipper/.esgpull/data/CMIP6/CMIP/AWI/AWI-CM-1-1-MR/historical/r1i1p1f1/Omon/so/gn/v20181218/remapped/so_Omon_AWI-CM-1-1-MR_historical_r1i1p1f1_gn_195101-196012.nc
	Remapping /maps/rt582/cmipper/.esgpull/data/CMIP6/CMIP/AWI/AWI-CM-1-1-MR/historical/r1i1p1f1/Omon/so/gn/v20181218/so_Omon_AWI-CM-1-1-MR_historical_r1i1p1f1_gn_188101-189012.nc -> /maps/rt582/cmipper/.esgpull/data/CMIP6/CMIP/AWI/AWI-CM-1-1-MR/historical/r1i1p1f1/Omon/so/gn/v20181218/remapped/so_Omon_AWI-CM-1-1-MR_historical_r1i1p1f1_gn_188101-189012.nc
Remapped: /maps/rt582/cmipper/.esgpull/data/CMIP6/CMIP/AWI/AWI-CM-1-1-MR/historical/r1i1p1f1/Omon/so/gn/v20181218/so_Omon_AWI-CM-1-1-MR_historical_r1i1p1f1_gn_188101-189012.nc -> /maps/rt582/cmipper/.esgpull/data/CMIP6/CMIP/AWI/AWI-CM-1-1-MR/historical/r1i1p1f1/Omon/so/gn/v20181218/remapped/so_Omon_AWI-CM-1-1-MR_historical_r1i1p1f1_gn_188101-189012.nc
	Remapping /maps/rt582/cmipper/.esgpull/data/CMIP6/CMIP/AWI/AWI-CM-1-1-MR/historical/r1i1p1f1/Omon/so/gn/v20181218/so_Omon_AWI-CM-1-1-MR_historical_r1i1p1f1_gn_186101-187012.nc -> /maps/rt582/cmipper/.esgpull/data/CMIP6/CMIP/AWI/AWI-CM-1-1-MR/historical/r1i1p1f1/Omon/so/gn/v20181218/remapped/so_Omon_AWI-CM-1-1-MR_historical_r1i1p1f1_gn_186101-187012.nc
Remapped: /maps/rt582/cmipper/.esgpull/data/CMIP6/CMIP/AWI/AWI-CM-1-1-MR/historical/r1i1p1f1/Omon/so/gn/v20181218/so_Omon_AWI-CM-1-1-MR_historical_r1i1p1f1_gn_186101-187012.nc -> /maps/rt582/cmipper/.esgpull/data/CMIP6/CMIP/AWI/AWI-CM-1-1-MR/historical/r1i1p1f1/Omon/so/gn/v20181218/remapped/so_Omon_AWI-CM-1-1-MR_historical_r1i1p1f1_gn_186101-187012.nc
	Remapping /maps/rt582/cmipper/.esgpull/data/CMIP6/CMIP/AWI/AWI-CM-1-1-MR/historical/r1i1p1f1/Omon/so/gn/v20181218/so_Omon_AWI-CM-1-1-MR_historical_r1i1p1f1_gn_200101-201012.nc -> /maps/rt582/cmipper/.esgpull/data/CMIP6/CMIP/AWI/AWI-CM-1-1-MR/historical/r1i1p1f1/Omon/so/gn/v20181218/remapped/so_Omon_AWI-CM-1-1-MR_historical_r1i1p1f1_gn_200101-201012.nc
Remapped: /maps/rt582/cmipper/.esgpull/data/CMIP6/CMIP/AWI/AWI-CM-1-1-MR/historical/r1i1p1f1/Omon/so/gn/v20181218/so_Omon_AWI-CM-1-1-MR_historical_r1i1p1f1_gn_200101-201012.nc -> /maps/rt582/cmipper/.esgpull/data/CMIP6/CMIP/AWI/AWI-CM-1-1-MR/historical/r1i1p1f1/Omon/so/gn/v20181218/remapped/so_Omon_AWI-CM-1-1-MR_historical_r1i1p1f1_gn_200101-201012.nc
	Remapping /maps/rt582/cmipper/.esgpull/data/CMIP6/CMIP/AWI/AWI-CM-1-1-MR/historical/r1i1p1f1/Omon/so/gn/v20181218/so_Omon_AWI-CM-1-1-MR_historical_r1i1p1f1_gn_185101-186012.nc -> /maps/rt582/cmipper/.esgpull/data/CMIP6/CMIP/AWI/AWI-CM-1-1-MR/historical/r1i1p1f1/Omon/so/gn/v20181218/remapped/so_Omon_AWI-CM-1-1-MR_historical_r1i1p1f1_gn_185101-186012.nc
Remapped: /maps/rt582/cmipper/.esgpull/data/CMIP6/CMIP/AWI/AWI-CM-1-1-MR/historical/r1i1p1f1/Omon/so/gn/v20181218/so_Omon_AWI-CM-1-1-MR_historical_r1i1p1f1_gn_185101-186012.nc -> /maps/rt582/cmipper/.esgpull/data/CMIP6/CMIP/AWI/AWI-CM-1-1-MR/historical/r1i1p1f1/Omon/so/gn/v20181218/remapped/so_Omon_AWI-CM-1-1-MR_historical_r1i1p1f1_gn_185101-186012.nc
	Remapping /maps/rt582/cmipper/.esgpull/data/CMIP6/CMIP/AWI/AWI-CM-1-1-MR/historical/r1i1p1f1/Omon/so/gn/v20181218/so_Omon_AWI-CM-1-1-MR_historical_r1i1p1f1_gn_196101-197012.nc -> /maps/rt582/cmipper/.esgpull/data/CMIP6/CMIP/AWI/AWI-CM-1-1-MR/historical/r1i1p1f1/Omon/so/gn/v20181218/remapped/so_Omon_AWI-CM-1-1-MR_historical_r1i1p1f1_gn_196101-197012.nc
Remapped: /maps/rt582/cmipper/.esgpull/data/CMIP6/CMIP/AWI/AWI-CM-1-1-MR/historical/r1i1p1f1/Omon/so/gn/v20181218/so_Omon_AWI-CM-1-1-MR_historical_r1i1p1f1_gn_196101-197012.nc -> /maps/rt582/cmipper/.esgpull/data/CMIP6/CMIP/AWI/AWI-CM-1-1-MR/historical/r1i1p1f1/Omon/so/gn/v20181218/remapped/so_Omon_AWI-CM-1-1-MR_historical_r1i1p1f1_gn_196101-197012.nc
	Remapping /maps/rt582/cmipper/.esgpull/data/CMIP6/CMIP/AWI/AWI-CM-1-1-MR/historical/r1i1p1f1/Omon/so/gn/v20181218/so_Omon_AWI-CM-1-1-MR_historical_r1i1p1f1_gn_201101-201412.nc -> /maps/rt582/cmipper/.esgpull/data/CMIP6/CMIP/AWI/AWI-CM-1-1-MR/historical/r1i1p1f1/Omon/so/gn/v20181218/remapped/so_Omon_AWI-CM-1-1-MR_historical_r1i1p1f1_gn_201101-201412.nc
Remapped: /maps/rt582/cmipper/.esgpull/data/CMIP6/CMIP/AWI/AWI-CM-1-1-MR/historical/r1i1p1f1/Omon/so/gn/v20181218/so_Omon_AWI-CM-1-1-MR_historical_r1i1p1f1_gn_201101-201412.nc -> /maps/rt582/cmipper/.esgpull/data/CMIP6/CMIP/AWI/AWI-CM-1-1-MR/historical/r1i1p1f1/Omon/so/gn/v20181218/remapped/so_Omon_AWI-CM-1-1-MR_historical_r1i1p1f1_gn_201101-201412.nc
	Remapping /maps/rt582/cmipper/.esgpull/data/CMIP6/CMIP/AWI/AWI-CM-1-1-MR/historical/r1i1p1f1/Omon/so/gn/v20181218/so_Omon_AWI-CM-1-1-MR_historical_r1i1p1f1_gn_198101-199012.nc -> /maps/rt582/cmipper/.esgpull/data/CMIP6/CMIP/AWI/AWI-CM-1-1-MR/historical/r1i1p1f1/Omon/so/gn/v20181218/remapped/so_Omon_AWI-CM-1-1-MR_historical_r1i1p1f1_gn_198101-199012.nc
Remapped: /maps/rt582/cmipper/.esgpull/data/CMIP6/CMIP/AWI/AWI-CM-1-1-MR/historical/r1i1p1f1/Omon/so/gn/v20181218/so_Omon_AWI-CM-1-1-MR_historical_r1i1p1f1_gn_198101-199012.nc -> /maps/rt582/cmipper/.esgpull/data/CMIP6/CMIP/AWI/AWI-CM-1-1-MR/historical/r1i1p1f1/Omon/so/gn/v20181218/remapped/so_Omon_AWI-CM-1-1-MR_historical_r1i1p1f1_gn_198101-199012.nc
Scanning directory: /maps/rt582/cmipper/.esgpull/data/CMIP6/CMIP/AWI/AWI-CM-1-1-MR/historical/r1i1p1f1/Omon/so/gn/v20181218/remapped
Skipping directory (filepath contains remapped/processed): /maps/rt582/cmipper/.esgpull/data/CMIP6/CMIP/AWI/AWI-CM-1-1-MR/historical/r1i1p1f1/Omon/so/gn/v20181218/remapped
Scanning directory: /maps/rt582/cmipper/.esgpull/data/CMIP6/CMIP/AWI/AWI-CM-1-1-MR/historical/r1i1p1f1/Omon/so
No .nc files found in /maps/rt582/cmipper/.esgpull/data/CMIP6/CMIP/AWI/AWI-CM-1-1-MR/historical/r1i1p1f1/Omon/so
cdo    remapcon: YAC first order conservative weights from unstructured (830305) to lonlat (1440x720) grid
cdo    remapcon: YAC first order conservative weights from unstructured (830305) to lonlat (1440x720) grid
cdo    remapcon: YAC first order conservative weights from unstructured (830305) to lonlat (1440x720) grid
cdo    remapcon: YAC first order conservative weights from unstructured (830305) to lonlat (1440x720) grid
cdo    remapcon: YAC first order conservative weights from unstructured (830305) to lonlat (1440x720) grid
cdo    remapcon: YAC first order conservative weights from unstructured (830305) to lonlat (1440x720) grid
cdo    remapcon: YAC first order conservative weights from unstructured (830305) to lonlat (1440x720) grid
cdo    remapcon: YAC first order conservative weights from unstructured (830305) to lonlat (1440x720) grid
cdo    remapcon: YAC first order conservative weights from unstructured (830305) to lonlat (1440x720) grid
cdo    remapcon: YAC first order conservative weights from unstructured (830305) to lonlat (1440x720) grid
cdo    remapcon: YAC first order conservative weights from unstructured (830305) to lonlat (1440x720) grid
cdo    remapcon: YAC first order conservative weights from unstructured (830305) to lonlat (1440x720) grid
cdo    remapcon: YAC first order conservative weights from unstructured (830305) to lonlat (1440x720) grid
cdo    remapcon: YAC first order conservative weights from unstructured (830305) to lonlat (1440x720) grid
cdo    remapcon: YAC first order conservative weights from unstructured (830305) to lonlat (1440x720) grid
cdo    remapcon: YAC first order conservative weights from unstructured (830305) to lonlat (1440x720) grid
cdo    remapcon: YAC first order conservative weights from unstructured (830305) to lonlat (1440x720) grid
cdo    remapcon: YAC first order conservative weights from unstructured (830305) to lonlat (1440x720) grid
Scanning directory: /maps/rt582/cmipper/.esgpull/data/CMIP6/CMIP/AWI/AWI-CM-1-1-MR/historical/r1i1p1f1/Omon/rsdo/gn
No .nc files found in /maps/rt582/cmipper/.esgpull/data/CMIP6/CMIP/AWI/AWI-CM-1-1-MR/historical/r1i1p1f1/Omon/rsdo/gn
Scanning directory: /maps/rt582/cmipper/.esgpull/data/CMIP6/CMIP/AWI/AWI-CM-1-1-MR/historical/r1i1p1f1/Omon/rsdo/gn/v20181218
	Remapping 18 files in /maps/rt582/cmipper/.esgpull/data/CMIP6/CMIP/AWI/AWI-CM-1-1-MR/historical/r1i1p1f1/Omon/rsdo/gn/v20181218
	Remapping 18 files in /maps/rt582/cmipper/.esgpull/data/CMIP6/CMIP/AWI/AWI-CM-1-1-MR/historical/r1i1p1f1/Omon/rsdo/gn/v20181218
	Remapping /maps/rt582/cmipper/.esgpull/data/CMIP6/CMIP/AWI/AWI-CM-1-1-MR/historical/r1i1p1f1/Omon/rsdo/gn/v20181218/rsdo_Omon_AWI-CM-1-1-MR_historical_r1i1p1f1_gn_192101-193012.nc -> /maps/rt582/cmipper/.esgpull/data/CMIP6/CMIP/AWI/AWI-CM-1-1-MR/historical/r1i1p1f1/Omon/rsdo/gn/v20181218/remapped/rsdo_Omon_AWI-CM-1-1-MR_historical_r1i1p1f1_gn_192101-193012.nc
Remapped: /maps/rt582/cmipper/.esgpull/data/CMIP6/CMIP/AWI/AWI-CM-1-1-MR/historical/r1i1p1f1/Omon/rsdo/gn/v20181218/rsdo_Omon_AWI-CM-1-1-MR_historical_r1i1p1f1_gn_192101-193012.nc -> /maps/rt582/cmipper/.esgpull/data/CMIP6/CMIP/AWI/AWI-CM-1-1-MR/historical/r1i1p1f1/Omon/rsdo/gn/v20181218/remapped/rsdo_Omon_AWI-CM-1-1-MR_historical_r1i1p1f1_gn_192101-193012.nc
	Remapping /maps/rt582/cmipper/.esgpull/data/CMIP6/CMIP/AWI/AWI-CM-1-1-MR/historical/r1i1p1f1/Omon/rsdo/gn/v20181218/rsdo_Omon_AWI-CM-1-1-MR_historical_r1i1p1f1_gn_185001-185012.nc -> /maps/rt582/cmipper/.esgpull/data/CMIP6/CMIP/AWI/AWI-CM-1-1-MR/historical/r1i1p1f1/Omon/rsdo/gn/v20181218/remapped/rsdo_Omon_AWI-CM-1-1-MR_historical_r1i1p1f1_gn_185001-185012.nc
Remapped: /maps/rt582/cmipper/.esgpull/data/CMIP6/CMIP/AWI/AWI-CM-1-1-MR/historical/r1i1p1f1/Omon/rsdo/gn/v20181218/rsdo_Omon_AWI-CM-1-1-MR_historical_r1i1p1f1_gn_185001-185012.nc -> /maps/rt582/cmipper/.esgpull/data/CMIP6/CMIP/AWI/AWI-CM-1-1-MR/historical/r1i1p1f1/Omon/rsdo/gn/v20181218/remapped/rsdo_Omon_AWI-CM-1-1-MR_historical_r1i1p1f1_gn_185001-185012.nc
	Remapping /maps/rt582/cmipper/.esgpull/data/CMIP6/CMIP/AWI/AWI-CM-1-1-MR/historical/r1i1p1f1/Omon/rsdo/gn/v20181218/rsdo_Omon_AWI-CM-1-1-MR_historical_r1i1p1f1_gn_191101-192012.nc -> /maps/rt582/cmipper/.esgpull/data/CMIP6/CMIP/AWI/AWI-CM-1-1-MR/historical/r1i1p1f1/Omon/rsdo/gn/v20181218/remapped/rsdo_Omon_AWI-CM-1-1-MR_historical_r1i1p1f1_gn_191101-192012.nc
Remapped: /maps/rt582/cmipper/.esgpull/data/CMIP6/CMIP/AWI/AWI-CM-1-1-MR/historical/r1i1p1f1/Omon/rsdo/gn/v20181218/rsdo_Omon_AWI-CM-1-1-MR_historical_r1i1p1f1_gn_191101-192012.nc -> /maps/rt582/cmipper/.esgpull/data/CMIP6/CMIP/AWI/AWI-CM-1-1-MR/historical/r1i1p1f1/Omon/rsdo/gn/v20181218/remapped/rsdo_Omon_AWI-CM-1-1-MR_historical_r1i1p1f1_gn_191101-192012.nc
	Remapping /maps/rt582/cmipper/.esgpull/data/CMIP6/CMIP/AWI/AWI-CM-1-1-MR/historical/r1i1p1f1/Omon/rsdo/gn/v20181218/rsdo_Omon_AWI-CM-1-1-MR_historical_r1i1p1f1_gn_190101-191012.nc -> /maps/rt582/cmipper/.esgpull/data/CMIP6/CMIP/AWI/AWI-CM-1-1-MR/historical/r1i1p1f1/Omon/rsdo/gn/v20181218/remapped/rsdo_Omon_AWI-CM-1-1-MR_historical_r1i1p1f1_gn_190101-191012.nc
Remapped: /maps/rt582/cmipper/.esgpull/data/CMIP6/CMIP/AWI/AWI-CM-1-1-MR/historical/r1i1p1f1/Omon/rsdo/gn/v20181218/rsdo_Omon_AWI-CM-1-1-MR_historical_r1i1p1f1_gn_190101-191012.nc -> /maps/rt582/cmipper/.esgpull/data/CMIP6/CMIP/AWI/AWI-CM-1-1-MR/historical/r1i1p1f1/Omon/rsdo/gn/v20181218/remapped/rsdo_Omon_AWI-CM-1-1-MR_historical_r1i1p1f1_gn_190101-191012.nc
	Remapping /maps/rt582/cmipper/.esgpull/data/CMIP6/CMIP/AWI/AWI-CM-1-1-MR/historical/r1i1p1f1/Omon/rsdo/gn/v20181218/rsdo_Omon_AWI-CM-1-1-MR_historical_r1i1p1f1_gn_195101-196012.nc -> /maps/rt582/cmipper/.esgpull/data/CMIP6/CMIP/AWI/AWI-CM-1-1-MR/historical/r1i1p1f1/Omon/rsdo/gn/v20181218/remapped/rsdo_Omon_AWI-CM-1-1-MR_historical_r1i1p1f1_gn_195101-196012.nc
Remapped: /maps/rt582/cmipper/.esgpull/data/CMIP6/CMIP/AWI/AWI-CM-1-1-MR/historical/r1i1p1f1/Omon/rsdo/gn/v20181218/rsdo_Omon_AWI-CM-1-1-MR_historical_r1i1p1f1_gn_195101-196012.nc -> /maps/rt582/cmipper/.esgpull/data/CMIP6/CMIP/AWI/AWI-CM-1-1-MR/historical/r1i1p1f1/Omon/rsdo/gn/v20181218/remapped/rsdo_Omon_AWI-CM-1-1-MR_historical_r1i1p1f1_gn_195101-196012.nc
	Remapping /maps/rt582/cmipper/.esgpull/data/CMIP6/CMIP/AWI/AWI-CM-1-1-MR/historical/r1i1p1f1/Omon/rsdo/gn/v20181218/rsdo_Omon_AWI-CM-1-1-MR_historical_r1i1p1f1_gn_186101-187012.nc -> /maps/rt582/cmipper/.esgpull/data/CMIP6/CMIP/AWI/AWI-CM-1-1-MR/historical/r1i1p1f1/Omon/rsdo/gn/v20181218/remapped/rsdo_Omon_AWI-CM-1-1-MR_historical_r1i1p1f1_gn_186101-187012.nc
Remapped: /maps/rt582/cmipper/.esgpull/data/CMIP6/CMIP/AWI/AWI-CM-1-1-MR/historical/r1i1p1f1/Omon/rsdo/gn/v20181218/rsdo_Omon_AWI-CM-1-1-MR_historical_r1i1p1f1_gn_186101-187012.nc -> /maps/rt582/cmipper/.esgpull/data/CMIP6/CMIP/AWI/AWI-CM-1-1-MR/historical/r1i1p1f1/Omon/rsdo/gn/v20181218/remapped/rsdo_Omon_AWI-CM-1-1-MR_historical_r1i1p1f1_gn_186101-187012.nc
	Remapping /maps/rt582/cmipper/.esgpull/data/CMIP6/CMIP/AWI/AWI-CM-1-1-MR/historical/r1i1p1f1/Omon/rsdo/gn/v20181218/rsdo_Omon_AWI-CM-1-1-MR_historical_r1i1p1f1_gn_188101-189012.nc -> /maps/rt582/cmipper/.esgpull/data/CMIP6/CMIP/AWI/AWI-CM-1-1-MR/historical/r1i1p1f1/Omon/rsdo/gn/v20181218/remapped/rsdo_Omon_AWI-CM-1-1-MR_historical_r1i1p1f1_gn_188101-189012.nc
Remapped: /maps/rt582/cmipper/.esgpull/data/CMIP6/CMIP/AWI/AWI-CM-1-1-MR/historical/r1i1p1f1/Omon/rsdo/gn/v20181218/rsdo_Omon_AWI-CM-1-1-MR_historical_r1i1p1f1_gn_188101-189012.nc -> /maps/rt582/cmipper/.esgpull/data/CMIP6/CMIP/AWI/AWI-CM-1-1-MR/historical/r1i1p1f1/Omon/rsdo/gn/v20181218/remapped/rsdo_Omon_AWI-CM-1-1-MR_historical_r1i1p1f1_gn_188101-189012.nc
	Remapping /maps/rt582/cmipper/.esgpull/data/CMIP6/CMIP/AWI/AWI-CM-1-1-MR/historical/r1i1p1f1/Omon/rsdo/gn/v20181218/rsdo_Omon_AWI-CM-1-1-MR_historical_r1i1p1f1_gn_185101-186012.nc -> /maps/rt582/cmipper/.esgpull/data/CMIP6/CMIP/AWI/AWI-CM-1-1-MR/historical/r1i1p1f1/Omon/rsdo/gn/v20181218/remapped/rsdo_Omon_AWI-CM-1-1-MR_historical_r1i1p1f1_gn_185101-186012.nc
Remapped: /maps/rt582/cmipper/.esgpull/data/CMIP6/CMIP/AWI/AWI-CM-1-1-MR/historical/r1i1p1f1/Omon/rsdo/gn/v20181218/rsdo_Omon_AWI-CM-1-1-MR_historical_r1i1p1f1_gn_185101-186012.nc -> /maps/rt582/cmipper/.esgpull/data/CMIP6/CMIP/AWI/AWI-CM-1-1-MR/historical/r1i1p1f1/Omon/rsdo/gn/v20181218/remapped/rsdo_Omon_AWI-CM-1-1-MR_historical_r1i1p1f1_gn_185101-186012.nc
	Remapping /maps/rt582/cmipper/.esgpull/data/CMIP6/CMIP/AWI/AWI-CM-1-1-MR/historical/r1i1p1f1/Omon/rsdo/gn/v20181218/rsdo_Omon_AWI-CM-1-1-MR_historical_r1i1p1f1_gn_200101-201012.nc -> /maps/rt582/cmipper/.esgpull/data/CMIP6/CMIP/AWI/AWI-CM-1-1-MR/historical/r1i1p1f1/Omon/rsdo/gn/v20181218/remapped/rsdo_Omon_AWI-CM-1-1-MR_historical_r1i1p1f1_gn_200101-201012.nc
Remapped: /maps/rt582/cmipper/.esgpull/data/CMIP6/CMIP/AWI/AWI-CM-1-1-MR/historical/r1i1p1f1/Omon/rsdo/gn/v20181218/rsdo_Omon_AWI-CM-1-1-MR_historical_r1i1p1f1_gn_200101-201012.nc -> /maps/rt582/cmipper/.esgpull/data/CMIP6/CMIP/AWI/AWI-CM-1-1-MR/historical/r1i1p1f1/Omon/rsdo/gn/v20181218/remapped/rsdo_Omon_AWI-CM-1-1-MR_historical_r1i1p1f1_gn_200101-201012.nc
	Remapping /maps/rt582/cmipper/.esgpull/data/CMIP6/CMIP/AWI/AWI-CM-1-1-MR/historical/r1i1p1f1/Omon/rsdo/gn/v20181218/rsdo_Omon_AWI-CM-1-1-MR_historical_r1i1p1f1_gn_201101-201412.nc -> /maps/rt582/cmipper/.esgpull/data/CMIP6/CMIP/AWI/AWI-CM-1-1-MR/historical/r1i1p1f1/Omon/rsdo/gn/v20181218/remapped/rsdo_Omon_AWI-CM-1-1-MR_historical_r1i1p1f1_gn_201101-201412.nc
Remapped: /maps/rt582/cmipper/.esgpull/data/CMIP6/CMIP/AWI/AWI-CM-1-1-MR/historical/r1i1p1f1/Omon/rsdo/gn/v20181218/rsdo_Omon_AWI-CM-1-1-MR_historical_r1i1p1f1_gn_201101-201412.nc -> /maps/rt582/cmipper/.esgpull/data/CMIP6/CMIP/AWI/AWI-CM-1-1-MR/historical/r1i1p1f1/Omon/rsdo/gn/v20181218/remapped/rsdo_Omon_AWI-CM-1-1-MR_historical_r1i1p1f1_gn_201101-201412.nc
	Remapping /maps/rt582/cmipper/.esgpull/data/CMIP6/CMIP/AWI/AWI-CM-1-1-MR/historical/r1i1p1f1/Omon/rsdo/gn/v20181218/rsdo_Omon_AWI-CM-1-1-MR_historical_r1i1p1f1_gn_198101-199012.nc -> /maps/rt582/cmipper/.esgpull/data/CMIP6/CMIP/AWI/AWI-CM-1-1-MR/historical/r1i1p1f1/Omon/rsdo/gn/v20181218/remapped/rsdo_Omon_AWI-CM-1-1-MR_historical_r1i1p1f1_gn_198101-199012.nc
Remapped: /maps/rt582/cmipper/.esgpull/data/CMIP6/CMIP/AWI/AWI-CM-1-1-MR/historical/r1i1p1f1/Omon/rsdo/gn/v20181218/rsdo_Omon_AWI-CM-1-1-MR_historical_r1i1p1f1_gn_198101-199012.nc -> /maps/rt582/cmipper/.esgpull/data/CMIP6/CMIP/AWI/AWI-CM-1-1-MR/historical/r1i1p1f1/Omon/rsdo/gn/v20181218/remapped/rsdo_Omon_AWI-CM-1-1-MR_historical_r1i1p1f1_gn_198101-199012.nc
	Remapping /maps/rt582/cmipper/.esgpull/data/CMIP6/CMIP/AWI/AWI-CM-1-1-MR/historical/r1i1p1f1/Omon/rsdo/gn/v20181218/rsdo_Omon_AWI-CM-1-1-MR_historical_r1i1p1f1_gn_196101-197012.nc -> /maps/rt582/cmipper/.esgpull/data/CMIP6/CMIP/AWI/AWI-CM-1-1-MR/historical/r1i1p1f1/Omon/rsdo/gn/v20181218/remapped/rsdo_Omon_AWI-CM-1-1-MR_historical_r1i1p1f1_gn_196101-197012.nc
Remapped: /maps/rt582/cmipper/.esgpull/data/CMIP6/CMIP/AWI/AWI-CM-1-1-MR/historical/r1i1p1f1/Omon/rsdo/gn/v20181218/rsdo_Omon_AWI-CM-1-1-MR_historical_r1i1p1f1_gn_196101-197012.nc -> /maps/rt582/cmipper/.esgpull/data/CMIP6/CMIP/AWI/AWI-CM-1-1-MR/historical/r1i1p1f1/Omon/rsdo/gn/v20181218/remapped/rsdo_Omon_AWI-CM-1-1-MR_historical_r1i1p1f1_gn_196101-197012.nc
	Remapping /maps/rt582/cmipper/.esgpull/data/CMIP6/CMIP/AWI/AWI-CM-1-1-MR/historical/r1i1p1f1/Omon/rsdo/gn/v20181218/rsdo_Omon_AWI-CM-1-1-MR_historical_r1i1p1f1_gn_197101-198012.nc -> /maps/rt582/cmipper/.esgpull/data/CMIP6/CMIP/AWI/AWI-CM-1-1-MR/historical/r1i1p1f1/Omon/rsdo/gn/v20181218/remapped/rsdo_Omon_AWI-CM-1-1-MR_historical_r1i1p1f1_gn_197101-198012.nc
Remapped: /maps/rt582/cmipper/.esgpull/data/CMIP6/CMIP/AWI/AWI-CM-1-1-MR/historical/r1i1p1f1/Omon/rsdo/gn/v20181218/rsdo_Omon_AWI-CM-1-1-MR_historical_r1i1p1f1_gn_197101-198012.nc -> /maps/rt582/cmipper/.esgpull/data/CMIP6/CMIP/AWI/AWI-CM-1-1-MR/historical/r1i1p1f1/Omon/rsdo/gn/v20181218/remapped/rsdo_Omon_AWI-CM-1-1-MR_historical_r1i1p1f1_gn_197101-198012.nc
	Remapping /maps/rt582/cmipper/.esgpull/data/CMIP6/CMIP/AWI/AWI-CM-1-1-MR/historical/r1i1p1f1/Omon/rsdo/gn/v20181218/rsdo_Omon_AWI-CM-1-1-MR_historical_r1i1p1f1_gn_194101-195012.nc -> /maps/rt582/cmipper/.esgpull/data/CMIP6/CMIP/AWI/AWI-CM-1-1-MR/historical/r1i1p1f1/Omon/rsdo/gn/v20181218/remapped/rsdo_Omon_AWI-CM-1-1-MR_historical_r1i1p1f1_gn_194101-195012.nc
Remapped: /maps/rt582/cmipper/.esgpull/data/CMIP6/CMIP/AWI/AWI-CM-1-1-MR/historical/r1i1p1f1/Omon/rsdo/gn/v20181218/rsdo_Omon_AWI-CM-1-1-MR_historical_r1i1p1f1_gn_194101-195012.nc -> /maps/rt582/cmipper/.esgpull/data/CMIP6/CMIP/AWI/AWI-CM-1-1-MR/historical/r1i1p1f1/Omon/rsdo/gn/v20181218/remapped/rsdo_Omon_AWI-CM-1-1-MR_historical_r1i1p1f1_gn_194101-195012.nc
	Remapping /maps/rt582/cmipper/.esgpull/data/CMIP6/CMIP/AWI/AWI-CM-1-1-MR/historical/r1i1p1f1/Omon/rsdo/gn/v20181218/rsdo_Omon_AWI-CM-1-1-MR_historical_r1i1p1f1_gn_193101-194012.nc -> /maps/rt582/cmipper/.esgpull/data/CMIP6/CMIP/AWI/AWI-CM-1-1-MR/historical/r1i1p1f1/Omon/rsdo/gn/v20181218/remapped/rsdo_Omon_AWI-CM-1-1-MR_historical_r1i1p1f1_gn_193101-194012.nc
Remapped: /maps/rt582/cmipper/.esgpull/data/CMIP6/CMIP/AWI/AWI-CM-1-1-MR/historical/r1i1p1f1/Omon/rsdo/gn/v20181218/rsdo_Omon_AWI-CM-1-1-MR_historical_r1i1p1f1_gn_193101-194012.nc -> /maps/rt582/cmipper/.esgpull/data/CMIP6/CMIP/AWI/AWI-CM-1-1-MR/historical/r1i1p1f1/Omon/rsdo/gn/v20181218/remapped/rsdo_Omon_AWI-CM-1-1-MR_historical_r1i1p1f1_gn_193101-194012.nc
	Remapping /maps/rt582/cmipper/.esgpull/data/CMIP6/CMIP/AWI/AWI-CM-1-1-MR/historical/r1i1p1f1/Omon/rsdo/gn/v20181218/rsdo_Omon_AWI-CM-1-1-MR_historical_r1i1p1f1_gn_189101-190012.nc -> /maps/rt582/cmipper/.esgpull/data/CMIP6/CMIP/AWI/AWI-CM-1-1-MR/historical/r1i1p1f1/Omon/rsdo/gn/v20181218/remapped/rsdo_Omon_AWI-CM-1-1-MR_historical_r1i1p1f1_gn_189101-190012.nc
Remapped: /maps/rt582/cmipper/.esgpull/data/CMIP6/CMIP/AWI/AWI-CM-1-1-MR/historical/r1i1p1f1/Omon/rsdo/gn/v20181218/rsdo_Omon_AWI-CM-1-1-MR_historical_r1i1p1f1_gn_189101-190012.nc -> /maps/rt582/cmipper/.esgpull/data/CMIP6/CMIP/AWI/AWI-CM-1-1-MR/historical/r1i1p1f1/Omon/rsdo/gn/v20181218/remapped/rsdo_Omon_AWI-CM-1-1-MR_historical_r1i1p1f1_gn_189101-190012.nc
	Remapping /maps/rt582/cmipper/.esgpull/data/CMIP6/CMIP/AWI/AWI-CM-1-1-MR/historical/r1i1p1f1/Omon/rsdo/gn/v20181218/rsdo_Omon_AWI-CM-1-1-MR_historical_r1i1p1f1_gn_199101-200012.nc -> /maps/rt582/cmipper/.esgpull/data/CMIP6/CMIP/AWI/AWI-CM-1-1-MR/historical/r1i1p1f1/Omon/rsdo/gn/v20181218/remapped/rsdo_Omon_AWI-CM-1-1-MR_historical_r1i1p1f1_gn_199101-200012.nc
Remapped: /maps/rt582/cmipper/.esgpull/data/CMIP6/CMIP/AWI/AWI-CM-1-1-MR/historical/r1i1p1f1/Omon/rsdo/gn/v20181218/rsdo_Omon_AWI-CM-1-1-MR_historical_r1i1p1f1_gn_199101-200012.nc -> /maps/rt582/cmipper/.esgpull/data/CMIP6/CMIP/AWI/AWI-CM-1-1-MR/historical/r1i1p1f1/Omon/rsdo/gn/v20181218/remapped/rsdo_Omon_AWI-CM-1-1-MR_historical_r1i1p1f1_gn_199101-200012.nc
	Remapping /maps/rt582/cmipper/.esgpull/data/CMIP6/CMIP/AWI/AWI-CM-1-1-MR/historical/r1i1p1f1/Omon/rsdo/gn/v20181218/rsdo_Omon_AWI-CM-1-1-MR_historical_r1i1p1f1_gn_187101-188012.nc -> /maps/rt582/cmipper/.esgpull/data/CMIP6/CMIP/AWI/AWI-CM-1-1-MR/historical/r1i1p1f1/Omon/rsdo/gn/v20181218/remapped/rsdo_Omon_AWI-CM-1-1-MR_historical_r1i1p1f1_gn_187101-188012.nc
Remapped: /maps/rt582/cmipper/.esgpull/data/CMIP6/CMIP/AWI/AWI-CM-1-1-MR/historical/r1i1p1f1/Omon/rsdo/gn/v20181218/rsdo_Omon_AWI-CM-1-1-MR_historical_r1i1p1f1_gn_187101-188012.nc -> /maps/rt582/cmipper/.esgpull/data/CMIP6/CMIP/AWI/AWI-CM-1-1-MR/historical/r1i1p1f1/Omon/rsdo/gn/v20181218/remapped/rsdo_Omon_AWI-CM-1-1-MR_historical_r1i1p1f1_gn_187101-188012.nc
Scanning directory: /maps/rt582/cmipper/.esgpull/data/CMIP6/CMIP/AWI/AWI-CM-1-1-MR/historical/r1i1p1f1/Omon/rsdo/gn/v20181218/remapped
Skipping directory (filepath contains remapped/processed): /maps/rt582/cmipper/.esgpull/data/CMIP6/CMIP/AWI/AWI-CM-1-1-MR/historical/r1i1p1f1/Omon/rsdo/gn/v20181218/remapped
Scanning directory: /maps/rt582/cmipper/.esgpull/data/CMIP6/CMIP/AWI/AWI-CM-1-1-MR/historical/r1i1p1f1/Omon/rsdo
No .nc files found in /maps/rt582/cmipper/.esgpull/data/CMIP6/CMIP/AWI/AWI-CM-1-1-MR/historical/r1i1p1f1/Omon/rsdo
cdo    remapcon: YAC first order conservative weights from unstructured (830305) to lonlat (1440x720) grid
cdo    remapcon: YAC first order conservative weights from unstructured (830305) to lonlat (1440x720) grid
cdo    remapcon: YAC first order conservative weights from unstructured (830305) to lonlat (1440x720) grid
cdo    remapcon: YAC first order conservative weights from unstructured (830305) to lonlat (1440x720) grid
cdo    remapcon: YAC first order conservative weights from unstructured (830305) to lonlat (1440x720) grid
cdo    remapcon: YAC first order conservative weights from unstructured (830305) to lonlat (1440x720) grid
cdo    remapcon: YAC first order conservative weights from unstructured (830305) to lonlat (1440x720) grid
cdo    remapcon: YAC first order conservative weights from unstructured (830305) to lonlat (1440x720) grid
cdo    remapcon: YAC first order conservative weights from unstructured (830305) to lonlat (1440x720) grid
cdo    remapcon: YAC first order conservative weights from unstructured (830305) to lonlat (1440x720) grid
cdo    remapcon: YAC first order conservative weights from unstructured (830305) to lonlat (1440x720) grid
cdo    remapcon: YAC first order conservative weights from unstructured (830305) to lonlat (1440x720) grid
cdo    remapcon: YAC first order conservative weights from unstructured (830305) to lonlat (1440x720) grid
cdo    remapcon: YAC first order conservative weights from unstructured (830305) to lonlat (1440x720) grid
cdo    remapcon: YAC first order conservative weights from unstructured (830305) to lonlat (1440x720) grid
cdo    remapcon: YAC first order conservative weights from unstructured (830305) to lonlat (1440x720) grid
cdo    remapcon: YAC first order conservative weights from unstructured (830305) to lonlat (1440x720) grid
cdo    remapcon: YAC first order conservative weights from unstructured (830305) to lonlat (1440x720) grid
cdo    remapcon: YAC first order conservative weights from unstructured (830305) to lonlat (1440x720) grid
cdo    remapcon: YAC first order conservative weights from unstructured (830305) to lonlat (1440x720) grid
cdo    remapcon: YAC first order conservative weights from unstructured (830305) to lonlat (1440x720) grid
cdo    remapcon: YAC first order conservative weights from unstructured (830305) to lonlat (1440x720) grid
cdo    remapcon: YAC first order conservative weights from unstructured (830305) to lonlat (1440x720) grid
cdo    remapcon: YAC first order conservative weights from unstructured (830305) to lonlat (1440x720) grid
cdo    remapcon: YAC first order conservative weights from unstructured (830305) to lonlat (1440x720) grid
cdo    remapcon: YAC first order conservative weights from unstructured (830305) to lonlat (1440x720) grid
cdo    remapcon: YAC first order conservative weights from unstructured (830305) to lonlat (1440x720) grid
cdo    remapcon: YAC first order conservative weights from unstructured (830305) to lonlat (1440x720) grid
cdo    remapcon: YAC first order conservative weights from unstructured (830305) to lonlat (1440x720) grid
cdo    remapcon: YAC first order conservative weights from unstructured (830305) to lonlat (1440x720) grid
cdo    remapcon: YAC first order conservative weights from unstructured (830305) to lonlat (1440x720) grid
cdo    remapcon: YAC first order conservative weights from unstructured (830305) to lonlat (1440x720) grid
cdo    remapcon: YAC first order conservative weights from unstructured (830305) to lonlat (1440x720) grid
cdo    remapcon: YAC first order conservative weights from unstructured (830305) to lonlat (1440x720) grid
cdo    remapcon: YAC first order conservative weights from unstructured (830305) to lonlat (1440x720) grid
cdo    remapcon: YAC first order conservative weights from unstructured (830305) to lonlat (1440x720) grid
cdo    remapcon: YAC first order conservative weights from unstructured (830305) to lonlat (1440x720) grid
cdo    remapcon: YAC first order conservative weights from unstructured (830305) to lonlat (1440x720) grid
cdo    remapcon: YAC first order conservative weights from unstructured (830305) to lonlat (1440x720) grid
cdo    remapcon: YAC first order conservative weights from unstructured (830305) to lonlat (1440x720) grid
cdo    remapcon: YAC first order conservative weights from unstructured (830305) to lonlat (1440x720) grid
Scanning directory: /maps/rt582/cmipper/.esgpull/data/CMIP6/ScenarioMIP/AWI/AWI-CM-1-1-MR/ssp126
No .nc files found in /maps/rt582/cmipper/.esgpull/data/CMIP6/ScenarioMIP/AWI/AWI-CM-1-1-MR/ssp126
Scanning directory: /maps/rt582/cmipper/.esgpull/data/CMIP6/ScenarioMIP/AWI/AWI-CM-1-1-MR/ssp585
No .nc files found in /maps/rt582/cmipper/.esgpull/data/CMIP6/ScenarioMIP/AWI/AWI-CM-1-1-MR/ssp585
Scanning directory: /maps/rt582/cmipper/.esgpull/data/CMIP6/ScenarioMIP/AWI/AWI-CM-1-1-MR/ssp245
No .nc files found in /maps/rt582/cmipper/.esgpull/data/CMIP6/ScenarioMIP/AWI/AWI-CM-1-1-MR/ssp245
Scanning directory: /maps/rt582/cmipper/.esgpull/data/CMIP6/ScenarioMIP/AWI/AWI-CM-1-1-MR/ssp370
No .nc files found in /maps/rt582/cmipper/.esgpull/data/CMIP6/ScenarioMIP/AWI/AWI-CM-1-1-MR/ssp370
Scanning directory: /maps/rt582/cmipper/.esgpull/data/CMIP6/ScenarioMIP/AWI/AWI-CM-1-1-MR/ssp126/r1i1p1f1
No .nc files found in /maps/rt582/cmipper/.esgpull/data/CMIP6/ScenarioMIP/AWI/AWI-CM-1-1-MR/ssp126/r1i1p1f1
Scanning directory: /maps/rt582/cmipper/.esgpull/data/CMIP6/ScenarioMIP/AWI/AWI-CM-1-1-MR/ssp585/r1i1p1f1
No .nc files found in /maps/rt582/cmipper/.esgpull/data/CMIP6/ScenarioMIP/AWI/AWI-CM-1-1-MR/ssp585/r1i1p1f1
Scanning directory: /maps/rt582/cmipper/.esgpull/data/CMIP6/ScenarioMIP/AWI/AWI-CM-1-1-MR/ssp245/r1i1p1f1
No .nc files found in /maps/rt582/cmipper/.esgpull/data/CMIP6/ScenarioMIP/AWI/AWI-CM-1-1-MR/ssp245/r1i1p1f1
Scanning directory: /maps/rt582/cmipper/.esgpull/data/CMIP6/ScenarioMIP/AWI/AWI-CM-1-1-MR/ssp370/r1i1p1f1
No .nc files found in /maps/rt582/cmipper/.esgpull/data/CMIP6/ScenarioMIP/AWI/AWI-CM-1-1-MR/ssp370/r1i1p1f1
Scanning directory: /maps/rt582/cmipper/.esgpull/data/CMIP6/ScenarioMIP/AWI/AWI-CM-1-1-MR/ssp126/r1i1p1f1/Omon
No .nc files found in /maps/rt582/cmipper/.esgpull/data/CMIP6/ScenarioMIP/AWI/AWI-CM-1-1-MR/ssp126/r1i1p1f1/Omon
Scanning directory: /maps/rt582/cmipper/.esgpull/data/CMIP6/ScenarioMIP/AWI/AWI-CM-1-1-MR/ssp126/r1i1p1f1/Omon/rsdo
No .nc files found in /maps/rt582/cmipper/.esgpull/data/CMIP6/ScenarioMIP/AWI/AWI-CM-1-1-MR/ssp126/r1i1p1f1/Omon/rsdo
Scanning directory: /maps/rt582/cmipper/.esgpull/data/CMIP6/ScenarioMIP/AWI/AWI-CM-1-1-MR/ssp126/r1i1p1f1/Omon/tos
No .nc files found in /maps/rt582/cmipper/.esgpull/data/CMIP6/ScenarioMIP/AWI/AWI-CM-1-1-MR/ssp126/r1i1p1f1/Omon/tos
Scanning directory: /maps/rt582/cmipper/.esgpull/data/CMIP6/ScenarioMIP/AWI/AWI-CM-1-1-MR/ssp126/r1i1p1f1/Omon/rsdo/gn
No .nc files found in /maps/rt582/cmipper/.esgpull/data/CMIP6/ScenarioMIP/AWI/AWI-CM-1-1-MR/ssp126/r1i1p1f1/Omon/rsdo/gn
Scanning directory: /maps/rt582/cmipper/.esgpull/data/CMIP6/ScenarioMIP/AWI/AWI-CM-1-1-MR/ssp126/r1i1p1f1/Omon/tos/gn
No .nc files found in /maps/rt582/cmipper/.esgpull/data/CMIP6/ScenarioMIP/AWI/AWI-CM-1-1-MR/ssp126/r1i1p1f1/Omon/tos/gn
Scanning directory: /maps/rt582/cmipper/.esgpull/data/CMIP6/ScenarioMIP/AWI/AWI-CM-1-1-MR/ssp126/r1i1p1f1/Omon/rsdo/gn/v20181218
	Remapping 9 files in /maps/rt582/cmipper/.esgpull/data/CMIP6/ScenarioMIP/AWI/AWI-CM-1-1-MR/ssp126/r1i1p1f1/Omon/rsdo/gn/v20181218
	Remapping 9 files in /maps/rt582/cmipper/.esgpull/data/CMIP6/ScenarioMIP/AWI/AWI-CM-1-1-MR/ssp126/r1i1p1f1/Omon/rsdo/gn/v20181218
	Remapping /maps/rt582/cmipper/.esgpull/data/CMIP6/ScenarioMIP/AWI/AWI-CM-1-1-MR/ssp126/r1i1p1f1/Omon/rsdo/gn/v20181218/rsdo_Omon_AWI-CM-1-1-MR_ssp126_r1i1p1f1_gn_202101-203012.nc -> /maps/rt582/cmipper/.esgpull/data/CMIP6/ScenarioMIP/AWI/AWI-CM-1-1-MR/ssp126/r1i1p1f1/Omon/rsdo/gn/v20181218/remapped/rsdo_Omon_AWI-CM-1-1-MR_ssp126_r1i1p1f1_gn_202101-203012.nc
Remapped: /maps/rt582/cmipper/.esgpull/data/CMIP6/ScenarioMIP/AWI/AWI-CM-1-1-MR/ssp126/r1i1p1f1/Omon/rsdo/gn/v20181218/rsdo_Omon_AWI-CM-1-1-MR_ssp126_r1i1p1f1_gn_202101-203012.nc -> /maps/rt582/cmipper/.esgpull/data/CMIP6/ScenarioMIP/AWI/AWI-CM-1-1-MR/ssp126/r1i1p1f1/Omon/rsdo/gn/v20181218/remapped/rsdo_Omon_AWI-CM-1-1-MR_ssp126_r1i1p1f1_gn_202101-203012.nc
	Remapping /maps/rt582/cmipper/.esgpull/data/CMIP6/ScenarioMIP/AWI/AWI-CM-1-1-MR/ssp126/r1i1p1f1/Omon/rsdo/gn/v20181218/rsdo_Omon_AWI-CM-1-1-MR_ssp126_r1i1p1f1_gn_201501-202012.nc -> /maps/rt582/cmipper/.esgpull/data/CMIP6/ScenarioMIP/AWI/AWI-CM-1-1-MR/ssp126/r1i1p1f1/Omon/rsdo/gn/v20181218/remapped/rsdo_Omon_AWI-CM-1-1-MR_ssp126_r1i1p1f1_gn_201501-202012.nc
Remapped: /maps/rt582/cmipper/.esgpull/data/CMIP6/ScenarioMIP/AWI/AWI-CM-1-1-MR/ssp126/r1i1p1f1/Omon/rsdo/gn/v20181218/rsdo_Omon_AWI-CM-1-1-MR_ssp126_r1i1p1f1_gn_201501-202012.nc -> /maps/rt582/cmipper/.esgpull/data/CMIP6/ScenarioMIP/AWI/AWI-CM-1-1-MR/ssp126/r1i1p1f1/Omon/rsdo/gn/v20181218/remapped/rsdo_Omon_AWI-CM-1-1-MR_ssp126_r1i1p1f1_gn_201501-202012.nc
	Remapping /maps/rt582/cmipper/.esgpull/data/CMIP6/ScenarioMIP/AWI/AWI-CM-1-1-MR/ssp126/r1i1p1f1/Omon/rsdo/gn/v20181218/rsdo_Omon_AWI-CM-1-1-MR_ssp126_r1i1p1f1_gn_206101-207012.nc -> /maps/rt582/cmipper/.esgpull/data/CMIP6/ScenarioMIP/AWI/AWI-CM-1-1-MR/ssp126/r1i1p1f1/Omon/rsdo/gn/v20181218/remapped/rsdo_Omon_AWI-CM-1-1-MR_ssp126_r1i1p1f1_gn_206101-207012.nc
Remapped: /maps/rt582/cmipper/.esgpull/data/CMIP6/ScenarioMIP/AWI/AWI-CM-1-1-MR/ssp126/r1i1p1f1/Omon/rsdo/gn/v20181218/rsdo_Omon_AWI-CM-1-1-MR_ssp126_r1i1p1f1_gn_206101-207012.nc -> /maps/rt582/cmipper/.esgpull/data/CMIP6/ScenarioMIP/AWI/AWI-CM-1-1-MR/ssp126/r1i1p1f1/Omon/rsdo/gn/v20181218/remapped/rsdo_Omon_AWI-CM-1-1-MR_ssp126_r1i1p1f1_gn_206101-207012.nc
	Remapping /maps/rt582/cmipper/.esgpull/data/CMIP6/ScenarioMIP/AWI/AWI-CM-1-1-MR/ssp126/r1i1p1f1/Omon/rsdo/gn/v20181218/rsdo_Omon_AWI-CM-1-1-MR_ssp126_r1i1p1f1_gn_208101-209012.nc -> /maps/rt582/cmipper/.esgpull/data/CMIP6/ScenarioMIP/AWI/AWI-CM-1-1-MR/ssp126/r1i1p1f1/Omon/rsdo/gn/v20181218/remapped/rsdo_Omon_AWI-CM-1-1-MR_ssp126_r1i1p1f1_gn_208101-209012.nc
Remapped: /maps/rt582/cmipper/.esgpull/data/CMIP6/ScenarioMIP/AWI/AWI-CM-1-1-MR/ssp126/r1i1p1f1/Omon/rsdo/gn/v20181218/rsdo_Omon_AWI-CM-1-1-MR_ssp126_r1i1p1f1_gn_208101-209012.nc -> /maps/rt582/cmipper/.esgpull/data/CMIP6/ScenarioMIP/AWI/AWI-CM-1-1-MR/ssp126/r1i1p1f1/Omon/rsdo/gn/v20181218/remapped/rsdo_Omon_AWI-CM-1-1-MR_ssp126_r1i1p1f1_gn_208101-209012.nc
	Remapping /maps/rt582/cmipper/.esgpull/data/CMIP6/ScenarioMIP/AWI/AWI-CM-1-1-MR/ssp126/r1i1p1f1/Omon/rsdo/gn/v20181218/rsdo_Omon_AWI-CM-1-1-MR_ssp126_r1i1p1f1_gn_205101-206012.nc -> /maps/rt582/cmipper/.esgpull/data/CMIP6/ScenarioMIP/AWI/AWI-CM-1-1-MR/ssp126/r1i1p1f1/Omon/rsdo/gn/v20181218/remapped/rsdo_Omon_AWI-CM-1-1-MR_ssp126_r1i1p1f1_gn_205101-206012.nc
Remapped: /maps/rt582/cmipper/.esgpull/data/CMIP6/ScenarioMIP/AWI/AWI-CM-1-1-MR/ssp126/r1i1p1f1/Omon/rsdo/gn/v20181218/rsdo_Omon_AWI-CM-1-1-MR_ssp126_r1i1p1f1_gn_205101-206012.nc -> /maps/rt582/cmipper/.esgpull/data/CMIP6/ScenarioMIP/AWI/AWI-CM-1-1-MR/ssp126/r1i1p1f1/Omon/rsdo/gn/v20181218/remapped/rsdo_Omon_AWI-CM-1-1-MR_ssp126_r1i1p1f1_gn_205101-206012.nc
	Remapping /maps/rt582/cmipper/.esgpull/data/CMIP6/ScenarioMIP/AWI/AWI-CM-1-1-MR/ssp126/r1i1p1f1/Omon/rsdo/gn/v20181218/rsdo_Omon_AWI-CM-1-1-MR_ssp126_r1i1p1f1_gn_204101-205012.nc -> /maps/rt582/cmipper/.esgpull/data/CMIP6/ScenarioMIP/AWI/AWI-CM-1-1-MR/ssp126/r1i1p1f1/Omon/rsdo/gn/v20181218/remapped/rsdo_Omon_AWI-CM-1-1-MR_ssp126_r1i1p1f1_gn_204101-205012.nc
Remapped: /maps/rt582/cmipper/.esgpull/data/CMIP6/ScenarioMIP/AWI/AWI-CM-1-1-MR/ssp126/r1i1p1f1/Omon/rsdo/gn/v20181218/rsdo_Omon_AWI-CM-1-1-MR_ssp126_r1i1p1f1_gn_204101-205012.nc -> /maps/rt582/cmipper/.esgpull/data/CMIP6/ScenarioMIP/AWI/AWI-CM-1-1-MR/ssp126/r1i1p1f1/Omon/rsdo/gn/v20181218/remapped/rsdo_Omon_AWI-CM-1-1-MR_ssp126_r1i1p1f1_gn_204101-205012.nc
	Remapping /maps/rt582/cmipper/.esgpull/data/CMIP6/ScenarioMIP/AWI/AWI-CM-1-1-MR/ssp126/r1i1p1f1/Omon/rsdo/gn/v20181218/rsdo_Omon_AWI-CM-1-1-MR_ssp126_r1i1p1f1_gn_203101-204012.nc -> /maps/rt582/cmipper/.esgpull/data/CMIP6/ScenarioMIP/AWI/AWI-CM-1-1-MR/ssp126/r1i1p1f1/Omon/rsdo/gn/v20181218/remapped/rsdo_Omon_AWI-CM-1-1-MR_ssp126_r1i1p1f1_gn_203101-204012.nc
Remapped: /maps/rt582/cmipper/.esgpull/data/CMIP6/ScenarioMIP/AWI/AWI-CM-1-1-MR/ssp126/r1i1p1f1/Omon/rsdo/gn/v20181218/rsdo_Omon_AWI-CM-1-1-MR_ssp126_r1i1p1f1_gn_203101-204012.nc -> /maps/rt582/cmipper/.esgpull/data/CMIP6/ScenarioMIP/AWI/AWI-CM-1-1-MR/ssp126/r1i1p1f1/Omon/rsdo/gn/v20181218/remapped/rsdo_Omon_AWI-CM-1-1-MR_ssp126_r1i1p1f1_gn_203101-204012.nc
	Remapping /maps/rt582/cmipper/.esgpull/data/CMIP6/ScenarioMIP/AWI/AWI-CM-1-1-MR/ssp126/r1i1p1f1/Omon/rsdo/gn/v20181218/rsdo_Omon_AWI-CM-1-1-MR_ssp126_r1i1p1f1_gn_209101-210012.nc -> /maps/rt582/cmipper/.esgpull/data/CMIP6/ScenarioMIP/AWI/AWI-CM-1-1-MR/ssp126/r1i1p1f1/Omon/rsdo/gn/v20181218/remapped/rsdo_Omon_AWI-CM-1-1-MR_ssp126_r1i1p1f1_gn_209101-210012.nc
Remapped: /maps/rt582/cmipper/.esgpull/data/CMIP6/ScenarioMIP/AWI/AWI-CM-1-1-MR/ssp126/r1i1p1f1/Omon/rsdo/gn/v20181218/rsdo_Omon_AWI-CM-1-1-MR_ssp126_r1i1p1f1_gn_209101-210012.nc -> /maps/rt582/cmipper/.esgpull/data/CMIP6/ScenarioMIP/AWI/AWI-CM-1-1-MR/ssp126/r1i1p1f1/Omon/rsdo/gn/v20181218/remapped/rsdo_Omon_AWI-CM-1-1-MR_ssp126_r1i1p1f1_gn_209101-210012.nc
	Remapping /maps/rt582/cmipper/.esgpull/data/CMIP6/ScenarioMIP/AWI/AWI-CM-1-1-MR/ssp126/r1i1p1f1/Omon/rsdo/gn/v20181218/rsdo_Omon_AWI-CM-1-1-MR_ssp126_r1i1p1f1_gn_207101-208012.nc -> /maps/rt582/cmipper/.esgpull/data/CMIP6/ScenarioMIP/AWI/AWI-CM-1-1-MR/ssp126/r1i1p1f1/Omon/rsdo/gn/v20181218/remapped/rsdo_Omon_AWI-CM-1-1-MR_ssp126_r1i1p1f1_gn_207101-208012.nc
Remapped: /maps/rt582/cmipper/.esgpull/data/CMIP6/ScenarioMIP/AWI/AWI-CM-1-1-MR/ssp126/r1i1p1f1/Omon/rsdo/gn/v20181218/rsdo_Omon_AWI-CM-1-1-MR_ssp126_r1i1p1f1_gn_207101-208012.nc -> /maps/rt582/cmipper/.esgpull/data/CMIP6/ScenarioMIP/AWI/AWI-CM-1-1-MR/ssp126/r1i1p1f1/Omon/rsdo/gn/v20181218/remapped/rsdo_Omon_AWI-CM-1-1-MR_ssp126_r1i1p1f1_gn_207101-208012.nc
Scanning directory: /maps/rt582/cmipper/.esgpull/data/CMIP6/ScenarioMIP/AWI/AWI-CM-1-1-MR/ssp126/r1i1p1f1/Omon/rsdo/gn/v20181218/remapped
Skipping directory (filepath contains remapped/processed): /maps/rt582/cmipper/.esgpull/data/CMIP6/ScenarioMIP/AWI/AWI-CM-1-1-MR/ssp126/r1i1p1f1/Omon/rsdo/gn/v20181218/remapped
Scanning directory: /maps/rt582/cmipper/.esgpull/data/CMIP6/ScenarioMIP/AWI/AWI-CM-1-1-MR/ssp126/r1i1p1f1/Omon/tos/gn/v20181218
	Remapping 9 files in /maps/rt582/cmipper/.esgpull/data/CMIP6/ScenarioMIP/AWI/AWI-CM-1-1-MR/ssp126/r1i1p1f1/Omon/tos/gn/v20181218
	Remapping 9 files in /maps/rt582/cmipper/.esgpull/data/CMIP6/ScenarioMIP/AWI/AWI-CM-1-1-MR/ssp126/r1i1p1f1/Omon/tos/gn/v20181218
/maps/rt582/cmipper/.esgpull/data/CMIP6/ScenarioMIP/AWI/AWI-CM-1-1-MR/ssp126/r1i1p1f1/Omon/tos/gn/v20181218/remapped/tos_Omon_AWI-CM-1-1-MR_ssp126_r1i1p1f1_gn_206101-207012.nc already exists. Skipping...
/maps/rt582/cmipper/.esgpull/data/CMIP6/ScenarioMIP/AWI/AWI-CM-1-1-MR/ssp126/r1i1p1f1/Omon/tos/gn/v20181218/remapped/tos_Omon_AWI-CM-1-1-MR_ssp126_r1i1p1f1_gn_208101-209012.nc already exists. Skipping...
/maps/rt582/cmipper/.esgpull/data/CMIP6/ScenarioMIP/AWI/AWI-CM-1-1-MR/ssp126/r1i1p1f1/Omon/tos/gn/v20181218/remapped/tos_Omon_AWI-CM-1-1-MR_ssp126_r1i1p1f1_gn_205101-206012.nc already exists. Skipping...
/maps/rt582/cmipper/.esgpull/data/CMIP6/ScenarioMIP/AWI/AWI-CM-1-1-MR/ssp126/r1i1p1f1/Omon/tos/gn/v20181218/remapped/tos_Omon_AWI-CM-1-1-MR_ssp126_r1i1p1f1_gn_204101-205012.nc already exists. Skipping...
/maps/rt582/cmipper/.esgpull/data/CMIP6/ScenarioMIP/AWI/AWI-CM-1-1-MR/ssp126/r1i1p1f1/Omon/tos/gn/v20181218/remapped/tos_Omon_AWI-CM-1-1-MR_ssp126_r1i1p1f1_gn_203101-204012.nc already exists. Skipping...
/maps/rt582/cmipper/.esgpull/data/CMIP6/ScenarioMIP/AWI/AWI-CM-1-1-MR/ssp126/r1i1p1f1/Omon/tos/gn/v20181218/remapped/tos_Omon_AWI-CM-1-1-MR_ssp126_r1i1p1f1_gn_207101-208012.nc already exists. Skipping...
/maps/rt582/cmipper/.esgpull/data/CMIP6/ScenarioMIP/AWI/AWI-CM-1-1-MR/ssp126/r1i1p1f1/Omon/tos/gn/v20181218/remapped/tos_Omon_AWI-CM-1-1-MR_ssp126_r1i1p1f1_gn_209101-210012.nc already exists. Skipping...
/maps/rt582/cmipper/.esgpull/data/CMIP6/ScenarioMIP/AWI/AWI-CM-1-1-MR/ssp126/r1i1p1f1/Omon/tos/gn/v20181218/remapped/tos_Omon_AWI-CM-1-1-MR_ssp126_r1i1p1f1_gn_202101-203012.nc already exists. Skipping...
/maps/rt582/cmipper/.esgpull/data/CMIP6/ScenarioMIP/AWI/AWI-CM-1-1-MR/ssp126/r1i1p1f1/Omon/tos/gn/v20181218/remapped/tos_Omon_AWI-CM-1-1-MR_ssp126_r1i1p1f1_gn_201501-202012.nc already exists. Skipping...
Scanning directory: /maps/rt582/cmipper/.esgpull/data/CMIP6/ScenarioMIP/AWI/AWI-CM-1-1-MR/ssp126/r1i1p1f1/Omon/tos/gn/v20181218/remapped
Skipping directory (filepath contains remapped/processed): /maps/rt582/cmipper/.esgpull/data/CMIP6/ScenarioMIP/AWI/AWI-CM-1-1-MR/ssp126/r1i1p1f1/Omon/tos/gn/v20181218/remapped
Scanning directory: /maps/rt582/cmipper/.esgpull/data/CMIP6/ScenarioMIP/AWI/AWI-CM-1-1-MR/ssp585/r1i1p1f1/Omon
No .nc files found in /maps/rt582/cmipper/.esgpull/data/CMIP6/ScenarioMIP/AWI/AWI-CM-1-1-MR/ssp585/r1i1p1f1/Omon
Scanning directory: /maps/rt582/cmipper/.esgpull/data/CMIP6/ScenarioMIP/AWI/AWI-CM-1-1-MR/ssp585/r1i1p1f1/Omon/rsdo
No .nc files found in /maps/rt582/cmipper/.esgpull/data/CMIP6/ScenarioMIP/AWI/AWI-CM-1-1-MR/ssp585/r1i1p1f1/Omon/rsdo
Scanning directory: /maps/rt582/cmipper/.esgpull/data/CMIP6/ScenarioMIP/AWI/AWI-CM-1-1-MR/ssp585/r1i1p1f1/Omon/tos
No .nc files found in /maps/rt582/cmipper/.esgpull/data/CMIP6/ScenarioMIP/AWI/AWI-CM-1-1-MR/ssp585/r1i1p1f1/Omon/tos
Scanning directory: /maps/rt582/cmipper/.esgpull/data/CMIP6/ScenarioMIP/AWI/AWI-CM-1-1-MR/ssp585/r1i1p1f1/Omon/rsdo/gn
No .nc files found in /maps/rt582/cmipper/.esgpull/data/CMIP6/ScenarioMIP/AWI/AWI-CM-1-1-MR/ssp585/r1i1p1f1/Omon/rsdo/gn
Scanning directory: /maps/rt582/cmipper/.esgpull/data/CMIP6/ScenarioMIP/AWI/AWI-CM-1-1-MR/ssp585/r1i1p1f1/Omon/tos/gn
No .nc files found in /maps/rt582/cmipper/.esgpull/data/CMIP6/ScenarioMIP/AWI/AWI-CM-1-1-MR/ssp585/r1i1p1f1/Omon/tos/gn
Scanning directory: /maps/rt582/cmipper/.esgpull/data/CMIP6/ScenarioMIP/AWI/AWI-CM-1-1-MR/ssp585/r1i1p1f1/Omon/rsdo/gn/v20181218
	Remapping 9 files in /maps/rt582/cmipper/.esgpull/data/CMIP6/ScenarioMIP/AWI/AWI-CM-1-1-MR/ssp585/r1i1p1f1/Omon/rsdo/gn/v20181218
	Remapping 9 files in /maps/rt582/cmipper/.esgpull/data/CMIP6/ScenarioMIP/AWI/AWI-CM-1-1-MR/ssp585/r1i1p1f1/Omon/rsdo/gn/v20181218
	Remapping /maps/rt582/cmipper/.esgpull/data/CMIP6/ScenarioMIP/AWI/AWI-CM-1-1-MR/ssp585/r1i1p1f1/Omon/rsdo/gn/v20181218/rsdo_Omon_AWI-CM-1-1-MR_ssp585_r1i1p1f1_gn_204101-205012.nc -> /maps/rt582/cmipper/.esgpull/data/CMIP6/ScenarioMIP/AWI/AWI-CM-1-1-MR/ssp585/r1i1p1f1/Omon/rsdo/gn/v20181218/remapped/rsdo_Omon_AWI-CM-1-1-MR_ssp585_r1i1p1f1_gn_204101-205012.nc
Remapped: /maps/rt582/cmipper/.esgpull/data/CMIP6/ScenarioMIP/AWI/AWI-CM-1-1-MR/ssp585/r1i1p1f1/Omon/rsdo/gn/v20181218/rsdo_Omon_AWI-CM-1-1-MR_ssp585_r1i1p1f1_gn_204101-205012.nc -> /maps/rt582/cmipper/.esgpull/data/CMIP6/ScenarioMIP/AWI/AWI-CM-1-1-MR/ssp585/r1i1p1f1/Omon/rsdo/gn/v20181218/remapped/rsdo_Omon_AWI-CM-1-1-MR_ssp585_r1i1p1f1_gn_204101-205012.nc
	Remapping /maps/rt582/cmipper/.esgpull/data/CMIP6/ScenarioMIP/AWI/AWI-CM-1-1-MR/ssp585/r1i1p1f1/Omon/rsdo/gn/v20181218/rsdo_Omon_AWI-CM-1-1-MR_ssp585_r1i1p1f1_gn_203101-204012.nc -> /maps/rt582/cmipper/.esgpull/data/CMIP6/ScenarioMIP/AWI/AWI-CM-1-1-MR/ssp585/r1i1p1f1/Omon/rsdo/gn/v20181218/remapped/rsdo_Omon_AWI-CM-1-1-MR_ssp585_r1i1p1f1_gn_203101-204012.nc
Remapped: /maps/rt582/cmipper/.esgpull/data/CMIP6/ScenarioMIP/AWI/AWI-CM-1-1-MR/ssp585/r1i1p1f1/Omon/rsdo/gn/v20181218/rsdo_Omon_AWI-CM-1-1-MR_ssp585_r1i1p1f1_gn_203101-204012.nc -> /maps/rt582/cmipper/.esgpull/data/CMIP6/ScenarioMIP/AWI/AWI-CM-1-1-MR/ssp585/r1i1p1f1/Omon/rsdo/gn/v20181218/remapped/rsdo_Omon_AWI-CM-1-1-MR_ssp585_r1i1p1f1_gn_203101-204012.nc
	Remapping /maps/rt582/cmipper/.esgpull/data/CMIP6/ScenarioMIP/AWI/AWI-CM-1-1-MR/ssp585/r1i1p1f1/Omon/rsdo/gn/v20181218/rsdo_Omon_AWI-CM-1-1-MR_ssp585_r1i1p1f1_gn_209101-210012.nc -> /maps/rt582/cmipper/.esgpull/data/CMIP6/ScenarioMIP/AWI/AWI-CM-1-1-MR/ssp585/r1i1p1f1/Omon/rsdo/gn/v20181218/remapped/rsdo_Omon_AWI-CM-1-1-MR_ssp585_r1i1p1f1_gn_209101-210012.nc
Remapped: /maps/rt582/cmipper/.esgpull/data/CMIP6/ScenarioMIP/AWI/AWI-CM-1-1-MR/ssp585/r1i1p1f1/Omon/rsdo/gn/v20181218/rsdo_Omon_AWI-CM-1-1-MR_ssp585_r1i1p1f1_gn_209101-210012.nc -> /maps/rt582/cmipper/.esgpull/data/CMIP6/ScenarioMIP/AWI/AWI-CM-1-1-MR/ssp585/r1i1p1f1/Omon/rsdo/gn/v20181218/remapped/rsdo_Omon_AWI-CM-1-1-MR_ssp585_r1i1p1f1_gn_209101-210012.nc
	Remapping /maps/rt582/cmipper/.esgpull/data/CMIP6/ScenarioMIP/AWI/AWI-CM-1-1-MR/ssp585/r1i1p1f1/Omon/rsdo/gn/v20181218/rsdo_Omon_AWI-CM-1-1-MR_ssp585_r1i1p1f1_gn_207101-208012.nc -> /maps/rt582/cmipper/.esgpull/data/CMIP6/ScenarioMIP/AWI/AWI-CM-1-1-MR/ssp585/r1i1p1f1/Omon/rsdo/gn/v20181218/remapped/rsdo_Omon_AWI-CM-1-1-MR_ssp585_r1i1p1f1_gn_207101-208012.nc
Remapped: /maps/rt582/cmipper/.esgpull/data/CMIP6/ScenarioMIP/AWI/AWI-CM-1-1-MR/ssp585/r1i1p1f1/Omon/rsdo/gn/v20181218/rsdo_Omon_AWI-CM-1-1-MR_ssp585_r1i1p1f1_gn_207101-208012.nc -> /maps/rt582/cmipper/.esgpull/data/CMIP6/ScenarioMIP/AWI/AWI-CM-1-1-MR/ssp585/r1i1p1f1/Omon/rsdo/gn/v20181218/remapped/rsdo_Omon_AWI-CM-1-1-MR_ssp585_r1i1p1f1_gn_207101-208012.nc
	Remapping /maps/rt582/cmipper/.esgpull/data/CMIP6/ScenarioMIP/AWI/AWI-CM-1-1-MR/ssp585/r1i1p1f1/Omon/rsdo/gn/v20181218/rsdo_Omon_AWI-CM-1-1-MR_ssp585_r1i1p1f1_gn_206101-207012.nc -> /maps/rt582/cmipper/.esgpull/data/CMIP6/ScenarioMIP/AWI/AWI-CM-1-1-MR/ssp585/r1i1p1f1/Omon/rsdo/gn/v20181218/remapped/rsdo_Omon_AWI-CM-1-1-MR_ssp585_r1i1p1f1_gn_206101-207012.nc
Remapped: /maps/rt582/cmipper/.esgpull/data/CMIP6/ScenarioMIP/AWI/AWI-CM-1-1-MR/ssp585/r1i1p1f1/Omon/rsdo/gn/v20181218/rsdo_Omon_AWI-CM-1-1-MR_ssp585_r1i1p1f1_gn_206101-207012.nc -> /maps/rt582/cmipper/.esgpull/data/CMIP6/ScenarioMIP/AWI/AWI-CM-1-1-MR/ssp585/r1i1p1f1/Omon/rsdo/gn/v20181218/remapped/rsdo_Omon_AWI-CM-1-1-MR_ssp585_r1i1p1f1_gn_206101-207012.nc
	Remapping /maps/rt582/cmipper/.esgpull/data/CMIP6/ScenarioMIP/AWI/AWI-CM-1-1-MR/ssp585/r1i1p1f1/Omon/rsdo/gn/v20181218/rsdo_Omon_AWI-CM-1-1-MR_ssp585_r1i1p1f1_gn_208101-209012.nc -> /maps/rt582/cmipper/.esgpull/data/CMIP6/ScenarioMIP/AWI/AWI-CM-1-1-MR/ssp585/r1i1p1f1/Omon/rsdo/gn/v20181218/remapped/rsdo_Omon_AWI-CM-1-1-MR_ssp585_r1i1p1f1_gn_208101-209012.nc
Remapped: /maps/rt582/cmipper/.esgpull/data/CMIP6/ScenarioMIP/AWI/AWI-CM-1-1-MR/ssp585/r1i1p1f1/Omon/rsdo/gn/v20181218/rsdo_Omon_AWI-CM-1-1-MR_ssp585_r1i1p1f1_gn_208101-209012.nc -> /maps/rt582/cmipper/.esgpull/data/CMIP6/ScenarioMIP/AWI/AWI-CM-1-1-MR/ssp585/r1i1p1f1/Omon/rsdo/gn/v20181218/remapped/rsdo_Omon_AWI-CM-1-1-MR_ssp585_r1i1p1f1_gn_208101-209012.nc
	Remapping /maps/rt582/cmipper/.esgpull/data/CMIP6/ScenarioMIP/AWI/AWI-CM-1-1-MR/ssp585/r1i1p1f1/Omon/rsdo/gn/v20181218/rsdo_Omon_AWI-CM-1-1-MR_ssp585_r1i1p1f1_gn_205101-206012.nc -> /maps/rt582/cmipper/.esgpull/data/CMIP6/ScenarioMIP/AWI/AWI-CM-1-1-MR/ssp585/r1i1p1f1/Omon/rsdo/gn/v20181218/remapped/rsdo_Omon_AWI-CM-1-1-MR_ssp585_r1i1p1f1_gn_205101-206012.nc
Remapped: /maps/rt582/cmipper/.esgpull/data/CMIP6/ScenarioMIP/AWI/AWI-CM-1-1-MR/ssp585/r1i1p1f1/Omon/rsdo/gn/v20181218/rsdo_Omon_AWI-CM-1-1-MR_ssp585_r1i1p1f1_gn_205101-206012.nc -> /maps/rt582/cmipper/.esgpull/data/CMIP6/ScenarioMIP/AWI/AWI-CM-1-1-MR/ssp585/r1i1p1f1/Omon/rsdo/gn/v20181218/remapped/rsdo_Omon_AWI-CM-1-1-MR_ssp585_r1i1p1f1_gn_205101-206012.nc
	Remapping /maps/rt582/cmipper/.esgpull/data/CMIP6/ScenarioMIP/AWI/AWI-CM-1-1-MR/ssp585/r1i1p1f1/Omon/rsdo/gn/v20181218/rsdo_Omon_AWI-CM-1-1-MR_ssp585_r1i1p1f1_gn_201501-202012.nc -> /maps/rt582/cmipper/.esgpull/data/CMIP6/ScenarioMIP/AWI/AWI-CM-1-1-MR/ssp585/r1i1p1f1/Omon/rsdo/gn/v20181218/remapped/rsdo_Omon_AWI-CM-1-1-MR_ssp585_r1i1p1f1_gn_201501-202012.nc
Remapped: /maps/rt582/cmipper/.esgpull/data/CMIP6/ScenarioMIP/AWI/AWI-CM-1-1-MR/ssp585/r1i1p1f1/Omon/rsdo/gn/v20181218/rsdo_Omon_AWI-CM-1-1-MR_ssp585_r1i1p1f1_gn_201501-202012.nc -> /maps/rt582/cmipper/.esgpull/data/CMIP6/ScenarioMIP/AWI/AWI-CM-1-1-MR/ssp585/r1i1p1f1/Omon/rsdo/gn/v20181218/remapped/rsdo_Omon_AWI-CM-1-1-MR_ssp585_r1i1p1f1_gn_201501-202012.nc
	Remapping /maps/rt582/cmipper/.esgpull/data/CMIP6/ScenarioMIP/AWI/AWI-CM-1-1-MR/ssp585/r1i1p1f1/Omon/rsdo/gn/v20181218/rsdo_Omon_AWI-CM-1-1-MR_ssp585_r1i1p1f1_gn_202101-203012.nc -> /maps/rt582/cmipper/.esgpull/data/CMIP6/ScenarioMIP/AWI/AWI-CM-1-1-MR/ssp585/r1i1p1f1/Omon/rsdo/gn/v20181218/remapped/rsdo_Omon_AWI-CM-1-1-MR_ssp585_r1i1p1f1_gn_202101-203012.nc
Remapped: /maps/rt582/cmipper/.esgpull/data/CMIP6/ScenarioMIP/AWI/AWI-CM-1-1-MR/ssp585/r1i1p1f1/Omon/rsdo/gn/v20181218/rsdo_Omon_AWI-CM-1-1-MR_ssp585_r1i1p1f1_gn_202101-203012.nc -> /maps/rt582/cmipper/.esgpull/data/CMIP6/ScenarioMIP/AWI/AWI-CM-1-1-MR/ssp585/r1i1p1f1/Omon/rsdo/gn/v20181218/remapped/rsdo_Omon_AWI-CM-1-1-MR_ssp585_r1i1p1f1_gn_202101-203012.nc
Scanning directory: /maps/rt582/cmipper/.esgpull/data/CMIP6/ScenarioMIP/AWI/AWI-CM-1-1-MR/ssp585/r1i1p1f1/Omon/rsdo/gn/v20181218/remapped
Skipping directory (filepath contains remapped/processed): /maps/rt582/cmipper/.esgpull/data/CMIP6/ScenarioMIP/AWI/AWI-CM-1-1-MR/ssp585/r1i1p1f1/Omon/rsdo/gn/v20181218/remapped
Scanning directory: /maps/rt582/cmipper/.esgpull/data/CMIP6/ScenarioMIP/AWI/AWI-CM-1-1-MR/ssp585/r1i1p1f1/Omon/tos/gn/v20181218
	Remapping 9 files in /maps/rt582/cmipper/.esgpull/data/CMIP6/ScenarioMIP/AWI/AWI-CM-1-1-MR/ssp585/r1i1p1f1/Omon/tos/gn/v20181218
	Remapping 9 files in /maps/rt582/cmipper/.esgpull/data/CMIP6/ScenarioMIP/AWI/AWI-CM-1-1-MR/ssp585/r1i1p1f1/Omon/tos/gn/v20181218
	Remapping /maps/rt582/cmipper/.esgpull/data/CMIP6/ScenarioMIP/AWI/AWI-CM-1-1-MR/ssp585/r1i1p1f1/Omon/tos/gn/v20181218/tos_Omon_AWI-CM-1-1-MR_ssp585_r1i1p1f1_gn_202101-203012.nc -> /maps/rt582/cmipper/.esgpull/data/CMIP6/ScenarioMIP/AWI/AWI-CM-1-1-MR/ssp585/r1i1p1f1/Omon/tos/gn/v20181218/remapped/tos_Omon_AWI-CM-1-1-MR_ssp585_r1i1p1f1_gn_202101-203012.nc
Remapped: /maps/rt582/cmipper/.esgpull/data/CMIP6/ScenarioMIP/AWI/AWI-CM-1-1-MR/ssp585/r1i1p1f1/Omon/tos/gn/v20181218/tos_Omon_AWI-CM-1-1-MR_ssp585_r1i1p1f1_gn_202101-203012.nc -> /maps/rt582/cmipper/.esgpull/data/CMIP6/ScenarioMIP/AWI/AWI-CM-1-1-MR/ssp585/r1i1p1f1/Omon/tos/gn/v20181218/remapped/tos_Omon_AWI-CM-1-1-MR_ssp585_r1i1p1f1_gn_202101-203012.nc
/maps/rt582/cmipper/.esgpull/data/CMIP6/ScenarioMIP/AWI/AWI-CM-1-1-MR/ssp585/r1i1p1f1/Omon/tos/gn/v20181218/remapped/tos_Omon_AWI-CM-1-1-MR_ssp585_r1i1p1f1_gn_201501-202012.nc already exists. Skipping...
/maps/rt582/cmipper/.esgpull/data/CMIP6/ScenarioMIP/AWI/AWI-CM-1-1-MR/ssp585/r1i1p1f1/Omon/tos/gn/v20181218/remapped/tos_Omon_AWI-CM-1-1-MR_ssp585_r1i1p1f1_gn_206101-207012.nc already exists. Skipping...
	Remapping /maps/rt582/cmipper/.esgpull/data/CMIP6/ScenarioMIP/AWI/AWI-CM-1-1-MR/ssp585/r1i1p1f1/Omon/tos/gn/v20181218/tos_Omon_AWI-CM-1-1-MR_ssp585_r1i1p1f1_gn_208101-209012.nc -> /maps/rt582/cmipper/.esgpull/data/CMIP6/ScenarioMIP/AWI/AWI-CM-1-1-MR/ssp585/r1i1p1f1/Omon/tos/gn/v20181218/remapped/tos_Omon_AWI-CM-1-1-MR_ssp585_r1i1p1f1_gn_208101-209012.nc
Remapped: /maps/rt582/cmipper/.esgpull/data/CMIP6/ScenarioMIP/AWI/AWI-CM-1-1-MR/ssp585/r1i1p1f1/Omon/tos/gn/v20181218/tos_Omon_AWI-CM-1-1-MR_ssp585_r1i1p1f1_gn_208101-209012.nc -> /maps/rt582/cmipper/.esgpull/data/CMIP6/ScenarioMIP/AWI/AWI-CM-1-1-MR/ssp585/r1i1p1f1/Omon/tos/gn/v20181218/remapped/tos_Omon_AWI-CM-1-1-MR_ssp585_r1i1p1f1_gn_208101-209012.nc
/maps/rt582/cmipper/.esgpull/data/CMIP6/ScenarioMIP/AWI/AWI-CM-1-1-MR/ssp585/r1i1p1f1/Omon/tos/gn/v20181218/remapped/tos_Omon_AWI-CM-1-1-MR_ssp585_r1i1p1f1_gn_205101-206012.nc already exists. Skipping...
/maps/rt582/cmipper/.esgpull/data/CMIP6/ScenarioMIP/AWI/AWI-CM-1-1-MR/ssp585/r1i1p1f1/Omon/tos/gn/v20181218/remapped/tos_Omon_AWI-CM-1-1-MR_ssp585_r1i1p1f1_gn_204101-205012.nc already exists. Skipping...
/maps/rt582/cmipper/.esgpull/data/CMIP6/ScenarioMIP/AWI/AWI-CM-1-1-MR/ssp585/r1i1p1f1/Omon/tos/gn/v20181218/remapped/tos_Omon_AWI-CM-1-1-MR_ssp585_r1i1p1f1_gn_203101-204012.nc already exists. Skipping...
/maps/rt582/cmipper/.esgpull/data/CMIP6/ScenarioMIP/AWI/AWI-CM-1-1-MR/ssp585/r1i1p1f1/Omon/tos/gn/v20181218/remapped/tos_Omon_AWI-CM-1-1-MR_ssp585_r1i1p1f1_gn_209101-210012.nc already exists. Skipping...
/maps/rt582/cmipper/.esgpull/data/CMIP6/ScenarioMIP/AWI/AWI-CM-1-1-MR/ssp585/r1i1p1f1/Omon/tos/gn/v20181218/remapped/tos_Omon_AWI-CM-1-1-MR_ssp585_r1i1p1f1_gn_207101-208012.nc already exists. Skipping...
Scanning directory: /maps/rt582/cmipper/.esgpull/data/CMIP6/ScenarioMIP/AWI/AWI-CM-1-1-MR/ssp585/r1i1p1f1/Omon/tos/gn/v20181218/remapped
Skipping directory (filepath contains remapped/processed): /maps/rt582/cmipper/.esgpull/data/CMIP6/ScenarioMIP/AWI/AWI-CM-1-1-MR/ssp585/r1i1p1f1/Omon/tos/gn/v20181218/remapped
Scanning directory: /maps/rt582/cmipper/.esgpull/data/CMIP6/ScenarioMIP/AWI/AWI-CM-1-1-MR/ssp245/r1i1p1f1/Omon
No .nc files found in /maps/rt582/cmipper/.esgpull/data/CMIP6/ScenarioMIP/AWI/AWI-CM-1-1-MR/ssp245/r1i1p1f1/Omon
Scanning directory: /maps/rt582/cmipper/.esgpull/data/CMIP6/ScenarioMIP/AWI/AWI-CM-1-1-MR/ssp245/r1i1p1f1/Omon/tos
No .nc files found in /maps/rt582/cmipper/.esgpull/data/CMIP6/ScenarioMIP/AWI/AWI-CM-1-1-MR/ssp245/r1i1p1f1/Omon/tos
Scanning directory: /maps/rt582/cmipper/.esgpull/data/CMIP6/ScenarioMIP/AWI/AWI-CM-1-1-MR/ssp245/r1i1p1f1/Omon/rsdo
No .nc files found in /maps/rt582/cmipper/.esgpull/data/CMIP6/ScenarioMIP/AWI/AWI-CM-1-1-MR/ssp245/r1i1p1f1/Omon/rsdo
Scanning directory: /maps/rt582/cmipper/.esgpull/data/CMIP6/ScenarioMIP/AWI/AWI-CM-1-1-MR/ssp245/r1i1p1f1/Omon/tos/gn
No .nc files found in /maps/rt582/cmipper/.esgpull/data/CMIP6/ScenarioMIP/AWI/AWI-CM-1-1-MR/ssp245/r1i1p1f1/Omon/tos/gn
Scanning directory: /maps/rt582/cmipper/.esgpull/data/CMIP6/ScenarioMIP/AWI/AWI-CM-1-1-MR/ssp245/r1i1p1f1/Omon/rsdo/gn
No .nc files found in /maps/rt582/cmipper/.esgpull/data/CMIP6/ScenarioMIP/AWI/AWI-CM-1-1-MR/ssp245/r1i1p1f1/Omon/rsdo/gn
Scanning directory: /maps/rt582/cmipper/.esgpull/data/CMIP6/ScenarioMIP/AWI/AWI-CM-1-1-MR/ssp245/r1i1p1f1/Omon/tos/gn/v20181218
	Remapping 9 files in /maps/rt582/cmipper/.esgpull/data/CMIP6/ScenarioMIP/AWI/AWI-CM-1-1-MR/ssp245/r1i1p1f1/Omon/tos/gn/v20181218
	Remapping 9 files in /maps/rt582/cmipper/.esgpull/data/CMIP6/ScenarioMIP/AWI/AWI-CM-1-1-MR/ssp245/r1i1p1f1/Omon/tos/gn/v20181218
/maps/rt582/cmipper/.esgpull/data/CMIP6/ScenarioMIP/AWI/AWI-CM-1-1-MR/ssp245/r1i1p1f1/Omon/tos/gn/v20181218/remapped/tos_Omon_AWI-CM-1-1-MR_ssp245_r1i1p1f1_gn_202101-203012.nc already exists. Skipping...
/maps/rt582/cmipper/.esgpull/data/CMIP6/ScenarioMIP/AWI/AWI-CM-1-1-MR/ssp245/r1i1p1f1/Omon/tos/gn/v20181218/remapped/tos_Omon_AWI-CM-1-1-MR_ssp245_r1i1p1f1_gn_201501-202012.nc already exists. Skipping...
/maps/rt582/cmipper/.esgpull/data/CMIP6/ScenarioMIP/AWI/AWI-CM-1-1-MR/ssp245/r1i1p1f1/Omon/tos/gn/v20181218/remapped/tos_Omon_AWI-CM-1-1-MR_ssp245_r1i1p1f1_gn_205101-206012.nc already exists. Skipping...
/maps/rt582/cmipper/.esgpull/data/CMIP6/ScenarioMIP/AWI/AWI-CM-1-1-MR/ssp245/r1i1p1f1/Omon/tos/gn/v20181218/remapped/tos_Omon_AWI-CM-1-1-MR_ssp245_r1i1p1f1_gn_208101-209012.nc already exists. Skipping...
	Remapping /maps/rt582/cmipper/.esgpull/data/CMIP6/ScenarioMIP/AWI/AWI-CM-1-1-MR/ssp245/r1i1p1f1/Omon/tos/gn/v20181218/tos_Omon_AWI-CM-1-1-MR_ssp245_r1i1p1f1_gn_206101-207012.nc -> /maps/rt582/cmipper/.esgpull/data/CMIP6/ScenarioMIP/AWI/AWI-CM-1-1-MR/ssp245/r1i1p1f1/Omon/tos/gn/v20181218/remapped/tos_Omon_AWI-CM-1-1-MR_ssp245_r1i1p1f1_gn_206101-207012.nc
Remapped: /maps/rt582/cmipper/.esgpull/data/CMIP6/ScenarioMIP/AWI/AWI-CM-1-1-MR/ssp245/r1i1p1f1/Omon/tos/gn/v20181218/tos_Omon_AWI-CM-1-1-MR_ssp245_r1i1p1f1_gn_206101-207012.nc -> /maps/rt582/cmipper/.esgpull/data/CMIP6/ScenarioMIP/AWI/AWI-CM-1-1-MR/ssp245/r1i1p1f1/Omon/tos/gn/v20181218/remapped/tos_Omon_AWI-CM-1-1-MR_ssp245_r1i1p1f1_gn_206101-207012.nc
/maps/rt582/cmipper/.esgpull/data/CMIP6/ScenarioMIP/AWI/AWI-CM-1-1-MR/ssp245/r1i1p1f1/Omon/tos/gn/v20181218/remapped/tos_Omon_AWI-CM-1-1-MR_ssp245_r1i1p1f1_gn_207101-208012.nc already exists. Skipping...
/maps/rt582/cmipper/.esgpull/data/CMIP6/ScenarioMIP/AWI/AWI-CM-1-1-MR/ssp245/r1i1p1f1/Omon/tos/gn/v20181218/remapped/tos_Omon_AWI-CM-1-1-MR_ssp245_r1i1p1f1_gn_209101-210012.nc already exists. Skipping...
/maps/rt582/cmipper/.esgpull/data/CMIP6/ScenarioMIP/AWI/AWI-CM-1-1-MR/ssp245/r1i1p1f1/Omon/tos/gn/v20181218/remapped/tos_Omon_AWI-CM-1-1-MR_ssp245_r1i1p1f1_gn_204101-205012.nc already exists. Skipping...
/maps/rt582/cmipper/.esgpull/data/CMIP6/ScenarioMIP/AWI/AWI-CM-1-1-MR/ssp245/r1i1p1f1/Omon/tos/gn/v20181218/remapped/tos_Omon_AWI-CM-1-1-MR_ssp245_r1i1p1f1_gn_203101-204012.nc already exists. Skipping...
Scanning directory: /maps/rt582/cmipper/.esgpull/data/CMIP6/ScenarioMIP/AWI/AWI-CM-1-1-MR/ssp245/r1i1p1f1/Omon/tos/gn/v20181218/remapped
Skipping directory (filepath contains remapped/processed): /maps/rt582/cmipper/.esgpull/data/CMIP6/ScenarioMIP/AWI/AWI-CM-1-1-MR/ssp245/r1i1p1f1/Omon/tos/gn/v20181218/remapped
Scanning directory: /maps/rt582/cmipper/.esgpull/data/CMIP6/ScenarioMIP/AWI/AWI-CM-1-1-MR/ssp245/r1i1p1f1/Omon/rsdo/gn/v20181218
	Remapping 9 files in /maps/rt582/cmipper/.esgpull/data/CMIP6/ScenarioMIP/AWI/AWI-CM-1-1-MR/ssp245/r1i1p1f1/Omon/rsdo/gn/v20181218
	Remapping 9 files in /maps/rt582/cmipper/.esgpull/data/CMIP6/ScenarioMIP/AWI/AWI-CM-1-1-MR/ssp245/r1i1p1f1/Omon/rsdo/gn/v20181218
	Remapping /maps/rt582/cmipper/.esgpull/data/CMIP6/ScenarioMIP/AWI/AWI-CM-1-1-MR/ssp245/r1i1p1f1/Omon/rsdo/gn/v20181218/rsdo_Omon_AWI-CM-1-1-MR_ssp245_r1i1p1f1_gn_206101-207012.nc -> /maps/rt582/cmipper/.esgpull/data/CMIP6/ScenarioMIP/AWI/AWI-CM-1-1-MR/ssp245/r1i1p1f1/Omon/rsdo/gn/v20181218/remapped/rsdo_Omon_AWI-CM-1-1-MR_ssp245_r1i1p1f1_gn_206101-207012.nc
Remapped: /maps/rt582/cmipper/.esgpull/data/CMIP6/ScenarioMIP/AWI/AWI-CM-1-1-MR/ssp245/r1i1p1f1/Omon/rsdo/gn/v20181218/rsdo_Omon_AWI-CM-1-1-MR_ssp245_r1i1p1f1_gn_206101-207012.nc -> /maps/rt582/cmipper/.esgpull/data/CMIP6/ScenarioMIP/AWI/AWI-CM-1-1-MR/ssp245/r1i1p1f1/Omon/rsdo/gn/v20181218/remapped/rsdo_Omon_AWI-CM-1-1-MR_ssp245_r1i1p1f1_gn_206101-207012.nc
	Remapping /maps/rt582/cmipper/.esgpull/data/CMIP6/ScenarioMIP/AWI/AWI-CM-1-1-MR/ssp245/r1i1p1f1/Omon/rsdo/gn/v20181218/rsdo_Omon_AWI-CM-1-1-MR_ssp245_r1i1p1f1_gn_208101-209012.nc -> /maps/rt582/cmipper/.esgpull/data/CMIP6/ScenarioMIP/AWI/AWI-CM-1-1-MR/ssp245/r1i1p1f1/Omon/rsdo/gn/v20181218/remapped/rsdo_Omon_AWI-CM-1-1-MR_ssp245_r1i1p1f1_gn_208101-209012.nc
Remapped: /maps/rt582/cmipper/.esgpull/data/CMIP6/ScenarioMIP/AWI/AWI-CM-1-1-MR/ssp245/r1i1p1f1/Omon/rsdo/gn/v20181218/rsdo_Omon_AWI-CM-1-1-MR_ssp245_r1i1p1f1_gn_208101-209012.nc -> /maps/rt582/cmipper/.esgpull/data/CMIP6/ScenarioMIP/AWI/AWI-CM-1-1-MR/ssp245/r1i1p1f1/Omon/rsdo/gn/v20181218/remapped/rsdo_Omon_AWI-CM-1-1-MR_ssp245_r1i1p1f1_gn_208101-209012.nc
	Remapping /maps/rt582/cmipper/.esgpull/data/CMIP6/ScenarioMIP/AWI/AWI-CM-1-1-MR/ssp245/r1i1p1f1/Omon/rsdo/gn/v20181218/rsdo_Omon_AWI-CM-1-1-MR_ssp245_r1i1p1f1_gn_205101-206012.nc -> /maps/rt582/cmipper/.esgpull/data/CMIP6/ScenarioMIP/AWI/AWI-CM-1-1-MR/ssp245/r1i1p1f1/Omon/rsdo/gn/v20181218/remapped/rsdo_Omon_AWI-CM-1-1-MR_ssp245_r1i1p1f1_gn_205101-206012.nc
Remapped: /maps/rt582/cmipper/.esgpull/data/CMIP6/ScenarioMIP/AWI/AWI-CM-1-1-MR/ssp245/r1i1p1f1/Omon/rsdo/gn/v20181218/rsdo_Omon_AWI-CM-1-1-MR_ssp245_r1i1p1f1_gn_205101-206012.nc -> /maps/rt582/cmipper/.esgpull/data/CMIP6/ScenarioMIP/AWI/AWI-CM-1-1-MR/ssp245/r1i1p1f1/Omon/rsdo/gn/v20181218/remapped/rsdo_Omon_AWI-CM-1-1-MR_ssp245_r1i1p1f1_gn_205101-206012.nc
	Remapping /maps/rt582/cmipper/.esgpull/data/CMIP6/ScenarioMIP/AWI/AWI-CM-1-1-MR/ssp245/r1i1p1f1/Omon/rsdo/gn/v20181218/rsdo_Omon_AWI-CM-1-1-MR_ssp245_r1i1p1f1_gn_204101-205012.nc -> /maps/rt582/cmipper/.esgpull/data/CMIP6/ScenarioMIP/AWI/AWI-CM-1-1-MR/ssp245/r1i1p1f1/Omon/rsdo/gn/v20181218/remapped/rsdo_Omon_AWI-CM-1-1-MR_ssp245_r1i1p1f1_gn_204101-205012.nc
Remapped: /maps/rt582/cmipper/.esgpull/data/CMIP6/ScenarioMIP/AWI/AWI-CM-1-1-MR/ssp245/r1i1p1f1/Omon/rsdo/gn/v20181218/rsdo_Omon_AWI-CM-1-1-MR_ssp245_r1i1p1f1_gn_204101-205012.nc -> /maps/rt582/cmipper/.esgpull/data/CMIP6/ScenarioMIP/AWI/AWI-CM-1-1-MR/ssp245/r1i1p1f1/Omon/rsdo/gn/v20181218/remapped/rsdo_Omon_AWI-CM-1-1-MR_ssp245_r1i1p1f1_gn_204101-205012.nc
	Remapping /maps/rt582/cmipper/.esgpull/data/CMIP6/ScenarioMIP/AWI/AWI-CM-1-1-MR/ssp245/r1i1p1f1/Omon/rsdo/gn/v20181218/rsdo_Omon_AWI-CM-1-1-MR_ssp245_r1i1p1f1_gn_203101-204012.nc -> /maps/rt582/cmipper/.esgpull/data/CMIP6/ScenarioMIP/AWI/AWI-CM-1-1-MR/ssp245/r1i1p1f1/Omon/rsdo/gn/v20181218/remapped/rsdo_Omon_AWI-CM-1-1-MR_ssp245_r1i1p1f1_gn_203101-204012.nc
Remapped: /maps/rt582/cmipper/.esgpull/data/CMIP6/ScenarioMIP/AWI/AWI-CM-1-1-MR/ssp245/r1i1p1f1/Omon/rsdo/gn/v20181218/rsdo_Omon_AWI-CM-1-1-MR_ssp245_r1i1p1f1_gn_203101-204012.nc -> /maps/rt582/cmipper/.esgpull/data/CMIP6/ScenarioMIP/AWI/AWI-CM-1-1-MR/ssp245/r1i1p1f1/Omon/rsdo/gn/v20181218/remapped/rsdo_Omon_AWI-CM-1-1-MR_ssp245_r1i1p1f1_gn_203101-204012.nc
	Remapping /maps/rt582/cmipper/.esgpull/data/CMIP6/ScenarioMIP/AWI/AWI-CM-1-1-MR/ssp245/r1i1p1f1/Omon/rsdo/gn/v20181218/rsdo_Omon_AWI-CM-1-1-MR_ssp245_r1i1p1f1_gn_207101-208012.nc -> /maps/rt582/cmipper/.esgpull/data/CMIP6/ScenarioMIP/AWI/AWI-CM-1-1-MR/ssp245/r1i1p1f1/Omon/rsdo/gn/v20181218/remapped/rsdo_Omon_AWI-CM-1-1-MR_ssp245_r1i1p1f1_gn_207101-208012.nc
Remapped: /maps/rt582/cmipper/.esgpull/data/CMIP6/ScenarioMIP/AWI/AWI-CM-1-1-MR/ssp245/r1i1p1f1/Omon/rsdo/gn/v20181218/rsdo_Omon_AWI-CM-1-1-MR_ssp245_r1i1p1f1_gn_207101-208012.nc -> /maps/rt582/cmipper/.esgpull/data/CMIP6/ScenarioMIP/AWI/AWI-CM-1-1-MR/ssp245/r1i1p1f1/Omon/rsdo/gn/v20181218/remapped/rsdo_Omon_AWI-CM-1-1-MR_ssp245_r1i1p1f1_gn_207101-208012.nc
	Remapping /maps/rt582/cmipper/.esgpull/data/CMIP6/ScenarioMIP/AWI/AWI-CM-1-1-MR/ssp245/r1i1p1f1/Omon/rsdo/gn/v20181218/rsdo_Omon_AWI-CM-1-1-MR_ssp245_r1i1p1f1_gn_209101-210012.nc -> /maps/rt582/cmipper/.esgpull/data/CMIP6/ScenarioMIP/AWI/AWI-CM-1-1-MR/ssp245/r1i1p1f1/Omon/rsdo/gn/v20181218/remapped/rsdo_Omon_AWI-CM-1-1-MR_ssp245_r1i1p1f1_gn_209101-210012.nc
Remapped: /maps/rt582/cmipper/.esgpull/data/CMIP6/ScenarioMIP/AWI/AWI-CM-1-1-MR/ssp245/r1i1p1f1/Omon/rsdo/gn/v20181218/rsdo_Omon_AWI-CM-1-1-MR_ssp245_r1i1p1f1_gn_209101-210012.nc -> /maps/rt582/cmipper/.esgpull/data/CMIP6/ScenarioMIP/AWI/AWI-CM-1-1-MR/ssp245/r1i1p1f1/Omon/rsdo/gn/v20181218/remapped/rsdo_Omon_AWI-CM-1-1-MR_ssp245_r1i1p1f1_gn_209101-210012.nc
	Remapping /maps/rt582/cmipper/.esgpull/data/CMIP6/ScenarioMIP/AWI/AWI-CM-1-1-MR/ssp245/r1i1p1f1/Omon/rsdo/gn/v20181218/rsdo_Omon_AWI-CM-1-1-MR_ssp245_r1i1p1f1_gn_202101-203012.nc -> /maps/rt582/cmipper/.esgpull/data/CMIP6/ScenarioMIP/AWI/AWI-CM-1-1-MR/ssp245/r1i1p1f1/Omon/rsdo/gn/v20181218/remapped/rsdo_Omon_AWI-CM-1-1-MR_ssp245_r1i1p1f1_gn_202101-203012.nc
Remapped: /maps/rt582/cmipper/.esgpull/data/CMIP6/ScenarioMIP/AWI/AWI-CM-1-1-MR/ssp245/r1i1p1f1/Omon/rsdo/gn/v20181218/rsdo_Omon_AWI-CM-1-1-MR_ssp245_r1i1p1f1_gn_202101-203012.nc -> /maps/rt582/cmipper/.esgpull/data/CMIP6/ScenarioMIP/AWI/AWI-CM-1-1-MR/ssp245/r1i1p1f1/Omon/rsdo/gn/v20181218/remapped/rsdo_Omon_AWI-CM-1-1-MR_ssp245_r1i1p1f1_gn_202101-203012.nc
	Remapping /maps/rt582/cmipper/.esgpull/data/CMIP6/ScenarioMIP/AWI/AWI-CM-1-1-MR/ssp245/r1i1p1f1/Omon/rsdo/gn/v20181218/rsdo_Omon_AWI-CM-1-1-MR_ssp245_r1i1p1f1_gn_201501-202012.nc -> /maps/rt582/cmipper/.esgpull/data/CMIP6/ScenarioMIP/AWI/AWI-CM-1-1-MR/ssp245/r1i1p1f1/Omon/rsdo/gn/v20181218/remapped/rsdo_Omon_AWI-CM-1-1-MR_ssp245_r1i1p1f1_gn_201501-202012.nc
Remapped: /maps/rt582/cmipper/.esgpull/data/CMIP6/ScenarioMIP/AWI/AWI-CM-1-1-MR/ssp245/r1i1p1f1/Omon/rsdo/gn/v20181218/rsdo_Omon_AWI-CM-1-1-MR_ssp245_r1i1p1f1_gn_201501-202012.nc -> /maps/rt582/cmipper/.esgpull/data/CMIP6/ScenarioMIP/AWI/AWI-CM-1-1-MR/ssp245/r1i1p1f1/Omon/rsdo/gn/v20181218/remapped/rsdo_Omon_AWI-CM-1-1-MR_ssp245_r1i1p1f1_gn_201501-202012.nc
Scanning directory: /maps/rt582/cmipper/.esgpull/data/CMIP6/ScenarioMIP/AWI/AWI-CM-1-1-MR/ssp245/r1i1p1f1/Omon/rsdo/gn/v20181218/remapped
Skipping directory (filepath contains remapped/processed): /maps/rt582/cmipper/.esgpull/data/CMIP6/ScenarioMIP/AWI/AWI-CM-1-1-MR/ssp245/r1i1p1f1/Omon/rsdo/gn/v20181218/remapped
Scanning directory: /maps/rt582/cmipper/.esgpull/data/CMIP6/ScenarioMIP/AWI/AWI-CM-1-1-MR/ssp370/r1i1p1f1/Omon
No .nc files found in /maps/rt582/cmipper/.esgpull/data/CMIP6/ScenarioMIP/AWI/AWI-CM-1-1-MR/ssp370/r1i1p1f1/Omon
Scanning directory: /maps/rt582/cmipper/.esgpull/data/CMIP6/ScenarioMIP/AWI/AWI-CM-1-1-MR/ssp370/r1i1p1f1/Omon/rsdo
No .nc files found in /maps/rt582/cmipper/.esgpull/data/CMIP6/ScenarioMIP/AWI/AWI-CM-1-1-MR/ssp370/r1i1p1f1/Omon/rsdo
Scanning directory: /maps/rt582/cmipper/.esgpull/data/CMIP6/ScenarioMIP/AWI/AWI-CM-1-1-MR/ssp370/r1i1p1f1/Omon/tos
No .nc files found in /maps/rt582/cmipper/.esgpull/data/CMIP6/ScenarioMIP/AWI/AWI-CM-1-1-MR/ssp370/r1i1p1f1/Omon/tos
Scanning directory: /maps/rt582/cmipper/.esgpull/data/CMIP6/ScenarioMIP/AWI/AWI-CM-1-1-MR/ssp370/r1i1p1f1/Omon/rsdo/gn
No .nc files found in /maps/rt582/cmipper/.esgpull/data/CMIP6/ScenarioMIP/AWI/AWI-CM-1-1-MR/ssp370/r1i1p1f1/Omon/rsdo/gn
Scanning directory: /maps/rt582/cmipper/.esgpull/data/CMIP6/ScenarioMIP/AWI/AWI-CM-1-1-MR/ssp370/r1i1p1f1/Omon/tos/gn
No .nc files found in /maps/rt582/cmipper/.esgpull/data/CMIP6/ScenarioMIP/AWI/AWI-CM-1-1-MR/ssp370/r1i1p1f1/Omon/tos/gn
Scanning directory: /maps/rt582/cmipper/.esgpull/data/CMIP6/ScenarioMIP/AWI/AWI-CM-1-1-MR/ssp370/r1i1p1f1/Omon/rsdo/gn/v20181218
	Remapping 9 files in /maps/rt582/cmipper/.esgpull/data/CMIP6/ScenarioMIP/AWI/AWI-CM-1-1-MR/ssp370/r1i1p1f1/Omon/rsdo/gn/v20181218
	Remapping 9 files in /maps/rt582/cmipper/.esgpull/data/CMIP6/ScenarioMIP/AWI/AWI-CM-1-1-MR/ssp370/r1i1p1f1/Omon/rsdo/gn/v20181218
	Remapping /maps/rt582/cmipper/.esgpull/data/CMIP6/ScenarioMIP/AWI/AWI-CM-1-1-MR/ssp370/r1i1p1f1/Omon/rsdo/gn/v20181218/rsdo_Omon_AWI-CM-1-1-MR_ssp370_r1i1p1f1_gn_202101-203012.nc -> /maps/rt582/cmipper/.esgpull/data/CMIP6/ScenarioMIP/AWI/AWI-CM-1-1-MR/ssp370/r1i1p1f1/Omon/rsdo/gn/v20181218/remapped/rsdo_Omon_AWI-CM-1-1-MR_ssp370_r1i1p1f1_gn_202101-203012.nc
Remapped: /maps/rt582/cmipper/.esgpull/data/CMIP6/ScenarioMIP/AWI/AWI-CM-1-1-MR/ssp370/r1i1p1f1/Omon/rsdo/gn/v20181218/rsdo_Omon_AWI-CM-1-1-MR_ssp370_r1i1p1f1_gn_202101-203012.nc -> /maps/rt582/cmipper/.esgpull/data/CMIP6/ScenarioMIP/AWI/AWI-CM-1-1-MR/ssp370/r1i1p1f1/Omon/rsdo/gn/v20181218/remapped/rsdo_Omon_AWI-CM-1-1-MR_ssp370_r1i1p1f1_gn_202101-203012.nc
	Remapping /maps/rt582/cmipper/.esgpull/data/CMIP6/ScenarioMIP/AWI/AWI-CM-1-1-MR/ssp370/r1i1p1f1/Omon/rsdo/gn/v20181218/rsdo_Omon_AWI-CM-1-1-MR_ssp370_r1i1p1f1_gn_201501-202012.nc -> /maps/rt582/cmipper/.esgpull/data/CMIP6/ScenarioMIP/AWI/AWI-CM-1-1-MR/ssp370/r1i1p1f1/Omon/rsdo/gn/v20181218/remapped/rsdo_Omon_AWI-CM-1-1-MR_ssp370_r1i1p1f1_gn_201501-202012.nc
Remapped: /maps/rt582/cmipper/.esgpull/data/CMIP6/ScenarioMIP/AWI/AWI-CM-1-1-MR/ssp370/r1i1p1f1/Omon/rsdo/gn/v20181218/rsdo_Omon_AWI-CM-1-1-MR_ssp370_r1i1p1f1_gn_201501-202012.nc -> /maps/rt582/cmipper/.esgpull/data/CMIP6/ScenarioMIP/AWI/AWI-CM-1-1-MR/ssp370/r1i1p1f1/Omon/rsdo/gn/v20181218/remapped/rsdo_Omon_AWI-CM-1-1-MR_ssp370_r1i1p1f1_gn_201501-202012.nc
	Remapping /maps/rt582/cmipper/.esgpull/data/CMIP6/ScenarioMIP/AWI/AWI-CM-1-1-MR/ssp370/r1i1p1f1/Omon/rsdo/gn/v20181218/rsdo_Omon_AWI-CM-1-1-MR_ssp370_r1i1p1f1_gn_205101-206012.nc -> /maps/rt582/cmipper/.esgpull/data/CMIP6/ScenarioMIP/AWI/AWI-CM-1-1-MR/ssp370/r1i1p1f1/Omon/rsdo/gn/v20181218/remapped/rsdo_Omon_AWI-CM-1-1-MR_ssp370_r1i1p1f1_gn_205101-206012.nc
Remapped: /maps/rt582/cmipper/.esgpull/data/CMIP6/ScenarioMIP/AWI/AWI-CM-1-1-MR/ssp370/r1i1p1f1/Omon/rsdo/gn/v20181218/rsdo_Omon_AWI-CM-1-1-MR_ssp370_r1i1p1f1_gn_205101-206012.nc -> /maps/rt582/cmipper/.esgpull/data/CMIP6/ScenarioMIP/AWI/AWI-CM-1-1-MR/ssp370/r1i1p1f1/Omon/rsdo/gn/v20181218/remapped/rsdo_Omon_AWI-CM-1-1-MR_ssp370_r1i1p1f1_gn_205101-206012.nc
	Remapping /maps/rt582/cmipper/.esgpull/data/CMIP6/ScenarioMIP/AWI/AWI-CM-1-1-MR/ssp370/r1i1p1f1/Omon/rsdo/gn/v20181218/rsdo_Omon_AWI-CM-1-1-MR_ssp370_r1i1p1f1_gn_208101-209012.nc -> /maps/rt582/cmipper/.esgpull/data/CMIP6/ScenarioMIP/AWI/AWI-CM-1-1-MR/ssp370/r1i1p1f1/Omon/rsdo/gn/v20181218/remapped/rsdo_Omon_AWI-CM-1-1-MR_ssp370_r1i1p1f1_gn_208101-209012.nc
Remapped: /maps/rt582/cmipper/.esgpull/data/CMIP6/ScenarioMIP/AWI/AWI-CM-1-1-MR/ssp370/r1i1p1f1/Omon/rsdo/gn/v20181218/rsdo_Omon_AWI-CM-1-1-MR_ssp370_r1i1p1f1_gn_208101-209012.nc -> /maps/rt582/cmipper/.esgpull/data/CMIP6/ScenarioMIP/AWI/AWI-CM-1-1-MR/ssp370/r1i1p1f1/Omon/rsdo/gn/v20181218/remapped/rsdo_Omon_AWI-CM-1-1-MR_ssp370_r1i1p1f1_gn_208101-209012.nc
	Remapping /maps/rt582/cmipper/.esgpull/data/CMIP6/ScenarioMIP/AWI/AWI-CM-1-1-MR/ssp370/r1i1p1f1/Omon/rsdo/gn/v20181218/rsdo_Omon_AWI-CM-1-1-MR_ssp370_r1i1p1f1_gn_206101-207012.nc -> /maps/rt582/cmipper/.esgpull/data/CMIP6/ScenarioMIP/AWI/AWI-CM-1-1-MR/ssp370/r1i1p1f1/Omon/rsdo/gn/v20181218/remapped/rsdo_Omon_AWI-CM-1-1-MR_ssp370_r1i1p1f1_gn_206101-207012.nc
Remapped: /maps/rt582/cmipper/.esgpull/data/CMIP6/ScenarioMIP/AWI/AWI-CM-1-1-MR/ssp370/r1i1p1f1/Omon/rsdo/gn/v20181218/rsdo_Omon_AWI-CM-1-1-MR_ssp370_r1i1p1f1_gn_206101-207012.nc -> /maps/rt582/cmipper/.esgpull/data/CMIP6/ScenarioMIP/AWI/AWI-CM-1-1-MR/ssp370/r1i1p1f1/Omon/rsdo/gn/v20181218/remapped/rsdo_Omon_AWI-CM-1-1-MR_ssp370_r1i1p1f1_gn_206101-207012.nc
	Remapping /maps/rt582/cmipper/.esgpull/data/CMIP6/ScenarioMIP/AWI/AWI-CM-1-1-MR/ssp370/r1i1p1f1/Omon/rsdo/gn/v20181218/rsdo_Omon_AWI-CM-1-1-MR_ssp370_r1i1p1f1_gn_207101-208012.nc -> /maps/rt582/cmipper/.esgpull/data/CMIP6/ScenarioMIP/AWI/AWI-CM-1-1-MR/ssp370/r1i1p1f1/Omon/rsdo/gn/v20181218/remapped/rsdo_Omon_AWI-CM-1-1-MR_ssp370_r1i1p1f1_gn_207101-208012.nc
Remapped: /maps/rt582/cmipper/.esgpull/data/CMIP6/ScenarioMIP/AWI/AWI-CM-1-1-MR/ssp370/r1i1p1f1/Omon/rsdo/gn/v20181218/rsdo_Omon_AWI-CM-1-1-MR_ssp370_r1i1p1f1_gn_207101-208012.nc -> /maps/rt582/cmipper/.esgpull/data/CMIP6/ScenarioMIP/AWI/AWI-CM-1-1-MR/ssp370/r1i1p1f1/Omon/rsdo/gn/v20181218/remapped/rsdo_Omon_AWI-CM-1-1-MR_ssp370_r1i1p1f1_gn_207101-208012.nc
	Remapping /maps/rt582/cmipper/.esgpull/data/CMIP6/ScenarioMIP/AWI/AWI-CM-1-1-MR/ssp370/r1i1p1f1/Omon/rsdo/gn/v20181218/rsdo_Omon_AWI-CM-1-1-MR_ssp370_r1i1p1f1_gn_209101-210012.nc -> /maps/rt582/cmipper/.esgpull/data/CMIP6/ScenarioMIP/AWI/AWI-CM-1-1-MR/ssp370/r1i1p1f1/Omon/rsdo/gn/v20181218/remapped/rsdo_Omon_AWI-CM-1-1-MR_ssp370_r1i1p1f1_gn_209101-210012.nc
Remapped: /maps/rt582/cmipper/.esgpull/data/CMIP6/ScenarioMIP/AWI/AWI-CM-1-1-MR/ssp370/r1i1p1f1/Omon/rsdo/gn/v20181218/rsdo_Omon_AWI-CM-1-1-MR_ssp370_r1i1p1f1_gn_209101-210012.nc -> /maps/rt582/cmipper/.esgpull/data/CMIP6/ScenarioMIP/AWI/AWI-CM-1-1-MR/ssp370/r1i1p1f1/Omon/rsdo/gn/v20181218/remapped/rsdo_Omon_AWI-CM-1-1-MR_ssp370_r1i1p1f1_gn_209101-210012.nc
	Remapping /maps/rt582/cmipper/.esgpull/data/CMIP6/ScenarioMIP/AWI/AWI-CM-1-1-MR/ssp370/r1i1p1f1/Omon/rsdo/gn/v20181218/rsdo_Omon_AWI-CM-1-1-MR_ssp370_r1i1p1f1_gn_203101-204012.nc -> /maps/rt582/cmipper/.esgpull/data/CMIP6/ScenarioMIP/AWI/AWI-CM-1-1-MR/ssp370/r1i1p1f1/Omon/rsdo/gn/v20181218/remapped/rsdo_Omon_AWI-CM-1-1-MR_ssp370_r1i1p1f1_gn_203101-204012.nc
Remapped: /maps/rt582/cmipper/.esgpull/data/CMIP6/ScenarioMIP/AWI/AWI-CM-1-1-MR/ssp370/r1i1p1f1/Omon/rsdo/gn/v20181218/rsdo_Omon_AWI-CM-1-1-MR_ssp370_r1i1p1f1_gn_203101-204012.nc -> /maps/rt582/cmipper/.esgpull/data/CMIP6/ScenarioMIP/AWI/AWI-CM-1-1-MR/ssp370/r1i1p1f1/Omon/rsdo/gn/v20181218/remapped/rsdo_Omon_AWI-CM-1-1-MR_ssp370_r1i1p1f1_gn_203101-204012.nc
	Remapping /maps/rt582/cmipper/.esgpull/data/CMIP6/ScenarioMIP/AWI/AWI-CM-1-1-MR/ssp370/r1i1p1f1/Omon/rsdo/gn/v20181218/rsdo_Omon_AWI-CM-1-1-MR_ssp370_r1i1p1f1_gn_204101-205012.nc -> /maps/rt582/cmipper/.esgpull/data/CMIP6/ScenarioMIP/AWI/AWI-CM-1-1-MR/ssp370/r1i1p1f1/Omon/rsdo/gn/v20181218/remapped/rsdo_Omon_AWI-CM-1-1-MR_ssp370_r1i1p1f1_gn_204101-205012.nc
Remapped: /maps/rt582/cmipper/.esgpull/data/CMIP6/ScenarioMIP/AWI/AWI-CM-1-1-MR/ssp370/r1i1p1f1/Omon/rsdo/gn/v20181218/rsdo_Omon_AWI-CM-1-1-MR_ssp370_r1i1p1f1_gn_204101-205012.nc -> /maps/rt582/cmipper/.esgpull/data/CMIP6/ScenarioMIP/AWI/AWI-CM-1-1-MR/ssp370/r1i1p1f1/Omon/rsdo/gn/v20181218/remapped/rsdo_Omon_AWI-CM-1-1-MR_ssp370_r1i1p1f1_gn_204101-205012.nc
Scanning directory: /maps/rt582/cmipper/.esgpull/data/CMIP6/ScenarioMIP/AWI/AWI-CM-1-1-MR/ssp370/r1i1p1f1/Omon/rsdo/gn/v20181218/remapped
Skipping directory (filepath contains remapped/processed): /maps/rt582/cmipper/.esgpull/data/CMIP6/ScenarioMIP/AWI/AWI-CM-1-1-MR/ssp370/r1i1p1f1/Omon/rsdo/gn/v20181218/remapped
Scanning directory: /maps/rt582/cmipper/.esgpull/data/CMIP6/ScenarioMIP/AWI/AWI-CM-1-1-MR/ssp370/r1i1p1f1/Omon/tos/gn/v20181218
	Remapping 9 files in /maps/rt582/cmipper/.esgpull/data/CMIP6/ScenarioMIP/AWI/AWI-CM-1-1-MR/ssp370/r1i1p1f1/Omon/tos/gn/v20181218
	Remapping 9 files in /maps/rt582/cmipper/.esgpull/data/CMIP6/ScenarioMIP/AWI/AWI-CM-1-1-MR/ssp370/r1i1p1f1/Omon/tos/gn/v20181218
/maps/rt582/cmipper/.esgpull/data/CMIP6/ScenarioMIP/AWI/AWI-CM-1-1-MR/ssp370/r1i1p1f1/Omon/tos/gn/v20181218/remapped/tos_Omon_AWI-CM-1-1-MR_ssp370_r1i1p1f1_gn_204101-205012.nc already exists. Skipping...
/maps/rt582/cmipper/.esgpull/data/CMIP6/ScenarioMIP/AWI/AWI-CM-1-1-MR/ssp370/r1i1p1f1/Omon/tos/gn/v20181218/remapped/tos_Omon_AWI-CM-1-1-MR_ssp370_r1i1p1f1_gn_203101-204012.nc already exists. Skipping...
/maps/rt582/cmipper/.esgpull/data/CMIP6/ScenarioMIP/AWI/AWI-CM-1-1-MR/ssp370/r1i1p1f1/Omon/tos/gn/v20181218/remapped/tos_Omon_AWI-CM-1-1-MR_ssp370_r1i1p1f1_gn_209101-210012.nc already exists. Skipping...
/maps/rt582/cmipper/.esgpull/data/CMIP6/ScenarioMIP/AWI/AWI-CM-1-1-MR/ssp370/r1i1p1f1/Omon/tos/gn/v20181218/remapped/tos_Omon_AWI-CM-1-1-MR_ssp370_r1i1p1f1_gn_207101-208012.nc already exists. Skipping...
	Remapping /maps/rt582/cmipper/.esgpull/data/CMIP6/ScenarioMIP/AWI/AWI-CM-1-1-MR/ssp370/r1i1p1f1/Omon/tos/gn/v20181218/tos_Omon_AWI-CM-1-1-MR_ssp370_r1i1p1f1_gn_206101-207012.nc -> /maps/rt582/cmipper/.esgpull/data/CMIP6/ScenarioMIP/AWI/AWI-CM-1-1-MR/ssp370/r1i1p1f1/Omon/tos/gn/v20181218/remapped/tos_Omon_AWI-CM-1-1-MR_ssp370_r1i1p1f1_gn_206101-207012.nc
Remapped: /maps/rt582/cmipper/.esgpull/data/CMIP6/ScenarioMIP/AWI/AWI-CM-1-1-MR/ssp370/r1i1p1f1/Omon/tos/gn/v20181218/tos_Omon_AWI-CM-1-1-MR_ssp370_r1i1p1f1_gn_206101-207012.nc -> /maps/rt582/cmipper/.esgpull/data/CMIP6/ScenarioMIP/AWI/AWI-CM-1-1-MR/ssp370/r1i1p1f1/Omon/tos/gn/v20181218/remapped/tos_Omon_AWI-CM-1-1-MR_ssp370_r1i1p1f1_gn_206101-207012.nc
/maps/rt582/cmipper/.esgpull/data/CMIP6/ScenarioMIP/AWI/AWI-CM-1-1-MR/ssp370/r1i1p1f1/Omon/tos/gn/v20181218/remapped/tos_Omon_AWI-CM-1-1-MR_ssp370_r1i1p1f1_gn_208101-209012.nc already exists. Skipping...
	Remapping /maps/rt582/cmipper/.esgpull/data/CMIP6/ScenarioMIP/AWI/AWI-CM-1-1-MR/ssp370/r1i1p1f1/Omon/tos/gn/v20181218/tos_Omon_AWI-CM-1-1-MR_ssp370_r1i1p1f1_gn_205101-206012.nc -> /maps/rt582/cmipper/.esgpull/data/CMIP6/ScenarioMIP/AWI/AWI-CM-1-1-MR/ssp370/r1i1p1f1/Omon/tos/gn/v20181218/remapped/tos_Omon_AWI-CM-1-1-MR_ssp370_r1i1p1f1_gn_205101-206012.nc
Remapped: /maps/rt582/cmipper/.esgpull/data/CMIP6/ScenarioMIP/AWI/AWI-CM-1-1-MR/ssp370/r1i1p1f1/Omon/tos/gn/v20181218/tos_Omon_AWI-CM-1-1-MR_ssp370_r1i1p1f1_gn_205101-206012.nc -> /maps/rt582/cmipper/.esgpull/data/CMIP6/ScenarioMIP/AWI/AWI-CM-1-1-MR/ssp370/r1i1p1f1/Omon/tos/gn/v20181218/remapped/tos_Omon_AWI-CM-1-1-MR_ssp370_r1i1p1f1_gn_205101-206012.nc
/maps/rt582/cmipper/.esgpull/data/CMIP6/ScenarioMIP/AWI/AWI-CM-1-1-MR/ssp370/r1i1p1f1/Omon/tos/gn/v20181218/remapped/tos_Omon_AWI-CM-1-1-MR_ssp370_r1i1p1f1_gn_201501-202012.nc already exists. Skipping...
/maps/rt582/cmipper/.esgpull/data/CMIP6/ScenarioMIP/AWI/AWI-CM-1-1-MR/ssp370/r1i1p1f1/Omon/tos/gn/v20181218/remapped/tos_Omon_AWI-CM-1-1-MR_ssp370_r1i1p1f1_gn_202101-203012.nc already exists. Skipping...
Scanning directory: /maps/rt582/cmipper/.esgpull/data/CMIP6/ScenarioMIP/AWI/AWI-CM-1-1-MR/ssp370/r1i1p1f1/Omon/tos/gn/v20181218/remapped
Skipping directory (filepath contains remapped/processed): /maps/rt582/cmipper/.esgpull/data/CMIP6/ScenarioMIP/AWI/AWI-CM-1-1-MR/ssp370/r1i1p1f1/Omon/tos/gn/v20181218/remapped
Scanning directory: /maps/rt582/cmipper/.esgpull/data/CMIP6/ScenarioMIP/AWI/AWI-CM-1-1-MR
No .nc files found in /maps/rt582/cmipper/.esgpull/data/CMIP6/ScenarioMIP/AWI/AWI-CM-1-1-MR
cdo    remapcon: YAC first order conservative weights from unstructured (830305) to lonlat (1440x720) grid
cdo    remapcon: YAC first order conservative weights from unstructured (830305) to lonlat (1440x720) grid
cdo    remapcon: YAC first order conservative weights from unstructured (830305) to lonlat (1440x720) grid
cdo    remapcon: YAC first order conservative weights from unstructured (830305) to lonlat (1440x720) grid
cdo    remapcon: YAC first order conservative weights from unstructured (830305) to lonlat (1440x720) grid
cdo    remapcon: YAC first order conservative weights from unstructured (830305) to lonlat (1440x720) grid
cdo    remapcon: YAC first order conservative weights from unstructured (830305) to lonlat (1440x720) grid
cdo    remapcon: YAC first order conservative weights from unstructured (830305) to lonlat (1440x720) grid
cdo    remapcon: YAC first order conservative weights from unstructured (830305) to lonlat (1440x720) grid
cdo    remapcon: YAC first order conservative weights from unstructured (830305) to lonlat (1440x720) grid
cdo    remapcon: YAC first order conservative weights from unstructured (830305) to lonlat (1440x720) grid
cdo    remapcon: YAC first order conservative weights from unstructured (830305) to lonlat (1440x720) grid
cdo    remapcon: YAC first order conservative weights from unstructured (830305) to lonlat (1440x720) grid
cdo    remapcon: YAC first order conservative weights from unstructured (830305) to lonlat (1440x720) grid
cdo    remapcon: YAC first order conservative weights from unstructured (830305) to lonlat (1440x720) grid
cdo    remapcon: YAC first order conservative weights from unstructured (830305) to lonlat (1440x720) grid
Scanning directory: /maps/rt582/cmipper/.esgpull/data/CMIP6/ScenarioMIP/AWI/AWI-CM-1-1-MR/ssp126
No .nc files found in /maps/rt582/cmipper/.esgpull/data/CMIP6/ScenarioMIP/AWI/AWI-CM-1-1-MR/ssp126
Scanning directory: /maps/rt582/cmipper/.esgpull/data/CMIP6/ScenarioMIP/AWI/AWI-CM-1-1-MR/ssp585
No .nc files found in /maps/rt582/cmipper/.esgpull/data/CMIP6/ScenarioMIP/AWI/AWI-CM-1-1-MR/ssp585
Scanning directory: /maps/rt582/cmipper/.esgpull/data/CMIP6/ScenarioMIP/AWI/AWI-CM-1-1-MR/ssp245
No .nc files found in /maps/rt582/cmipper/.esgpull/data/CMIP6/ScenarioMIP/AWI/AWI-CM-1-1-MR/ssp245
Scanning directory: /maps/rt582/cmipper/.esgpull/data/CMIP6/ScenarioMIP/AWI/AWI-CM-1-1-MR/ssp370
No .nc files found in /maps/rt582/cmipper/.esgpull/data/CMIP6/ScenarioMIP/AWI/AWI-CM-1-1-MR/ssp370
Scanning directory: /maps/rt582/cmipper/.esgpull/data/CMIP6/ScenarioMIP/AWI/AWI-CM-1-1-MR/ssp126/r1i1p1f1
No .nc files found in /maps/rt582/cmipper/.esgpull/data/CMIP6/ScenarioMIP/AWI/AWI-CM-1-1-MR/ssp126/r1i1p1f1
Scanning directory: /maps/rt582/cmipper/.esgpull/data/CMIP6/ScenarioMIP/AWI/AWI-CM-1-1-MR/ssp585/r1i1p1f1
No .nc files found in /maps/rt582/cmipper/.esgpull/data/CMIP6/ScenarioMIP/AWI/AWI-CM-1-1-MR/ssp585/r1i1p1f1
Scanning directory: /maps/rt582/cmipper/.esgpull/data/CMIP6/ScenarioMIP/AWI/AWI-CM-1-1-MR/ssp245/r1i1p1f1
No .nc files found in /maps/rt582/cmipper/.esgpull/data/CMIP6/ScenarioMIP/AWI/AWI-CM-1-1-MR/ssp245/r1i1p1f1
Scanning directory: /maps/rt582/cmipper/.esgpull/data/CMIP6/ScenarioMIP/AWI/AWI-CM-1-1-MR/ssp370/r1i1p1f1
No .nc files found in /maps/rt582/cmipper/.esgpull/data/CMIP6/ScenarioMIP/AWI/AWI-CM-1-1-MR/ssp370/r1i1p1f1
Scanning directory: /maps/rt582/cmipper/.esgpull/data/CMIP6/ScenarioMIP/AWI/AWI-CM-1-1-MR/ssp126/r1i1p1f1/Omon
No .nc files found in /maps/rt582/cmipper/.esgpull/data/CMIP6/ScenarioMIP/AWI/AWI-CM-1-1-MR/ssp126/r1i1p1f1/Omon
Scanning directory: /maps/rt582/cmipper/.esgpull/data/CMIP6/ScenarioMIP/AWI/AWI-CM-1-1-MR/ssp126/r1i1p1f1/Omon/so
No .nc files found in /maps/rt582/cmipper/.esgpull/data/CMIP6/ScenarioMIP/AWI/AWI-CM-1-1-MR/ssp126/r1i1p1f1/Omon/so
Scanning directory: /maps/rt582/cmipper/.esgpull/data/CMIP6/ScenarioMIP/AWI/AWI-CM-1-1-MR/ssp126/r1i1p1f1/Omon/rsdo
No .nc files found in /maps/rt582/cmipper/.esgpull/data/CMIP6/ScenarioMIP/AWI/AWI-CM-1-1-MR/ssp126/r1i1p1f1/Omon/rsdo
Scanning directory: /maps/rt582/cmipper/.esgpull/data/CMIP6/ScenarioMIP/AWI/AWI-CM-1-1-MR/ssp126/r1i1p1f1/Omon/tos
No .nc files found in /maps/rt582/cmipper/.esgpull/data/CMIP6/ScenarioMIP/AWI/AWI-CM-1-1-MR/ssp126/r1i1p1f1/Omon/tos
Scanning directory: /maps/rt582/cmipper/.esgpull/data/CMIP6/ScenarioMIP/AWI/AWI-CM-1-1-MR/ssp126/r1i1p1f1/Omon/so/gn
No .nc files found in /maps/rt582/cmipper/.esgpull/data/CMIP6/ScenarioMIP/AWI/AWI-CM-1-1-MR/ssp126/r1i1p1f1/Omon/so/gn
Scanning directory: /maps/rt582/cmipper/.esgpull/data/CMIP6/ScenarioMIP/AWI/AWI-CM-1-1-MR/ssp126/r1i1p1f1/Omon/rsdo/gn
No .nc files found in /maps/rt582/cmipper/.esgpull/data/CMIP6/ScenarioMIP/AWI/AWI-CM-1-1-MR/ssp126/r1i1p1f1/Omon/rsdo/gn
Scanning directory: /maps/rt582/cmipper/.esgpull/data/CMIP6/ScenarioMIP/AWI/AWI-CM-1-1-MR/ssp126/r1i1p1f1/Omon/tos/gn
No .nc files found in /maps/rt582/cmipper/.esgpull/data/CMIP6/ScenarioMIP/AWI/AWI-CM-1-1-MR/ssp126/r1i1p1f1/Omon/tos/gn
Scanning directory: /maps/rt582/cmipper/.esgpull/data/CMIP6/ScenarioMIP/AWI/AWI-CM-1-1-MR/ssp126/r1i1p1f1/Omon/so/gn/v20181218
	Remapping 7 files in /maps/rt582/cmipper/.esgpull/data/CMIP6/ScenarioMIP/AWI/AWI-CM-1-1-MR/ssp126/r1i1p1f1/Omon/so/gn/v20181218
	Remapping 7 files in /maps/rt582/cmipper/.esgpull/data/CMIP6/ScenarioMIP/AWI/AWI-CM-1-1-MR/ssp126/r1i1p1f1/Omon/so/gn/v20181218
	Remapping /maps/rt582/cmipper/.esgpull/data/CMIP6/ScenarioMIP/AWI/AWI-CM-1-1-MR/ssp126/r1i1p1f1/Omon/so/gn/v20181218/so_Omon_AWI-CM-1-1-MR_ssp126_r1i1p1f1_gn_201501-202012.nc -> /maps/rt582/cmipper/.esgpull/data/CMIP6/ScenarioMIP/AWI/AWI-CM-1-1-MR/ssp126/r1i1p1f1/Omon/so/gn/v20181218/remapped/so_Omon_AWI-CM-1-1-MR_ssp126_r1i1p1f1_gn_201501-202012.nc
Remapped: /maps/rt582/cmipper/.esgpull/data/CMIP6/ScenarioMIP/AWI/AWI-CM-1-1-MR/ssp126/r1i1p1f1/Omon/so/gn/v20181218/so_Omon_AWI-CM-1-1-MR_ssp126_r1i1p1f1_gn_201501-202012.nc -> /maps/rt582/cmipper/.esgpull/data/CMIP6/ScenarioMIP/AWI/AWI-CM-1-1-MR/ssp126/r1i1p1f1/Omon/so/gn/v20181218/remapped/so_Omon_AWI-CM-1-1-MR_ssp126_r1i1p1f1_gn_201501-202012.nc
	Remapping /maps/rt582/cmipper/.esgpull/data/CMIP6/ScenarioMIP/AWI/AWI-CM-1-1-MR/ssp126/r1i1p1f1/Omon/so/gn/v20181218/so_Omon_AWI-CM-1-1-MR_ssp126_r1i1p1f1_gn_208101-209012.nc -> /maps/rt582/cmipper/.esgpull/data/CMIP6/ScenarioMIP/AWI/AWI-CM-1-1-MR/ssp126/r1i1p1f1/Omon/so/gn/v20181218/remapped/so_Omon_AWI-CM-1-1-MR_ssp126_r1i1p1f1_gn_208101-209012.nc
Remapped: /maps/rt582/cmipper/.esgpull/data/CMIP6/ScenarioMIP/AWI/AWI-CM-1-1-MR/ssp126/r1i1p1f1/Omon/so/gn/v20181218/so_Omon_AWI-CM-1-1-MR_ssp126_r1i1p1f1_gn_208101-209012.nc -> /maps/rt582/cmipper/.esgpull/data/CMIP6/ScenarioMIP/AWI/AWI-CM-1-1-MR/ssp126/r1i1p1f1/Omon/so/gn/v20181218/remapped/so_Omon_AWI-CM-1-1-MR_ssp126_r1i1p1f1_gn_208101-209012.nc
	Remapping /maps/rt582/cmipper/.esgpull/data/CMIP6/ScenarioMIP/AWI/AWI-CM-1-1-MR/ssp126/r1i1p1f1/Omon/so/gn/v20181218/so_Omon_AWI-CM-1-1-MR_ssp126_r1i1p1f1_gn_206101-207012.nc -> /maps/rt582/cmipper/.esgpull/data/CMIP6/ScenarioMIP/AWI/AWI-CM-1-1-MR/ssp126/r1i1p1f1/Omon/so/gn/v20181218/remapped/so_Omon_AWI-CM-1-1-MR_ssp126_r1i1p1f1_gn_206101-207012.nc
Remapped: /maps/rt582/cmipper/.esgpull/data/CMIP6/ScenarioMIP/AWI/AWI-CM-1-1-MR/ssp126/r1i1p1f1/Omon/so/gn/v20181218/so_Omon_AWI-CM-1-1-MR_ssp126_r1i1p1f1_gn_206101-207012.nc -> /maps/rt582/cmipper/.esgpull/data/CMIP6/ScenarioMIP/AWI/AWI-CM-1-1-MR/ssp126/r1i1p1f1/Omon/so/gn/v20181218/remapped/so_Omon_AWI-CM-1-1-MR_ssp126_r1i1p1f1_gn_206101-207012.nc
	Remapping /maps/rt582/cmipper/.esgpull/data/CMIP6/ScenarioMIP/AWI/AWI-CM-1-1-MR/ssp126/r1i1p1f1/Omon/so/gn/v20181218/so_Omon_AWI-CM-1-1-MR_ssp126_r1i1p1f1_gn_205101-206012.nc -> /maps/rt582/cmipper/.esgpull/data/CMIP6/ScenarioMIP/AWI/AWI-CM-1-1-MR/ssp126/r1i1p1f1/Omon/so/gn/v20181218/remapped/so_Omon_AWI-CM-1-1-MR_ssp126_r1i1p1f1_gn_205101-206012.nc
Remapped: /maps/rt582/cmipper/.esgpull/data/CMIP6/ScenarioMIP/AWI/AWI-CM-1-1-MR/ssp126/r1i1p1f1/Omon/so/gn/v20181218/so_Omon_AWI-CM-1-1-MR_ssp126_r1i1p1f1_gn_205101-206012.nc -> /maps/rt582/cmipper/.esgpull/data/CMIP6/ScenarioMIP/AWI/AWI-CM-1-1-MR/ssp126/r1i1p1f1/Omon/so/gn/v20181218/remapped/so_Omon_AWI-CM-1-1-MR_ssp126_r1i1p1f1_gn_205101-206012.nc
	Remapping /maps/rt582/cmipper/.esgpull/data/CMIP6/ScenarioMIP/AWI/AWI-CM-1-1-MR/ssp126/r1i1p1f1/Omon/so/gn/v20181218/so_Omon_AWI-CM-1-1-MR_ssp126_r1i1p1f1_gn_204101-205012.nc -> /maps/rt582/cmipper/.esgpull/data/CMIP6/ScenarioMIP/AWI/AWI-CM-1-1-MR/ssp126/r1i1p1f1/Omon/so/gn/v20181218/remapped/so_Omon_AWI-CM-1-1-MR_ssp126_r1i1p1f1_gn_204101-205012.nc
Remapped: /maps/rt582/cmipper/.esgpull/data/CMIP6/ScenarioMIP/AWI/AWI-CM-1-1-MR/ssp126/r1i1p1f1/Omon/so/gn/v20181218/so_Omon_AWI-CM-1-1-MR_ssp126_r1i1p1f1_gn_204101-205012.nc -> /maps/rt582/cmipper/.esgpull/data/CMIP6/ScenarioMIP/AWI/AWI-CM-1-1-MR/ssp126/r1i1p1f1/Omon/so/gn/v20181218/remapped/so_Omon_AWI-CM-1-1-MR_ssp126_r1i1p1f1_gn_204101-205012.nc
	Remapping /maps/rt582/cmipper/.esgpull/data/CMIP6/ScenarioMIP/AWI/AWI-CM-1-1-MR/ssp126/r1i1p1f1/Omon/so/gn/v20181218/so_Omon_AWI-CM-1-1-MR_ssp126_r1i1p1f1_gn_203101-204012.nc -> /maps/rt582/cmipper/.esgpull/data/CMIP6/ScenarioMIP/AWI/AWI-CM-1-1-MR/ssp126/r1i1p1f1/Omon/so/gn/v20181218/remapped/so_Omon_AWI-CM-1-1-MR_ssp126_r1i1p1f1_gn_203101-204012.nc
Remapped: /maps/rt582/cmipper/.esgpull/data/CMIP6/ScenarioMIP/AWI/AWI-CM-1-1-MR/ssp126/r1i1p1f1/Omon/so/gn/v20181218/so_Omon_AWI-CM-1-1-MR_ssp126_r1i1p1f1_gn_203101-204012.nc -> /maps/rt582/cmipper/.esgpull/data/CMIP6/ScenarioMIP/AWI/AWI-CM-1-1-MR/ssp126/r1i1p1f1/Omon/so/gn/v20181218/remapped/so_Omon_AWI-CM-1-1-MR_ssp126_r1i1p1f1_gn_203101-204012.nc
	Remapping /maps/rt582/cmipper/.esgpull/data/CMIP6/ScenarioMIP/AWI/AWI-CM-1-1-MR/ssp126/r1i1p1f1/Omon/so/gn/v20181218/so_Omon_AWI-CM-1-1-MR_ssp126_r1i1p1f1_gn_209101-210012.nc -> /maps/rt582/cmipper/.esgpull/data/CMIP6/ScenarioMIP/AWI/AWI-CM-1-1-MR/ssp126/r1i1p1f1/Omon/so/gn/v20181218/remapped/so_Omon_AWI-CM-1-1-MR_ssp126_r1i1p1f1_gn_209101-210012.nc
Remapped: /maps/rt582/cmipper/.esgpull/data/CMIP6/ScenarioMIP/AWI/AWI-CM-1-1-MR/ssp126/r1i1p1f1/Omon/so/gn/v20181218/so_Omon_AWI-CM-1-1-MR_ssp126_r1i1p1f1_gn_209101-210012.nc -> /maps/rt582/cmipper/.esgpull/data/CMIP6/ScenarioMIP/AWI/AWI-CM-1-1-MR/ssp126/r1i1p1f1/Omon/so/gn/v20181218/remapped/so_Omon_AWI-CM-1-1-MR_ssp126_r1i1p1f1_gn_209101-210012.nc
Scanning directory: /maps/rt582/cmipper/.esgpull/data/CMIP6/ScenarioMIP/AWI/AWI-CM-1-1-MR/ssp126/r1i1p1f1/Omon/so/gn/v20181218/remapped
Skipping directory (filepath contains remapped/processed): /maps/rt582/cmipper/.esgpull/data/CMIP6/ScenarioMIP/AWI/AWI-CM-1-1-MR/ssp126/r1i1p1f1/Omon/so/gn/v20181218/remapped
Scanning directory: /maps/rt582/cmipper/.esgpull/data/CMIP6/ScenarioMIP/AWI/AWI-CM-1-1-MR/ssp126/r1i1p1f1/Omon/rsdo/gn/v20181218
	Remapping 9 files in /maps/rt582/cmipper/.esgpull/data/CMIP6/ScenarioMIP/AWI/AWI-CM-1-1-MR/ssp126/r1i1p1f1/Omon/rsdo/gn/v20181218
	Remapping 9 files in /maps/rt582/cmipper/.esgpull/data/CMIP6/ScenarioMIP/AWI/AWI-CM-1-1-MR/ssp126/r1i1p1f1/Omon/rsdo/gn/v20181218
/maps/rt582/cmipper/.esgpull/data/CMIP6/ScenarioMIP/AWI/AWI-CM-1-1-MR/ssp126/r1i1p1f1/Omon/rsdo/gn/v20181218/remapped/rsdo_Omon_AWI-CM-1-1-MR_ssp126_r1i1p1f1_gn_202101-203012.nc already exists. Skipping...
/maps/rt582/cmipper/.esgpull/data/CMIP6/ScenarioMIP/AWI/AWI-CM-1-1-MR/ssp126/r1i1p1f1/Omon/rsdo/gn/v20181218/remapped/rsdo_Omon_AWI-CM-1-1-MR_ssp126_r1i1p1f1_gn_201501-202012.nc already exists. Skipping...
/maps/rt582/cmipper/.esgpull/data/CMIP6/ScenarioMIP/AWI/AWI-CM-1-1-MR/ssp126/r1i1p1f1/Omon/rsdo/gn/v20181218/remapped/rsdo_Omon_AWI-CM-1-1-MR_ssp126_r1i1p1f1_gn_206101-207012.nc already exists. Skipping...
/maps/rt582/cmipper/.esgpull/data/CMIP6/ScenarioMIP/AWI/AWI-CM-1-1-MR/ssp126/r1i1p1f1/Omon/rsdo/gn/v20181218/remapped/rsdo_Omon_AWI-CM-1-1-MR_ssp126_r1i1p1f1_gn_208101-209012.nc already exists. Skipping...
/maps/rt582/cmipper/.esgpull/data/CMIP6/ScenarioMIP/AWI/AWI-CM-1-1-MR/ssp126/r1i1p1f1/Omon/rsdo/gn/v20181218/remapped/rsdo_Omon_AWI-CM-1-1-MR_ssp126_r1i1p1f1_gn_205101-206012.nc already exists. Skipping...
/maps/rt582/cmipper/.esgpull/data/CMIP6/ScenarioMIP/AWI/AWI-CM-1-1-MR/ssp126/r1i1p1f1/Omon/rsdo/gn/v20181218/remapped/rsdo_Omon_AWI-CM-1-1-MR_ssp126_r1i1p1f1_gn_204101-205012.nc already exists. Skipping...
/maps/rt582/cmipper/.esgpull/data/CMIP6/ScenarioMIP/AWI/AWI-CM-1-1-MR/ssp126/r1i1p1f1/Omon/rsdo/gn/v20181218/remapped/rsdo_Omon_AWI-CM-1-1-MR_ssp126_r1i1p1f1_gn_203101-204012.nc already exists. Skipping...
/maps/rt582/cmipper/.esgpull/data/CMIP6/ScenarioMIP/AWI/AWI-CM-1-1-MR/ssp126/r1i1p1f1/Omon/rsdo/gn/v20181218/remapped/rsdo_Omon_AWI-CM-1-1-MR_ssp126_r1i1p1f1_gn_209101-210012.nc already exists. Skipping...
/maps/rt582/cmipper/.esgpull/data/CMIP6/ScenarioMIP/AWI/AWI-CM-1-1-MR/ssp126/r1i1p1f1/Omon/rsdo/gn/v20181218/remapped/rsdo_Omon_AWI-CM-1-1-MR_ssp126_r1i1p1f1_gn_207101-208012.nc already exists. Skipping...
Scanning directory: /maps/rt582/cmipper/.esgpull/data/CMIP6/ScenarioMIP/AWI/AWI-CM-1-1-MR/ssp126/r1i1p1f1/Omon/rsdo/gn/v20181218/remapped
Skipping directory (filepath contains remapped/processed): /maps/rt582/cmipper/.esgpull/data/CMIP6/ScenarioMIP/AWI/AWI-CM-1-1-MR/ssp126/r1i1p1f1/Omon/rsdo/gn/v20181218/remapped
Scanning directory: /maps/rt582/cmipper/.esgpull/data/CMIP6/ScenarioMIP/AWI/AWI-CM-1-1-MR/ssp126/r1i1p1f1/Omon/tos/gn/v20181218
No .nc files found in /maps/rt582/cmipper/.esgpull/data/CMIP6/ScenarioMIP/AWI/AWI-CM-1-1-MR/ssp126/r1i1p1f1/Omon/tos/gn/v20181218
Scanning directory: /maps/rt582/cmipper/.esgpull/data/CMIP6/ScenarioMIP/AWI/AWI-CM-1-1-MR/ssp126/r1i1p1f1/Omon/tos/gn/v20181218/remapped
Skipping directory (filepath contains remapped/processed): /maps/rt582/cmipper/.esgpull/data/CMIP6/ScenarioMIP/AWI/AWI-CM-1-1-MR/ssp126/r1i1p1f1/Omon/tos/gn/v20181218/remapped
Scanning directory: /maps/rt582/cmipper/.esgpull/data/CMIP6/ScenarioMIP/AWI/AWI-CM-1-1-MR/ssp585/r1i1p1f1/Omon
No .nc files found in /maps/rt582/cmipper/.esgpull/data/CMIP6/ScenarioMIP/AWI/AWI-CM-1-1-MR/ssp585/r1i1p1f1/Omon
Scanning directory: /maps/rt582/cmipper/.esgpull/data/CMIP6/ScenarioMIP/AWI/AWI-CM-1-1-MR/ssp585/r1i1p1f1/Omon/rsdo
No .nc files found in /maps/rt582/cmipper/.esgpull/data/CMIP6/ScenarioMIP/AWI/AWI-CM-1-1-MR/ssp585/r1i1p1f1/Omon/rsdo
Scanning directory: /maps/rt582/cmipper/.esgpull/data/CMIP6/ScenarioMIP/AWI/AWI-CM-1-1-MR/ssp585/r1i1p1f1/Omon/tos
No .nc files found in /maps/rt582/cmipper/.esgpull/data/CMIP6/ScenarioMIP/AWI/AWI-CM-1-1-MR/ssp585/r1i1p1f1/Omon/tos
Scanning directory: /maps/rt582/cmipper/.esgpull/data/CMIP6/ScenarioMIP/AWI/AWI-CM-1-1-MR/ssp585/r1i1p1f1/Omon/rsdo/gn
No .nc files found in /maps/rt582/cmipper/.esgpull/data/CMIP6/ScenarioMIP/AWI/AWI-CM-1-1-MR/ssp585/r1i1p1f1/Omon/rsdo/gn
Scanning directory: /maps/rt582/cmipper/.esgpull/data/CMIP6/ScenarioMIP/AWI/AWI-CM-1-1-MR/ssp585/r1i1p1f1/Omon/tos/gn
No .nc files found in /maps/rt582/cmipper/.esgpull/data/CMIP6/ScenarioMIP/AWI/AWI-CM-1-1-MR/ssp585/r1i1p1f1/Omon/tos/gn
Scanning directory: /maps/rt582/cmipper/.esgpull/data/CMIP6/ScenarioMIP/AWI/AWI-CM-1-1-MR/ssp585/r1i1p1f1/Omon/rsdo/gn/v20181218
No .nc files found in /maps/rt582/cmipper/.esgpull/data/CMIP6/ScenarioMIP/AWI/AWI-CM-1-1-MR/ssp585/r1i1p1f1/Omon/rsdo/gn/v20181218
Scanning directory: /maps/rt582/cmipper/.esgpull/data/CMIP6/ScenarioMIP/AWI/AWI-CM-1-1-MR/ssp585/r1i1p1f1/Omon/rsdo/gn/v20181218/remapped
Skipping directory (filepath contains remapped/processed): /maps/rt582/cmipper/.esgpull/data/CMIP6/ScenarioMIP/AWI/AWI-CM-1-1-MR/ssp585/r1i1p1f1/Omon/rsdo/gn/v20181218/remapped
Scanning directory: /maps/rt582/cmipper/.esgpull/data/CMIP6/ScenarioMIP/AWI/AWI-CM-1-1-MR/ssp585/r1i1p1f1/Omon/tos/gn/v20181218
No .nc files found in /maps/rt582/cmipper/.esgpull/data/CMIP6/ScenarioMIP/AWI/AWI-CM-1-1-MR/ssp585/r1i1p1f1/Omon/tos/gn/v20181218
Scanning directory: /maps/rt582/cmipper/.esgpull/data/CMIP6/ScenarioMIP/AWI/AWI-CM-1-1-MR/ssp585/r1i1p1f1/Omon/tos/gn/v20181218/remapped
Skipping directory (filepath contains remapped/processed): /maps/rt582/cmipper/.esgpull/data/CMIP6/ScenarioMIP/AWI/AWI-CM-1-1-MR/ssp585/r1i1p1f1/Omon/tos/gn/v20181218/remapped
Scanning directory: /maps/rt582/cmipper/.esgpull/data/CMIP6/ScenarioMIP/AWI/AWI-CM-1-1-MR/ssp245/r1i1p1f1/Omon
No .nc files found in /maps/rt582/cmipper/.esgpull/data/CMIP6/ScenarioMIP/AWI/AWI-CM-1-1-MR/ssp245/r1i1p1f1/Omon
Scanning directory: /maps/rt582/cmipper/.esgpull/data/CMIP6/ScenarioMIP/AWI/AWI-CM-1-1-MR/ssp245/r1i1p1f1/Omon/tos
No .nc files found in /maps/rt582/cmipper/.esgpull/data/CMIP6/ScenarioMIP/AWI/AWI-CM-1-1-MR/ssp245/r1i1p1f1/Omon/tos
Scanning directory: /maps/rt582/cmipper/.esgpull/data/CMIP6/ScenarioMIP/AWI/AWI-CM-1-1-MR/ssp245/r1i1p1f1/Omon/rsdo
No .nc files found in /maps/rt582/cmipper/.esgpull/data/CMIP6/ScenarioMIP/AWI/AWI-CM-1-1-MR/ssp245/r1i1p1f1/Omon/rsdo
Scanning directory: /maps/rt582/cmipper/.esgpull/data/CMIP6/ScenarioMIP/AWI/AWI-CM-1-1-MR/ssp245/r1i1p1f1/Omon/so
No .nc files found in /maps/rt582/cmipper/.esgpull/data/CMIP6/ScenarioMIP/AWI/AWI-CM-1-1-MR/ssp245/r1i1p1f1/Omon/so
Scanning directory: /maps/rt582/cmipper/.esgpull/data/CMIP6/ScenarioMIP/AWI/AWI-CM-1-1-MR/ssp245/r1i1p1f1/Omon/tos/gn
No .nc files found in /maps/rt582/cmipper/.esgpull/data/CMIP6/ScenarioMIP/AWI/AWI-CM-1-1-MR/ssp245/r1i1p1f1/Omon/tos/gn
Scanning directory: /maps/rt582/cmipper/.esgpull/data/CMIP6/ScenarioMIP/AWI/AWI-CM-1-1-MR/ssp245/r1i1p1f1/Omon/rsdo/gn
No .nc files found in /maps/rt582/cmipper/.esgpull/data/CMIP6/ScenarioMIP/AWI/AWI-CM-1-1-MR/ssp245/r1i1p1f1/Omon/rsdo/gn
Scanning directory: /maps/rt582/cmipper/.esgpull/data/CMIP6/ScenarioMIP/AWI/AWI-CM-1-1-MR/ssp245/r1i1p1f1/Omon/so/gn
No .nc files found in /maps/rt582/cmipper/.esgpull/data/CMIP6/ScenarioMIP/AWI/AWI-CM-1-1-MR/ssp245/r1i1p1f1/Omon/so/gn
Scanning directory: /maps/rt582/cmipper/.esgpull/data/CMIP6/ScenarioMIP/AWI/AWI-CM-1-1-MR/ssp245/r1i1p1f1/Omon/tos/gn/v20181218
No .nc files found in /maps/rt582/cmipper/.esgpull/data/CMIP6/ScenarioMIP/AWI/AWI-CM-1-1-MR/ssp245/r1i1p1f1/Omon/tos/gn/v20181218
Scanning directory: /maps/rt582/cmipper/.esgpull/data/CMIP6/ScenarioMIP/AWI/AWI-CM-1-1-MR/ssp245/r1i1p1f1/Omon/tos/gn/v20181218/remapped
Skipping directory (filepath contains remapped/processed): /maps/rt582/cmipper/.esgpull/data/CMIP6/ScenarioMIP/AWI/AWI-CM-1-1-MR/ssp245/r1i1p1f1/Omon/tos/gn/v20181218/remapped
Scanning directory: /maps/rt582/cmipper/.esgpull/data/CMIP6/ScenarioMIP/AWI/AWI-CM-1-1-MR/ssp245/r1i1p1f1/Omon/rsdo/gn/v20181218
No .nc files found in /maps/rt582/cmipper/.esgpull/data/CMIP6/ScenarioMIP/AWI/AWI-CM-1-1-MR/ssp245/r1i1p1f1/Omon/rsdo/gn/v20181218
Scanning directory: /maps/rt582/cmipper/.esgpull/data/CMIP6/ScenarioMIP/AWI/AWI-CM-1-1-MR/ssp245/r1i1p1f1/Omon/rsdo/gn/v20181218/remapped
Skipping directory (filepath contains remapped/processed): /maps/rt582/cmipper/.esgpull/data/CMIP6/ScenarioMIP/AWI/AWI-CM-1-1-MR/ssp245/r1i1p1f1/Omon/rsdo/gn/v20181218/remapped
Scanning directory: /maps/rt582/cmipper/.esgpull/data/CMIP6/ScenarioMIP/AWI/AWI-CM-1-1-MR/ssp245/r1i1p1f1/Omon/so/gn/v20181218
	Remapping 9 files in /maps/rt582/cmipper/.esgpull/data/CMIP6/ScenarioMIP/AWI/AWI-CM-1-1-MR/ssp245/r1i1p1f1/Omon/so/gn/v20181218
	Remapping 9 files in /maps/rt582/cmipper/.esgpull/data/CMIP6/ScenarioMIP/AWI/AWI-CM-1-1-MR/ssp245/r1i1p1f1/Omon/so/gn/v20181218
	Remapping /maps/rt582/cmipper/.esgpull/data/CMIP6/ScenarioMIP/AWI/AWI-CM-1-1-MR/ssp245/r1i1p1f1/Omon/so/gn/v20181218/so_Omon_AWI-CM-1-1-MR_ssp245_r1i1p1f1_gn_204101-205012.nc -> /maps/rt582/cmipper/.esgpull/data/CMIP6/ScenarioMIP/AWI/AWI-CM-1-1-MR/ssp245/r1i1p1f1/Omon/so/gn/v20181218/remapped/so_Omon_AWI-CM-1-1-MR_ssp245_r1i1p1f1_gn_204101-205012.nc
Remapped: /maps/rt582/cmipper/.esgpull/data/CMIP6/ScenarioMIP/AWI/AWI-CM-1-1-MR/ssp245/r1i1p1f1/Omon/so/gn/v20181218/so_Omon_AWI-CM-1-1-MR_ssp245_r1i1p1f1_gn_204101-205012.nc -> /maps/rt582/cmipper/.esgpull/data/CMIP6/ScenarioMIP/AWI/AWI-CM-1-1-MR/ssp245/r1i1p1f1/Omon/so/gn/v20181218/remapped/so_Omon_AWI-CM-1-1-MR_ssp245_r1i1p1f1_gn_204101-205012.nc
	Remapping /maps/rt582/cmipper/.esgpull/data/CMIP6/ScenarioMIP/AWI/AWI-CM-1-1-MR/ssp245/r1i1p1f1/Omon/so/gn/v20181218/so_Omon_AWI-CM-1-1-MR_ssp245_r1i1p1f1_gn_203101-204012.nc -> /maps/rt582/cmipper/.esgpull/data/CMIP6/ScenarioMIP/AWI/AWI-CM-1-1-MR/ssp245/r1i1p1f1/Omon/so/gn/v20181218/remapped/so_Omon_AWI-CM-1-1-MR_ssp245_r1i1p1f1_gn_203101-204012.nc
Remapped: /maps/rt582/cmipper/.esgpull/data/CMIP6/ScenarioMIP/AWI/AWI-CM-1-1-MR/ssp245/r1i1p1f1/Omon/so/gn/v20181218/so_Omon_AWI-CM-1-1-MR_ssp245_r1i1p1f1_gn_203101-204012.nc -> /maps/rt582/cmipper/.esgpull/data/CMIP6/ScenarioMIP/AWI/AWI-CM-1-1-MR/ssp245/r1i1p1f1/Omon/so/gn/v20181218/remapped/so_Omon_AWI-CM-1-1-MR_ssp245_r1i1p1f1_gn_203101-204012.nc
	Remapping /maps/rt582/cmipper/.esgpull/data/CMIP6/ScenarioMIP/AWI/AWI-CM-1-1-MR/ssp245/r1i1p1f1/Omon/so/gn/v20181218/so_Omon_AWI-CM-1-1-MR_ssp245_r1i1p1f1_gn_209101-210012.nc -> /maps/rt582/cmipper/.esgpull/data/CMIP6/ScenarioMIP/AWI/AWI-CM-1-1-MR/ssp245/r1i1p1f1/Omon/so/gn/v20181218/remapped/so_Omon_AWI-CM-1-1-MR_ssp245_r1i1p1f1_gn_209101-210012.nc
Remapped: /maps/rt582/cmipper/.esgpull/data/CMIP6/ScenarioMIP/AWI/AWI-CM-1-1-MR/ssp245/r1i1p1f1/Omon/so/gn/v20181218/so_Omon_AWI-CM-1-1-MR_ssp245_r1i1p1f1_gn_209101-210012.nc -> /maps/rt582/cmipper/.esgpull/data/CMIP6/ScenarioMIP/AWI/AWI-CM-1-1-MR/ssp245/r1i1p1f1/Omon/so/gn/v20181218/remapped/so_Omon_AWI-CM-1-1-MR_ssp245_r1i1p1f1_gn_209101-210012.nc
	Remapping /maps/rt582/cmipper/.esgpull/data/CMIP6/ScenarioMIP/AWI/AWI-CM-1-1-MR/ssp245/r1i1p1f1/Omon/so/gn/v20181218/so_Omon_AWI-CM-1-1-MR_ssp245_r1i1p1f1_gn_207101-208012.nc -> /maps/rt582/cmipper/.esgpull/data/CMIP6/ScenarioMIP/AWI/AWI-CM-1-1-MR/ssp245/r1i1p1f1/Omon/so/gn/v20181218/remapped/so_Omon_AWI-CM-1-1-MR_ssp245_r1i1p1f1_gn_207101-208012.nc
Remapped: /maps/rt582/cmipper/.esgpull/data/CMIP6/ScenarioMIP/AWI/AWI-CM-1-1-MR/ssp245/r1i1p1f1/Omon/so/gn/v20181218/so_Omon_AWI-CM-1-1-MR_ssp245_r1i1p1f1_gn_207101-208012.nc -> /maps/rt582/cmipper/.esgpull/data/CMIP6/ScenarioMIP/AWI/AWI-CM-1-1-MR/ssp245/r1i1p1f1/Omon/so/gn/v20181218/remapped/so_Omon_AWI-CM-1-1-MR_ssp245_r1i1p1f1_gn_207101-208012.nc
	Remapping /maps/rt582/cmipper/.esgpull/data/CMIP6/ScenarioMIP/AWI/AWI-CM-1-1-MR/ssp245/r1i1p1f1/Omon/so/gn/v20181218/so_Omon_AWI-CM-1-1-MR_ssp245_r1i1p1f1_gn_206101-207012.nc -> /maps/rt582/cmipper/.esgpull/data/CMIP6/ScenarioMIP/AWI/AWI-CM-1-1-MR/ssp245/r1i1p1f1/Omon/so/gn/v20181218/remapped/so_Omon_AWI-CM-1-1-MR_ssp245_r1i1p1f1_gn_206101-207012.nc
Remapped: /maps/rt582/cmipper/.esgpull/data/CMIP6/ScenarioMIP/AWI/AWI-CM-1-1-MR/ssp245/r1i1p1f1/Omon/so/gn/v20181218/so_Omon_AWI-CM-1-1-MR_ssp245_r1i1p1f1_gn_206101-207012.nc -> /maps/rt582/cmipper/.esgpull/data/CMIP6/ScenarioMIP/AWI/AWI-CM-1-1-MR/ssp245/r1i1p1f1/Omon/so/gn/v20181218/remapped/so_Omon_AWI-CM-1-1-MR_ssp245_r1i1p1f1_gn_206101-207012.nc
	Remapping /maps/rt582/cmipper/.esgpull/data/CMIP6/ScenarioMIP/AWI/AWI-CM-1-1-MR/ssp245/r1i1p1f1/Omon/so/gn/v20181218/so_Omon_AWI-CM-1-1-MR_ssp245_r1i1p1f1_gn_208101-209012.nc -> /maps/rt582/cmipper/.esgpull/data/CMIP6/ScenarioMIP/AWI/AWI-CM-1-1-MR/ssp245/r1i1p1f1/Omon/so/gn/v20181218/remapped/so_Omon_AWI-CM-1-1-MR_ssp245_r1i1p1f1_gn_208101-209012.nc
Remapped: /maps/rt582/cmipper/.esgpull/data/CMIP6/ScenarioMIP/AWI/AWI-CM-1-1-MR/ssp245/r1i1p1f1/Omon/so/gn/v20181218/so_Omon_AWI-CM-1-1-MR_ssp245_r1i1p1f1_gn_208101-209012.nc -> /maps/rt582/cmipper/.esgpull/data/CMIP6/ScenarioMIP/AWI/AWI-CM-1-1-MR/ssp245/r1i1p1f1/Omon/so/gn/v20181218/remapped/so_Omon_AWI-CM-1-1-MR_ssp245_r1i1p1f1_gn_208101-209012.nc
	Remapping /maps/rt582/cmipper/.esgpull/data/CMIP6/ScenarioMIP/AWI/AWI-CM-1-1-MR/ssp245/r1i1p1f1/Omon/so/gn/v20181218/so_Omon_AWI-CM-1-1-MR_ssp245_r1i1p1f1_gn_205101-206012.nc -> /maps/rt582/cmipper/.esgpull/data/CMIP6/ScenarioMIP/AWI/AWI-CM-1-1-MR/ssp245/r1i1p1f1/Omon/so/gn/v20181218/remapped/so_Omon_AWI-CM-1-1-MR_ssp245_r1i1p1f1_gn_205101-206012.nc
Remapped: /maps/rt582/cmipper/.esgpull/data/CMIP6/ScenarioMIP/AWI/AWI-CM-1-1-MR/ssp245/r1i1p1f1/Omon/so/gn/v20181218/so_Omon_AWI-CM-1-1-MR_ssp245_r1i1p1f1_gn_205101-206012.nc -> /maps/rt582/cmipper/.esgpull/data/CMIP6/ScenarioMIP/AWI/AWI-CM-1-1-MR/ssp245/r1i1p1f1/Omon/so/gn/v20181218/remapped/so_Omon_AWI-CM-1-1-MR_ssp245_r1i1p1f1_gn_205101-206012.nc
	Remapping /maps/rt582/cmipper/.esgpull/data/CMIP6/ScenarioMIP/AWI/AWI-CM-1-1-MR/ssp245/r1i1p1f1/Omon/so/gn/v20181218/so_Omon_AWI-CM-1-1-MR_ssp245_r1i1p1f1_gn_201501-202012.nc -> /maps/rt582/cmipper/.esgpull/data/CMIP6/ScenarioMIP/AWI/AWI-CM-1-1-MR/ssp245/r1i1p1f1/Omon/so/gn/v20181218/remapped/so_Omon_AWI-CM-1-1-MR_ssp245_r1i1p1f1_gn_201501-202012.nc
Remapped: /maps/rt582/cmipper/.esgpull/data/CMIP6/ScenarioMIP/AWI/AWI-CM-1-1-MR/ssp245/r1i1p1f1/Omon/so/gn/v20181218/so_Omon_AWI-CM-1-1-MR_ssp245_r1i1p1f1_gn_201501-202012.nc -> /maps/rt582/cmipper/.esgpull/data/CMIP6/ScenarioMIP/AWI/AWI-CM-1-1-MR/ssp245/r1i1p1f1/Omon/so/gn/v20181218/remapped/so_Omon_AWI-CM-1-1-MR_ssp245_r1i1p1f1_gn_201501-202012.nc
	Remapping /maps/rt582/cmipper/.esgpull/data/CMIP6/ScenarioMIP/AWI/AWI-CM-1-1-MR/ssp245/r1i1p1f1/Omon/so/gn/v20181218/so_Omon_AWI-CM-1-1-MR_ssp245_r1i1p1f1_gn_202101-203012.nc -> /maps/rt582/cmipper/.esgpull/data/CMIP6/ScenarioMIP/AWI/AWI-CM-1-1-MR/ssp245/r1i1p1f1/Omon/so/gn/v20181218/remapped/so_Omon_AWI-CM-1-1-MR_ssp245_r1i1p1f1_gn_202101-203012.nc
Remapped: /maps/rt582/cmipper/.esgpull/data/CMIP6/ScenarioMIP/AWI/AWI-CM-1-1-MR/ssp245/r1i1p1f1/Omon/so/gn/v20181218/so_Omon_AWI-CM-1-1-MR_ssp245_r1i1p1f1_gn_202101-203012.nc -> /maps/rt582/cmipper/.esgpull/data/CMIP6/ScenarioMIP/AWI/AWI-CM-1-1-MR/ssp245/r1i1p1f1/Omon/so/gn/v20181218/remapped/so_Omon_AWI-CM-1-1-MR_ssp245_r1i1p1f1_gn_202101-203012.nc
Scanning directory: /maps/rt582/cmipper/.esgpull/data/CMIP6/ScenarioMIP/AWI/AWI-CM-1-1-MR/ssp245/r1i1p1f1/Omon/so/gn/v20181218/remapped
Skipping directory (filepath contains remapped/processed): /maps/rt582/cmipper/.esgpull/data/CMIP6/ScenarioMIP/AWI/AWI-CM-1-1-MR/ssp245/r1i1p1f1/Omon/so/gn/v20181218/remapped
Scanning directory: /maps/rt582/cmipper/.esgpull/data/CMIP6/ScenarioMIP/AWI/AWI-CM-1-1-MR/ssp370/r1i1p1f1/Omon
No .nc files found in /maps/rt582/cmipper/.esgpull/data/CMIP6/ScenarioMIP/AWI/AWI-CM-1-1-MR/ssp370/r1i1p1f1/Omon
Scanning directory: /maps/rt582/cmipper/.esgpull/data/CMIP6/ScenarioMIP/AWI/AWI-CM-1-1-MR/ssp370/r1i1p1f1/Omon/rsdo
No .nc files found in /maps/rt582/cmipper/.esgpull/data/CMIP6/ScenarioMIP/AWI/AWI-CM-1-1-MR/ssp370/r1i1p1f1/Omon/rsdo
Scanning directory: /maps/rt582/cmipper/.esgpull/data/CMIP6/ScenarioMIP/AWI/AWI-CM-1-1-MR/ssp370/r1i1p1f1/Omon/tos
No .nc files found in /maps/rt582/cmipper/.esgpull/data/CMIP6/ScenarioMIP/AWI/AWI-CM-1-1-MR/ssp370/r1i1p1f1/Omon/tos
Scanning directory: /maps/rt582/cmipper/.esgpull/data/CMIP6/ScenarioMIP/AWI/AWI-CM-1-1-MR/ssp370/r1i1p1f1/Omon/rsdo/gn
No .nc files found in /maps/rt582/cmipper/.esgpull/data/CMIP6/ScenarioMIP/AWI/AWI-CM-1-1-MR/ssp370/r1i1p1f1/Omon/rsdo/gn
Scanning directory: /maps/rt582/cmipper/.esgpull/data/CMIP6/ScenarioMIP/AWI/AWI-CM-1-1-MR/ssp370/r1i1p1f1/Omon/tos/gn
No .nc files found in /maps/rt582/cmipper/.esgpull/data/CMIP6/ScenarioMIP/AWI/AWI-CM-1-1-MR/ssp370/r1i1p1f1/Omon/tos/gn
Scanning directory: /maps/rt582/cmipper/.esgpull/data/CMIP6/ScenarioMIP/AWI/AWI-CM-1-1-MR/ssp370/r1i1p1f1/Omon/rsdo/gn/v20181218
No .nc files found in /maps/rt582/cmipper/.esgpull/data/CMIP6/ScenarioMIP/AWI/AWI-CM-1-1-MR/ssp370/r1i1p1f1/Omon/rsdo/gn/v20181218
Scanning directory: /maps/rt582/cmipper/.esgpull/data/CMIP6/ScenarioMIP/AWI/AWI-CM-1-1-MR/ssp370/r1i1p1f1/Omon/rsdo/gn/v20181218/remapped
Skipping directory (filepath contains remapped/processed): /maps/rt582/cmipper/.esgpull/data/CMIP6/ScenarioMIP/AWI/AWI-CM-1-1-MR/ssp370/r1i1p1f1/Omon/rsdo/gn/v20181218/remapped
Scanning directory: /maps/rt582/cmipper/.esgpull/data/CMIP6/ScenarioMIP/AWI/AWI-CM-1-1-MR/ssp370/r1i1p1f1/Omon/tos/gn/v20181218
No .nc files found in /maps/rt582/cmipper/.esgpull/data/CMIP6/ScenarioMIP/AWI/AWI-CM-1-1-MR/ssp370/r1i1p1f1/Omon/tos/gn/v20181218
Scanning directory: /maps/rt582/cmipper/.esgpull/data/CMIP6/ScenarioMIP/AWI/AWI-CM-1-1-MR/ssp370/r1i1p1f1/Omon/tos/gn/v20181218/remapped
Skipping directory (filepath contains remapped/processed): /maps/rt582/cmipper/.esgpull/data/CMIP6/ScenarioMIP/AWI/AWI-CM-1-1-MR/ssp370/r1i1p1f1/Omon/tos/gn/v20181218/remapped
Scanning directory: /maps/rt582/cmipper/.esgpull/data/CMIP6/ScenarioMIP/AWI/AWI-CM-1-1-MR
No .nc files found in /maps/rt582/cmipper/.esgpull/data/CMIP6/ScenarioMIP/AWI/AWI-CM-1-1-MR
cdo    remapcon: YAC first order conservative weights from unstructured (830305) to lonlat (1440x720) grid
cdo    remapcon: YAC first order conservative weights from unstructured (830305) to lonlat (1440x720) grid
cdo    remapcon: YAC first order conservative weights from unstructured (830305) to lonlat (1440x720) grid
cdo    remapcon: YAC first order conservative weights from unstructured (830305) to lonlat (1440x720) grid
cdo    remapcon: YAC first order conservative weights from unstructured (830305) to lonlat (1440x720) grid
cdo    remapcon: YAC first order conservative weights from unstructured (830305) to lonlat (1440x720) grid
cdo    remapcon: YAC first order conservative weights from unstructured (830305) to lonlat (1440x720) grid
cdo    remapcon: YAC first order conservative weights from unstructured (830305) to lonlat (1440x720) grid
cdo    remapcon: YAC first order conservative weights from unstructured (830305) to lonlat (1440x720) grid
cdo    remapcon: YAC first order conservative weights from unstructured (830305) to lonlat (1440x720) grid
cdo    remapcon: YAC first order conservative weights from unstructured (830305) to lonlat (1440x720) grid
cdo    remapcon: YAC first order conservative weights from unstructured (830305) to lonlat (1440x720) grid
cdo    remapcon: YAC first order conservative weights from unstructured (830305) to lonlat (1440x720) grid
cdo    remapcon: YAC first order conservative weights from unstructured (830305) to lonlat (1440x720) grid
cdo    remapcon: YAC first order conservative weights from unstructured (830305) to lonlat (1440x720) grid
cdo    remapcon: YAC first order conservative weights from unstructured (830305) to lonlat (1440x720) grid
cdo    remapcon: YAC first order conservative weights from unstructured (830305) to lonlat (1440x720) grid
cdo    remapcon: YAC first order conservative weights from unstructured (830305) to lonlat (1440x720) grid
Scanning directory: /maps/rt582/cmipper/.esgpull/data/CMIP6/ScenarioMIP/AWI/AWI-CM-1-1-MR/ssp126
No .nc files found in /maps/rt582/cmipper/.esgpull/data/CMIP6/ScenarioMIP/AWI/AWI-CM-1-1-MR/ssp126
Scanning directory: /maps/rt582/cmipper/.esgpull/data/CMIP6/ScenarioMIP/AWI/AWI-CM-1-1-MR/ssp585
No .nc files found in /maps/rt582/cmipper/.esgpull/data/CMIP6/ScenarioMIP/AWI/AWI-CM-1-1-MR/ssp585
Scanning directory: /maps/rt582/cmipper/.esgpull/data/CMIP6/ScenarioMIP/AWI/AWI-CM-1-1-MR/ssp245
No .nc files found in /maps/rt582/cmipper/.esgpull/data/CMIP6/ScenarioMIP/AWI/AWI-CM-1-1-MR/ssp245
Scanning directory: /maps/rt582/cmipper/.esgpull/data/CMIP6/ScenarioMIP/AWI/AWI-CM-1-1-MR/ssp370
No .nc files found in /maps/rt582/cmipper/.esgpull/data/CMIP6/ScenarioMIP/AWI/AWI-CM-1-1-MR/ssp370
Scanning directory: /maps/rt582/cmipper/.esgpull/data/CMIP6/ScenarioMIP/AWI/AWI-CM-1-1-MR/ssp126/r1i1p1f1
No .nc files found in /maps/rt582/cmipper/.esgpull/data/CMIP6/ScenarioMIP/AWI/AWI-CM-1-1-MR/ssp126/r1i1p1f1
Scanning directory: /maps/rt582/cmipper/.esgpull/data/CMIP6/ScenarioMIP/AWI/AWI-CM-1-1-MR/ssp585/r1i1p1f1
No .nc files found in /maps/rt582/cmipper/.esgpull/data/CMIP6/ScenarioMIP/AWI/AWI-CM-1-1-MR/ssp585/r1i1p1f1
Scanning directory: /maps/rt582/cmipper/.esgpull/data/CMIP6/ScenarioMIP/AWI/AWI-CM-1-1-MR/ssp245/r1i1p1f1
No .nc files found in /maps/rt582/cmipper/.esgpull/data/CMIP6/ScenarioMIP/AWI/AWI-CM-1-1-MR/ssp245/r1i1p1f1
Scanning directory: /maps/rt582/cmipper/.esgpull/data/CMIP6/ScenarioMIP/AWI/AWI-CM-1-1-MR/ssp370/r1i1p1f1
No .nc files found in /maps/rt582/cmipper/.esgpull/data/CMIP6/ScenarioMIP/AWI/AWI-CM-1-1-MR/ssp370/r1i1p1f1
Scanning directory: /maps/rt582/cmipper/.esgpull/data/CMIP6/ScenarioMIP/AWI/AWI-CM-1-1-MR/ssp126/r1i1p1f1/Omon
No .nc files found in /maps/rt582/cmipper/.esgpull/data/CMIP6/ScenarioMIP/AWI/AWI-CM-1-1-MR/ssp126/r1i1p1f1/Omon
Scanning directory: /maps/rt582/cmipper/.esgpull/data/CMIP6/ScenarioMIP/AWI/AWI-CM-1-1-MR/ssp126/r1i1p1f1/Omon/so
No .nc files found in /maps/rt582/cmipper/.esgpull/data/CMIP6/ScenarioMIP/AWI/AWI-CM-1-1-MR/ssp126/r1i1p1f1/Omon/so
Scanning directory: /maps/rt582/cmipper/.esgpull/data/CMIP6/ScenarioMIP/AWI/AWI-CM-1-1-MR/ssp126/r1i1p1f1/Omon/rsdo
No .nc files found in /maps/rt582/cmipper/.esgpull/data/CMIP6/ScenarioMIP/AWI/AWI-CM-1-1-MR/ssp126/r1i1p1f1/Omon/rsdo
Scanning directory: /maps/rt582/cmipper/.esgpull/data/CMIP6/ScenarioMIP/AWI/AWI-CM-1-1-MR/ssp126/r1i1p1f1/Omon/tos
No .nc files found in /maps/rt582/cmipper/.esgpull/data/CMIP6/ScenarioMIP/AWI/AWI-CM-1-1-MR/ssp126/r1i1p1f1/Omon/tos
Scanning directory: /maps/rt582/cmipper/.esgpull/data/CMIP6/ScenarioMIP/AWI/AWI-CM-1-1-MR/ssp126/r1i1p1f1/Omon/so/gn
No .nc files found in /maps/rt582/cmipper/.esgpull/data/CMIP6/ScenarioMIP/AWI/AWI-CM-1-1-MR/ssp126/r1i1p1f1/Omon/so/gn
Scanning directory: /maps/rt582/cmipper/.esgpull/data/CMIP6/ScenarioMIP/AWI/AWI-CM-1-1-MR/ssp126/r1i1p1f1/Omon/rsdo/gn
No .nc files found in /maps/rt582/cmipper/.esgpull/data/CMIP6/ScenarioMIP/AWI/AWI-CM-1-1-MR/ssp126/r1i1p1f1/Omon/rsdo/gn
Scanning directory: /maps/rt582/cmipper/.esgpull/data/CMIP6/ScenarioMIP/AWI/AWI-CM-1-1-MR/ssp126/r1i1p1f1/Omon/tos/gn
No .nc files found in /maps/rt582/cmipper/.esgpull/data/CMIP6/ScenarioMIP/AWI/AWI-CM-1-1-MR/ssp126/r1i1p1f1/Omon/tos/gn
Scanning directory: /maps/rt582/cmipper/.esgpull/data/CMIP6/ScenarioMIP/AWI/AWI-CM-1-1-MR/ssp126/r1i1p1f1/Omon/so/gn/v20181218
No .nc files found in /maps/rt582/cmipper/.esgpull/data/CMIP6/ScenarioMIP/AWI/AWI-CM-1-1-MR/ssp126/r1i1p1f1/Omon/so/gn/v20181218
Scanning directory: /maps/rt582/cmipper/.esgpull/data/CMIP6/ScenarioMIP/AWI/AWI-CM-1-1-MR/ssp126/r1i1p1f1/Omon/so/gn/v20181218/remapped
Skipping directory (filepath contains remapped/processed): /maps/rt582/cmipper/.esgpull/data/CMIP6/ScenarioMIP/AWI/AWI-CM-1-1-MR/ssp126/r1i1p1f1/Omon/so/gn/v20181218/remapped
Scanning directory: /maps/rt582/cmipper/.esgpull/data/CMIP6/ScenarioMIP/AWI/AWI-CM-1-1-MR/ssp126/r1i1p1f1/Omon/rsdo/gn/v20181218
No .nc files found in /maps/rt582/cmipper/.esgpull/data/CMIP6/ScenarioMIP/AWI/AWI-CM-1-1-MR/ssp126/r1i1p1f1/Omon/rsdo/gn/v20181218
Scanning directory: /maps/rt582/cmipper/.esgpull/data/CMIP6/ScenarioMIP/AWI/AWI-CM-1-1-MR/ssp126/r1i1p1f1/Omon/rsdo/gn/v20181218/remapped
Skipping directory (filepath contains remapped/processed): /maps/rt582/cmipper/.esgpull/data/CMIP6/ScenarioMIP/AWI/AWI-CM-1-1-MR/ssp126/r1i1p1f1/Omon/rsdo/gn/v20181218/remapped
Scanning directory: /maps/rt582/cmipper/.esgpull/data/CMIP6/ScenarioMIP/AWI/AWI-CM-1-1-MR/ssp126/r1i1p1f1/Omon/tos/gn/v20181218
No .nc files found in /maps/rt582/cmipper/.esgpull/data/CMIP6/ScenarioMIP/AWI/AWI-CM-1-1-MR/ssp126/r1i1p1f1/Omon/tos/gn/v20181218
Scanning directory: /maps/rt582/cmipper/.esgpull/data/CMIP6/ScenarioMIP/AWI/AWI-CM-1-1-MR/ssp126/r1i1p1f1/Omon/tos/gn/v20181218/remapped
Skipping directory (filepath contains remapped/processed): /maps/rt582/cmipper/.esgpull/data/CMIP6/ScenarioMIP/AWI/AWI-CM-1-1-MR/ssp126/r1i1p1f1/Omon/tos/gn/v20181218/remapped
Scanning directory: /maps/rt582/cmipper/.esgpull/data/CMIP6/ScenarioMIP/AWI/AWI-CM-1-1-MR/ssp585/r1i1p1f1/Omon
No .nc files found in /maps/rt582/cmipper/.esgpull/data/CMIP6/ScenarioMIP/AWI/AWI-CM-1-1-MR/ssp585/r1i1p1f1/Omon
Scanning directory: /maps/rt582/cmipper/.esgpull/data/CMIP6/ScenarioMIP/AWI/AWI-CM-1-1-MR/ssp585/r1i1p1f1/Omon/so
No .nc files found in /maps/rt582/cmipper/.esgpull/data/CMIP6/ScenarioMIP/AWI/AWI-CM-1-1-MR/ssp585/r1i1p1f1/Omon/so
Scanning directory: /maps/rt582/cmipper/.esgpull/data/CMIP6/ScenarioMIP/AWI/AWI-CM-1-1-MR/ssp585/r1i1p1f1/Omon/rsdo
No .nc files found in /maps/rt582/cmipper/.esgpull/data/CMIP6/ScenarioMIP/AWI/AWI-CM-1-1-MR/ssp585/r1i1p1f1/Omon/rsdo
Scanning directory: /maps/rt582/cmipper/.esgpull/data/CMIP6/ScenarioMIP/AWI/AWI-CM-1-1-MR/ssp585/r1i1p1f1/Omon/tos
No .nc files found in /maps/rt582/cmipper/.esgpull/data/CMIP6/ScenarioMIP/AWI/AWI-CM-1-1-MR/ssp585/r1i1p1f1/Omon/tos
Scanning directory: /maps/rt582/cmipper/.esgpull/data/CMIP6/ScenarioMIP/AWI/AWI-CM-1-1-MR/ssp585/r1i1p1f1/Omon/so/gn
No .nc files found in /maps/rt582/cmipper/.esgpull/data/CMIP6/ScenarioMIP/AWI/AWI-CM-1-1-MR/ssp585/r1i1p1f1/Omon/so/gn
Scanning directory: /maps/rt582/cmipper/.esgpull/data/CMIP6/ScenarioMIP/AWI/AWI-CM-1-1-MR/ssp585/r1i1p1f1/Omon/rsdo/gn
No .nc files found in /maps/rt582/cmipper/.esgpull/data/CMIP6/ScenarioMIP/AWI/AWI-CM-1-1-MR/ssp585/r1i1p1f1/Omon/rsdo/gn
Scanning directory: /maps/rt582/cmipper/.esgpull/data/CMIP6/ScenarioMIP/AWI/AWI-CM-1-1-MR/ssp585/r1i1p1f1/Omon/tos/gn
No .nc files found in /maps/rt582/cmipper/.esgpull/data/CMIP6/ScenarioMIP/AWI/AWI-CM-1-1-MR/ssp585/r1i1p1f1/Omon/tos/gn
Scanning directory: /maps/rt582/cmipper/.esgpull/data/CMIP6/ScenarioMIP/AWI/AWI-CM-1-1-MR/ssp585/r1i1p1f1/Omon/so/gn/v20181218
	Remapping 9 files in /maps/rt582/cmipper/.esgpull/data/CMIP6/ScenarioMIP/AWI/AWI-CM-1-1-MR/ssp585/r1i1p1f1/Omon/so/gn/v20181218
	Remapping 9 files in /maps/rt582/cmipper/.esgpull/data/CMIP6/ScenarioMIP/AWI/AWI-CM-1-1-MR/ssp585/r1i1p1f1/Omon/so/gn/v20181218
	Remapping /maps/rt582/cmipper/.esgpull/data/CMIP6/ScenarioMIP/AWI/AWI-CM-1-1-MR/ssp585/r1i1p1f1/Omon/so/gn/v20181218/so_Omon_AWI-CM-1-1-MR_ssp585_r1i1p1f1_gn_202101-203012.nc -> /maps/rt582/cmipper/.esgpull/data/CMIP6/ScenarioMIP/AWI/AWI-CM-1-1-MR/ssp585/r1i1p1f1/Omon/so/gn/v20181218/remapped/so_Omon_AWI-CM-1-1-MR_ssp585_r1i1p1f1_gn_202101-203012.nc
Remapped: /maps/rt582/cmipper/.esgpull/data/CMIP6/ScenarioMIP/AWI/AWI-CM-1-1-MR/ssp585/r1i1p1f1/Omon/so/gn/v20181218/so_Omon_AWI-CM-1-1-MR_ssp585_r1i1p1f1_gn_202101-203012.nc -> /maps/rt582/cmipper/.esgpull/data/CMIP6/ScenarioMIP/AWI/AWI-CM-1-1-MR/ssp585/r1i1p1f1/Omon/so/gn/v20181218/remapped/so_Omon_AWI-CM-1-1-MR_ssp585_r1i1p1f1_gn_202101-203012.nc
	Remapping /maps/rt582/cmipper/.esgpull/data/CMIP6/ScenarioMIP/AWI/AWI-CM-1-1-MR/ssp585/r1i1p1f1/Omon/so/gn/v20181218/so_Omon_AWI-CM-1-1-MR_ssp585_r1i1p1f1_gn_201501-202012.nc -> /maps/rt582/cmipper/.esgpull/data/CMIP6/ScenarioMIP/AWI/AWI-CM-1-1-MR/ssp585/r1i1p1f1/Omon/so/gn/v20181218/remapped/so_Omon_AWI-CM-1-1-MR_ssp585_r1i1p1f1_gn_201501-202012.nc
Remapped: /maps/rt582/cmipper/.esgpull/data/CMIP6/ScenarioMIP/AWI/AWI-CM-1-1-MR/ssp585/r1i1p1f1/Omon/so/gn/v20181218/so_Omon_AWI-CM-1-1-MR_ssp585_r1i1p1f1_gn_201501-202012.nc -> /maps/rt582/cmipper/.esgpull/data/CMIP6/ScenarioMIP/AWI/AWI-CM-1-1-MR/ssp585/r1i1p1f1/Omon/so/gn/v20181218/remapped/so_Omon_AWI-CM-1-1-MR_ssp585_r1i1p1f1_gn_201501-202012.nc
	Remapping /maps/rt582/cmipper/.esgpull/data/CMIP6/ScenarioMIP/AWI/AWI-CM-1-1-MR/ssp585/r1i1p1f1/Omon/so/gn/v20181218/so_Omon_AWI-CM-1-1-MR_ssp585_r1i1p1f1_gn_206101-207012.nc -> /maps/rt582/cmipper/.esgpull/data/CMIP6/ScenarioMIP/AWI/AWI-CM-1-1-MR/ssp585/r1i1p1f1/Omon/so/gn/v20181218/remapped/so_Omon_AWI-CM-1-1-MR_ssp585_r1i1p1f1_gn_206101-207012.nc
Remapped: /maps/rt582/cmipper/.esgpull/data/CMIP6/ScenarioMIP/AWI/AWI-CM-1-1-MR/ssp585/r1i1p1f1/Omon/so/gn/v20181218/so_Omon_AWI-CM-1-1-MR_ssp585_r1i1p1f1_gn_206101-207012.nc -> /maps/rt582/cmipper/.esgpull/data/CMIP6/ScenarioMIP/AWI/AWI-CM-1-1-MR/ssp585/r1i1p1f1/Omon/so/gn/v20181218/remapped/so_Omon_AWI-CM-1-1-MR_ssp585_r1i1p1f1_gn_206101-207012.nc
	Remapping /maps/rt582/cmipper/.esgpull/data/CMIP6/ScenarioMIP/AWI/AWI-CM-1-1-MR/ssp585/r1i1p1f1/Omon/so/gn/v20181218/so_Omon_AWI-CM-1-1-MR_ssp585_r1i1p1f1_gn_208101-209012.nc -> /maps/rt582/cmipper/.esgpull/data/CMIP6/ScenarioMIP/AWI/AWI-CM-1-1-MR/ssp585/r1i1p1f1/Omon/so/gn/v20181218/remapped/so_Omon_AWI-CM-1-1-MR_ssp585_r1i1p1f1_gn_208101-209012.nc
Remapped: /maps/rt582/cmipper/.esgpull/data/CMIP6/ScenarioMIP/AWI/AWI-CM-1-1-MR/ssp585/r1i1p1f1/Omon/so/gn/v20181218/so_Omon_AWI-CM-1-1-MR_ssp585_r1i1p1f1_gn_208101-209012.nc -> /maps/rt582/cmipper/.esgpull/data/CMIP6/ScenarioMIP/AWI/AWI-CM-1-1-MR/ssp585/r1i1p1f1/Omon/so/gn/v20181218/remapped/so_Omon_AWI-CM-1-1-MR_ssp585_r1i1p1f1_gn_208101-209012.nc
	Remapping /maps/rt582/cmipper/.esgpull/data/CMIP6/ScenarioMIP/AWI/AWI-CM-1-1-MR/ssp585/r1i1p1f1/Omon/so/gn/v20181218/so_Omon_AWI-CM-1-1-MR_ssp585_r1i1p1f1_gn_205101-206012.nc -> /maps/rt582/cmipper/.esgpull/data/CMIP6/ScenarioMIP/AWI/AWI-CM-1-1-MR/ssp585/r1i1p1f1/Omon/so/gn/v20181218/remapped/so_Omon_AWI-CM-1-1-MR_ssp585_r1i1p1f1_gn_205101-206012.nc
Remapped: /maps/rt582/cmipper/.esgpull/data/CMIP6/ScenarioMIP/AWI/AWI-CM-1-1-MR/ssp585/r1i1p1f1/Omon/so/gn/v20181218/so_Omon_AWI-CM-1-1-MR_ssp585_r1i1p1f1_gn_205101-206012.nc -> /maps/rt582/cmipper/.esgpull/data/CMIP6/ScenarioMIP/AWI/AWI-CM-1-1-MR/ssp585/r1i1p1f1/Omon/so/gn/v20181218/remapped/so_Omon_AWI-CM-1-1-MR_ssp585_r1i1p1f1_gn_205101-206012.nc
	Remapping /maps/rt582/cmipper/.esgpull/data/CMIP6/ScenarioMIP/AWI/AWI-CM-1-1-MR/ssp585/r1i1p1f1/Omon/so/gn/v20181218/so_Omon_AWI-CM-1-1-MR_ssp585_r1i1p1f1_gn_203101-204012.nc -> /maps/rt582/cmipper/.esgpull/data/CMIP6/ScenarioMIP/AWI/AWI-CM-1-1-MR/ssp585/r1i1p1f1/Omon/so/gn/v20181218/remapped/so_Omon_AWI-CM-1-1-MR_ssp585_r1i1p1f1_gn_203101-204012.nc
Remapped: /maps/rt582/cmipper/.esgpull/data/CMIP6/ScenarioMIP/AWI/AWI-CM-1-1-MR/ssp585/r1i1p1f1/Omon/so/gn/v20181218/so_Omon_AWI-CM-1-1-MR_ssp585_r1i1p1f1_gn_203101-204012.nc -> /maps/rt582/cmipper/.esgpull/data/CMIP6/ScenarioMIP/AWI/AWI-CM-1-1-MR/ssp585/r1i1p1f1/Omon/so/gn/v20181218/remapped/so_Omon_AWI-CM-1-1-MR_ssp585_r1i1p1f1_gn_203101-204012.nc
	Remapping /maps/rt582/cmipper/.esgpull/data/CMIP6/ScenarioMIP/AWI/AWI-CM-1-1-MR/ssp585/r1i1p1f1/Omon/so/gn/v20181218/so_Omon_AWI-CM-1-1-MR_ssp585_r1i1p1f1_gn_204101-205012.nc -> /maps/rt582/cmipper/.esgpull/data/CMIP6/ScenarioMIP/AWI/AWI-CM-1-1-MR/ssp585/r1i1p1f1/Omon/so/gn/v20181218/remapped/so_Omon_AWI-CM-1-1-MR_ssp585_r1i1p1f1_gn_204101-205012.nc
Remapped: /maps/rt582/cmipper/.esgpull/data/CMIP6/ScenarioMIP/AWI/AWI-CM-1-1-MR/ssp585/r1i1p1f1/Omon/so/gn/v20181218/so_Omon_AWI-CM-1-1-MR_ssp585_r1i1p1f1_gn_204101-205012.nc -> /maps/rt582/cmipper/.esgpull/data/CMIP6/ScenarioMIP/AWI/AWI-CM-1-1-MR/ssp585/r1i1p1f1/Omon/so/gn/v20181218/remapped/so_Omon_AWI-CM-1-1-MR_ssp585_r1i1p1f1_gn_204101-205012.nc
	Remapping /maps/rt582/cmipper/.esgpull/data/CMIP6/ScenarioMIP/AWI/AWI-CM-1-1-MR/ssp585/r1i1p1f1/Omon/so/gn/v20181218/so_Omon_AWI-CM-1-1-MR_ssp585_r1i1p1f1_gn_207101-208012.nc -> /maps/rt582/cmipper/.esgpull/data/CMIP6/ScenarioMIP/AWI/AWI-CM-1-1-MR/ssp585/r1i1p1f1/Omon/so/gn/v20181218/remapped/so_Omon_AWI-CM-1-1-MR_ssp585_r1i1p1f1_gn_207101-208012.nc
Remapped: /maps/rt582/cmipper/.esgpull/data/CMIP6/ScenarioMIP/AWI/AWI-CM-1-1-MR/ssp585/r1i1p1f1/Omon/so/gn/v20181218/so_Omon_AWI-CM-1-1-MR_ssp585_r1i1p1f1_gn_207101-208012.nc -> /maps/rt582/cmipper/.esgpull/data/CMIP6/ScenarioMIP/AWI/AWI-CM-1-1-MR/ssp585/r1i1p1f1/Omon/so/gn/v20181218/remapped/so_Omon_AWI-CM-1-1-MR_ssp585_r1i1p1f1_gn_207101-208012.nc
	Remapping /maps/rt582/cmipper/.esgpull/data/CMIP6/ScenarioMIP/AWI/AWI-CM-1-1-MR/ssp585/r1i1p1f1/Omon/so/gn/v20181218/so_Omon_AWI-CM-1-1-MR_ssp585_r1i1p1f1_gn_209101-210012.nc -> /maps/rt582/cmipper/.esgpull/data/CMIP6/ScenarioMIP/AWI/AWI-CM-1-1-MR/ssp585/r1i1p1f1/Omon/so/gn/v20181218/remapped/so_Omon_AWI-CM-1-1-MR_ssp585_r1i1p1f1_gn_209101-210012.nc
Remapped: /maps/rt582/cmipper/.esgpull/data/CMIP6/ScenarioMIP/AWI/AWI-CM-1-1-MR/ssp585/r1i1p1f1/Omon/so/gn/v20181218/so_Omon_AWI-CM-1-1-MR_ssp585_r1i1p1f1_gn_209101-210012.nc -> /maps/rt582/cmipper/.esgpull/data/CMIP6/ScenarioMIP/AWI/AWI-CM-1-1-MR/ssp585/r1i1p1f1/Omon/so/gn/v20181218/remapped/so_Omon_AWI-CM-1-1-MR_ssp585_r1i1p1f1_gn_209101-210012.nc
Scanning directory: /maps/rt582/cmipper/.esgpull/data/CMIP6/ScenarioMIP/AWI/AWI-CM-1-1-MR/ssp585/r1i1p1f1/Omon/so/gn/v20181218/remapped
Skipping directory (filepath contains remapped/processed): /maps/rt582/cmipper/.esgpull/data/CMIP6/ScenarioMIP/AWI/AWI-CM-1-1-MR/ssp585/r1i1p1f1/Omon/so/gn/v20181218/remapped
Scanning directory: /maps/rt582/cmipper/.esgpull/data/CMIP6/ScenarioMIP/AWI/AWI-CM-1-1-MR/ssp585/r1i1p1f1/Omon/rsdo/gn/v20181218
No .nc files found in /maps/rt582/cmipper/.esgpull/data/CMIP6/ScenarioMIP/AWI/AWI-CM-1-1-MR/ssp585/r1i1p1f1/Omon/rsdo/gn/v20181218
Scanning directory: /maps/rt582/cmipper/.esgpull/data/CMIP6/ScenarioMIP/AWI/AWI-CM-1-1-MR/ssp585/r1i1p1f1/Omon/rsdo/gn/v20181218/remapped
Skipping directory (filepath contains remapped/processed): /maps/rt582/cmipper/.esgpull/data/CMIP6/ScenarioMIP/AWI/AWI-CM-1-1-MR/ssp585/r1i1p1f1/Omon/rsdo/gn/v20181218/remapped
Scanning directory: /maps/rt582/cmipper/.esgpull/data/CMIP6/ScenarioMIP/AWI/AWI-CM-1-1-MR/ssp585/r1i1p1f1/Omon/tos/gn/v20181218
No .nc files found in /maps/rt582/cmipper/.esgpull/data/CMIP6/ScenarioMIP/AWI/AWI-CM-1-1-MR/ssp585/r1i1p1f1/Omon/tos/gn/v20181218
Scanning directory: /maps/rt582/cmipper/.esgpull/data/CMIP6/ScenarioMIP/AWI/AWI-CM-1-1-MR/ssp585/r1i1p1f1/Omon/tos/gn/v20181218/remapped
Skipping directory (filepath contains remapped/processed): /maps/rt582/cmipper/.esgpull/data/CMIP6/ScenarioMIP/AWI/AWI-CM-1-1-MR/ssp585/r1i1p1f1/Omon/tos/gn/v20181218/remapped
Scanning directory: /maps/rt582/cmipper/.esgpull/data/CMIP6/ScenarioMIP/AWI/AWI-CM-1-1-MR/ssp245/r1i1p1f1/Omon
No .nc files found in /maps/rt582/cmipper/.esgpull/data/CMIP6/ScenarioMIP/AWI/AWI-CM-1-1-MR/ssp245/r1i1p1f1/Omon
Scanning directory: /maps/rt582/cmipper/.esgpull/data/CMIP6/ScenarioMIP/AWI/AWI-CM-1-1-MR/ssp245/r1i1p1f1/Omon/tos
No .nc files found in /maps/rt582/cmipper/.esgpull/data/CMIP6/ScenarioMIP/AWI/AWI-CM-1-1-MR/ssp245/r1i1p1f1/Omon/tos
Scanning directory: /maps/rt582/cmipper/.esgpull/data/CMIP6/ScenarioMIP/AWI/AWI-CM-1-1-MR/ssp245/r1i1p1f1/Omon/rsdo
No .nc files found in /maps/rt582/cmipper/.esgpull/data/CMIP6/ScenarioMIP/AWI/AWI-CM-1-1-MR/ssp245/r1i1p1f1/Omon/rsdo
Scanning directory: /maps/rt582/cmipper/.esgpull/data/CMIP6/ScenarioMIP/AWI/AWI-CM-1-1-MR/ssp245/r1i1p1f1/Omon/so
No .nc files found in /maps/rt582/cmipper/.esgpull/data/CMIP6/ScenarioMIP/AWI/AWI-CM-1-1-MR/ssp245/r1i1p1f1/Omon/so
Scanning directory: /maps/rt582/cmipper/.esgpull/data/CMIP6/ScenarioMIP/AWI/AWI-CM-1-1-MR/ssp245/r1i1p1f1/Omon/tos/gn
No .nc files found in /maps/rt582/cmipper/.esgpull/data/CMIP6/ScenarioMIP/AWI/AWI-CM-1-1-MR/ssp245/r1i1p1f1/Omon/tos/gn
Scanning directory: /maps/rt582/cmipper/.esgpull/data/CMIP6/ScenarioMIP/AWI/AWI-CM-1-1-MR/ssp245/r1i1p1f1/Omon/rsdo/gn
No .nc files found in /maps/rt582/cmipper/.esgpull/data/CMIP6/ScenarioMIP/AWI/AWI-CM-1-1-MR/ssp245/r1i1p1f1/Omon/rsdo/gn
Scanning directory: /maps/rt582/cmipper/.esgpull/data/CMIP6/ScenarioMIP/AWI/AWI-CM-1-1-MR/ssp245/r1i1p1f1/Omon/so/gn
No .nc files found in /maps/rt582/cmipper/.esgpull/data/CMIP6/ScenarioMIP/AWI/AWI-CM-1-1-MR/ssp245/r1i1p1f1/Omon/so/gn
Scanning directory: /maps/rt582/cmipper/.esgpull/data/CMIP6/ScenarioMIP/AWI/AWI-CM-1-1-MR/ssp245/r1i1p1f1/Omon/tos/gn/v20181218
No .nc files found in /maps/rt582/cmipper/.esgpull/data/CMIP6/ScenarioMIP/AWI/AWI-CM-1-1-MR/ssp245/r1i1p1f1/Omon/tos/gn/v20181218
Scanning directory: /maps/rt582/cmipper/.esgpull/data/CMIP6/ScenarioMIP/AWI/AWI-CM-1-1-MR/ssp245/r1i1p1f1/Omon/tos/gn/v20181218/remapped
Skipping directory (filepath contains remapped/processed): /maps/rt582/cmipper/.esgpull/data/CMIP6/ScenarioMIP/AWI/AWI-CM-1-1-MR/ssp245/r1i1p1f1/Omon/tos/gn/v20181218/remapped
Scanning directory: /maps/rt582/cmipper/.esgpull/data/CMIP6/ScenarioMIP/AWI/AWI-CM-1-1-MR/ssp245/r1i1p1f1/Omon/rsdo/gn/v20181218
No .nc files found in /maps/rt582/cmipper/.esgpull/data/CMIP6/ScenarioMIP/AWI/AWI-CM-1-1-MR/ssp245/r1i1p1f1/Omon/rsdo/gn/v20181218
Scanning directory: /maps/rt582/cmipper/.esgpull/data/CMIP6/ScenarioMIP/AWI/AWI-CM-1-1-MR/ssp245/r1i1p1f1/Omon/rsdo/gn/v20181218/remapped
Skipping directory (filepath contains remapped/processed): /maps/rt582/cmipper/.esgpull/data/CMIP6/ScenarioMIP/AWI/AWI-CM-1-1-MR/ssp245/r1i1p1f1/Omon/rsdo/gn/v20181218/remapped
Scanning directory: /maps/rt582/cmipper/.esgpull/data/CMIP6/ScenarioMIP/AWI/AWI-CM-1-1-MR/ssp245/r1i1p1f1/Omon/so/gn/v20181218
No .nc files found in /maps/rt582/cmipper/.esgpull/data/CMIP6/ScenarioMIP/AWI/AWI-CM-1-1-MR/ssp245/r1i1p1f1/Omon/so/gn/v20181218
Scanning directory: /maps/rt582/cmipper/.esgpull/data/CMIP6/ScenarioMIP/AWI/AWI-CM-1-1-MR/ssp245/r1i1p1f1/Omon/so/gn/v20181218/remapped
Skipping directory (filepath contains remapped/processed): /maps/rt582/cmipper/.esgpull/data/CMIP6/ScenarioMIP/AWI/AWI-CM-1-1-MR/ssp245/r1i1p1f1/Omon/so/gn/v20181218/remapped
Scanning directory: /maps/rt582/cmipper/.esgpull/data/CMIP6/ScenarioMIP/AWI/AWI-CM-1-1-MR/ssp370/r1i1p1f1/Omon
No .nc files found in /maps/rt582/cmipper/.esgpull/data/CMIP6/ScenarioMIP/AWI/AWI-CM-1-1-MR/ssp370/r1i1p1f1/Omon
Scanning directory: /maps/rt582/cmipper/.esgpull/data/CMIP6/ScenarioMIP/AWI/AWI-CM-1-1-MR/ssp370/r1i1p1f1/Omon/so
No .nc files found in /maps/rt582/cmipper/.esgpull/data/CMIP6/ScenarioMIP/AWI/AWI-CM-1-1-MR/ssp370/r1i1p1f1/Omon/so
Scanning directory: /maps/rt582/cmipper/.esgpull/data/CMIP6/ScenarioMIP/AWI/AWI-CM-1-1-MR/ssp370/r1i1p1f1/Omon/rsdo
No .nc files found in /maps/rt582/cmipper/.esgpull/data/CMIP6/ScenarioMIP/AWI/AWI-CM-1-1-MR/ssp370/r1i1p1f1/Omon/rsdo
Scanning directory: /maps/rt582/cmipper/.esgpull/data/CMIP6/ScenarioMIP/AWI/AWI-CM-1-1-MR/ssp370/r1i1p1f1/Omon/tos
No .nc files found in /maps/rt582/cmipper/.esgpull/data/CMIP6/ScenarioMIP/AWI/AWI-CM-1-1-MR/ssp370/r1i1p1f1/Omon/tos
Scanning directory: /maps/rt582/cmipper/.esgpull/data/CMIP6/ScenarioMIP/AWI/AWI-CM-1-1-MR/ssp370/r1i1p1f1/Omon/so/gn
No .nc files found in /maps/rt582/cmipper/.esgpull/data/CMIP6/ScenarioMIP/AWI/AWI-CM-1-1-MR/ssp370/r1i1p1f1/Omon/so/gn
Scanning directory: /maps/rt582/cmipper/.esgpull/data/CMIP6/ScenarioMIP/AWI/AWI-CM-1-1-MR/ssp370/r1i1p1f1/Omon/rsdo/gn
No .nc files found in /maps/rt582/cmipper/.esgpull/data/CMIP6/ScenarioMIP/AWI/AWI-CM-1-1-MR/ssp370/r1i1p1f1/Omon/rsdo/gn
Scanning directory: /maps/rt582/cmipper/.esgpull/data/CMIP6/ScenarioMIP/AWI/AWI-CM-1-1-MR/ssp370/r1i1p1f1/Omon/tos/gn
No .nc files found in /maps/rt582/cmipper/.esgpull/data/CMIP6/ScenarioMIP/AWI/AWI-CM-1-1-MR/ssp370/r1i1p1f1/Omon/tos/gn
Scanning directory: /maps/rt582/cmipper/.esgpull/data/CMIP6/ScenarioMIP/AWI/AWI-CM-1-1-MR/ssp370/r1i1p1f1/Omon/so/gn/v20181218
	Remapping 9 files in /maps/rt582/cmipper/.esgpull/data/CMIP6/ScenarioMIP/AWI/AWI-CM-1-1-MR/ssp370/r1i1p1f1/Omon/so/gn/v20181218
	Remapping 9 files in /maps/rt582/cmipper/.esgpull/data/CMIP6/ScenarioMIP/AWI/AWI-CM-1-1-MR/ssp370/r1i1p1f1/Omon/so/gn/v20181218
	Remapping /maps/rt582/cmipper/.esgpull/data/CMIP6/ScenarioMIP/AWI/AWI-CM-1-1-MR/ssp370/r1i1p1f1/Omon/so/gn/v20181218/so_Omon_AWI-CM-1-1-MR_ssp370_r1i1p1f1_gn_202101-203012.nc -> /maps/rt582/cmipper/.esgpull/data/CMIP6/ScenarioMIP/AWI/AWI-CM-1-1-MR/ssp370/r1i1p1f1/Omon/so/gn/v20181218/remapped/so_Omon_AWI-CM-1-1-MR_ssp370_r1i1p1f1_gn_202101-203012.nc
Remapped: /maps/rt582/cmipper/.esgpull/data/CMIP6/ScenarioMIP/AWI/AWI-CM-1-1-MR/ssp370/r1i1p1f1/Omon/so/gn/v20181218/so_Omon_AWI-CM-1-1-MR_ssp370_r1i1p1f1_gn_202101-203012.nc -> /maps/rt582/cmipper/.esgpull/data/CMIP6/ScenarioMIP/AWI/AWI-CM-1-1-MR/ssp370/r1i1p1f1/Omon/so/gn/v20181218/remapped/so_Omon_AWI-CM-1-1-MR_ssp370_r1i1p1f1_gn_202101-203012.nc
	Remapping /maps/rt582/cmipper/.esgpull/data/CMIP6/ScenarioMIP/AWI/AWI-CM-1-1-MR/ssp370/r1i1p1f1/Omon/so/gn/v20181218/so_Omon_AWI-CM-1-1-MR_ssp370_r1i1p1f1_gn_201501-202012.nc -> /maps/rt582/cmipper/.esgpull/data/CMIP6/ScenarioMIP/AWI/AWI-CM-1-1-MR/ssp370/r1i1p1f1/Omon/so/gn/v20181218/remapped/so_Omon_AWI-CM-1-1-MR_ssp370_r1i1p1f1_gn_201501-202012.nc
Remapped: /maps/rt582/cmipper/.esgpull/data/CMIP6/ScenarioMIP/AWI/AWI-CM-1-1-MR/ssp370/r1i1p1f1/Omon/so/gn/v20181218/so_Omon_AWI-CM-1-1-MR_ssp370_r1i1p1f1_gn_201501-202012.nc -> /maps/rt582/cmipper/.esgpull/data/CMIP6/ScenarioMIP/AWI/AWI-CM-1-1-MR/ssp370/r1i1p1f1/Omon/so/gn/v20181218/remapped/so_Omon_AWI-CM-1-1-MR_ssp370_r1i1p1f1_gn_201501-202012.nc
	Remapping /maps/rt582/cmipper/.esgpull/data/CMIP6/ScenarioMIP/AWI/AWI-CM-1-1-MR/ssp370/r1i1p1f1/Omon/so/gn/v20181218/so_Omon_AWI-CM-1-1-MR_ssp370_r1i1p1f1_gn_205101-206012.nc -> /maps/rt582/cmipper/.esgpull/data/CMIP6/ScenarioMIP/AWI/AWI-CM-1-1-MR/ssp370/r1i1p1f1/Omon/so/gn/v20181218/remapped/so_Omon_AWI-CM-1-1-MR_ssp370_r1i1p1f1_gn_205101-206012.nc
Remapped: /maps/rt582/cmipper/.esgpull/data/CMIP6/ScenarioMIP/AWI/AWI-CM-1-1-MR/ssp370/r1i1p1f1/Omon/so/gn/v20181218/so_Omon_AWI-CM-1-1-MR_ssp370_r1i1p1f1_gn_205101-206012.nc -> /maps/rt582/cmipper/.esgpull/data/CMIP6/ScenarioMIP/AWI/AWI-CM-1-1-MR/ssp370/r1i1p1f1/Omon/so/gn/v20181218/remapped/so_Omon_AWI-CM-1-1-MR_ssp370_r1i1p1f1_gn_205101-206012.nc
	Remapping /maps/rt582/cmipper/.esgpull/data/CMIP6/ScenarioMIP/AWI/AWI-CM-1-1-MR/ssp370/r1i1p1f1/Omon/so/gn/v20181218/so_Omon_AWI-CM-1-1-MR_ssp370_r1i1p1f1_gn_206101-207012.nc -> /maps/rt582/cmipper/.esgpull/data/CMIP6/ScenarioMIP/AWI/AWI-CM-1-1-MR/ssp370/r1i1p1f1/Omon/so/gn/v20181218/remapped/so_Omon_AWI-CM-1-1-MR_ssp370_r1i1p1f1_gn_206101-207012.nc
Remapped: /maps/rt582/cmipper/.esgpull/data/CMIP6/ScenarioMIP/AWI/AWI-CM-1-1-MR/ssp370/r1i1p1f1/Omon/so/gn/v20181218/so_Omon_AWI-CM-1-1-MR_ssp370_r1i1p1f1_gn_206101-207012.nc -> /maps/rt582/cmipper/.esgpull/data/CMIP6/ScenarioMIP/AWI/AWI-CM-1-1-MR/ssp370/r1i1p1f1/Omon/so/gn/v20181218/remapped/so_Omon_AWI-CM-1-1-MR_ssp370_r1i1p1f1_gn_206101-207012.nc
	Remapping /maps/rt582/cmipper/.esgpull/data/CMIP6/ScenarioMIP/AWI/AWI-CM-1-1-MR/ssp370/r1i1p1f1/Omon/so/gn/v20181218/so_Omon_AWI-CM-1-1-MR_ssp370_r1i1p1f1_gn_208101-209012.nc -> /maps/rt582/cmipper/.esgpull/data/CMIP6/ScenarioMIP/AWI/AWI-CM-1-1-MR/ssp370/r1i1p1f1/Omon/so/gn/v20181218/remapped/so_Omon_AWI-CM-1-1-MR_ssp370_r1i1p1f1_gn_208101-209012.nc
Remapped: /maps/rt582/cmipper/.esgpull/data/CMIP6/ScenarioMIP/AWI/AWI-CM-1-1-MR/ssp370/r1i1p1f1/Omon/so/gn/v20181218/so_Omon_AWI-CM-1-1-MR_ssp370_r1i1p1f1_gn_208101-209012.nc -> /maps/rt582/cmipper/.esgpull/data/CMIP6/ScenarioMIP/AWI/AWI-CM-1-1-MR/ssp370/r1i1p1f1/Omon/so/gn/v20181218/remapped/so_Omon_AWI-CM-1-1-MR_ssp370_r1i1p1f1_gn_208101-209012.nc
	Remapping /maps/rt582/cmipper/.esgpull/data/CMIP6/ScenarioMIP/AWI/AWI-CM-1-1-MR/ssp370/r1i1p1f1/Omon/so/gn/v20181218/so_Omon_AWI-CM-1-1-MR_ssp370_r1i1p1f1_gn_207101-208012.nc -> /maps/rt582/cmipper/.esgpull/data/CMIP6/ScenarioMIP/AWI/AWI-CM-1-1-MR/ssp370/r1i1p1f1/Omon/so/gn/v20181218/remapped/so_Omon_AWI-CM-1-1-MR_ssp370_r1i1p1f1_gn_207101-208012.nc
Remapped: /maps/rt582/cmipper/.esgpull/data/CMIP6/ScenarioMIP/AWI/AWI-CM-1-1-MR/ssp370/r1i1p1f1/Omon/so/gn/v20181218/so_Omon_AWI-CM-1-1-MR_ssp370_r1i1p1f1_gn_207101-208012.nc -> /maps/rt582/cmipper/.esgpull/data/CMIP6/ScenarioMIP/AWI/AWI-CM-1-1-MR/ssp370/r1i1p1f1/Omon/so/gn/v20181218/remapped/so_Omon_AWI-CM-1-1-MR_ssp370_r1i1p1f1_gn_207101-208012.nc
	Remapping /maps/rt582/cmipper/.esgpull/data/CMIP6/ScenarioMIP/AWI/AWI-CM-1-1-MR/ssp370/r1i1p1f1/Omon/so/gn/v20181218/so_Omon_AWI-CM-1-1-MR_ssp370_r1i1p1f1_gn_209101-210012.nc -> /maps/rt582/cmipper/.esgpull/data/CMIP6/ScenarioMIP/AWI/AWI-CM-1-1-MR/ssp370/r1i1p1f1/Omon/so/gn/v20181218/remapped/so_Omon_AWI-CM-1-1-MR_ssp370_r1i1p1f1_gn_209101-210012.nc
Remapped: /maps/rt582/cmipper/.esgpull/data/CMIP6/ScenarioMIP/AWI/AWI-CM-1-1-MR/ssp370/r1i1p1f1/Omon/so/gn/v20181218/so_Omon_AWI-CM-1-1-MR_ssp370_r1i1p1f1_gn_209101-210012.nc -> /maps/rt582/cmipper/.esgpull/data/CMIP6/ScenarioMIP/AWI/AWI-CM-1-1-MR/ssp370/r1i1p1f1/Omon/so/gn/v20181218/remapped/so_Omon_AWI-CM-1-1-MR_ssp370_r1i1p1f1_gn_209101-210012.nc
	Remapping /maps/rt582/cmipper/.esgpull/data/CMIP6/ScenarioMIP/AWI/AWI-CM-1-1-MR/ssp370/r1i1p1f1/Omon/so/gn/v20181218/so_Omon_AWI-CM-1-1-MR_ssp370_r1i1p1f1_gn_204101-205012.nc -> /maps/rt582/cmipper/.esgpull/data/CMIP6/ScenarioMIP/AWI/AWI-CM-1-1-MR/ssp370/r1i1p1f1/Omon/so/gn/v20181218/remapped/so_Omon_AWI-CM-1-1-MR_ssp370_r1i1p1f1_gn_204101-205012.nc
Remapped: /maps/rt582/cmipper/.esgpull/data/CMIP6/ScenarioMIP/AWI/AWI-CM-1-1-MR/ssp370/r1i1p1f1/Omon/so/gn/v20181218/so_Omon_AWI-CM-1-1-MR_ssp370_r1i1p1f1_gn_204101-205012.nc -> /maps/rt582/cmipper/.esgpull/data/CMIP6/ScenarioMIP/AWI/AWI-CM-1-1-MR/ssp370/r1i1p1f1/Omon/so/gn/v20181218/remapped/so_Omon_AWI-CM-1-1-MR_ssp370_r1i1p1f1_gn_204101-205012.nc
	Remapping /maps/rt582/cmipper/.esgpull/data/CMIP6/ScenarioMIP/AWI/AWI-CM-1-1-MR/ssp370/r1i1p1f1/Omon/so/gn/v20181218/so_Omon_AWI-CM-1-1-MR_ssp370_r1i1p1f1_gn_203101-204012.nc -> /maps/rt582/cmipper/.esgpull/data/CMIP6/ScenarioMIP/AWI/AWI-CM-1-1-MR/ssp370/r1i1p1f1/Omon/so/gn/v20181218/remapped/so_Omon_AWI-CM-1-1-MR_ssp370_r1i1p1f1_gn_203101-204012.nc
Remapped: /maps/rt582/cmipper/.esgpull/data/CMIP6/ScenarioMIP/AWI/AWI-CM-1-1-MR/ssp370/r1i1p1f1/Omon/so/gn/v20181218/so_Omon_AWI-CM-1-1-MR_ssp370_r1i1p1f1_gn_203101-204012.nc -> /maps/rt582/cmipper/.esgpull/data/CMIP6/ScenarioMIP/AWI/AWI-CM-1-1-MR/ssp370/r1i1p1f1/Omon/so/gn/v20181218/remapped/so_Omon_AWI-CM-1-1-MR_ssp370_r1i1p1f1_gn_203101-204012.nc
Scanning directory: /maps/rt582/cmipper/.esgpull/data/CMIP6/ScenarioMIP/AWI/AWI-CM-1-1-MR/ssp370/r1i1p1f1/Omon/so/gn/v20181218/remapped
Skipping directory (filepath contains remapped/processed): /maps/rt582/cmipper/.esgpull/data/CMIP6/ScenarioMIP/AWI/AWI-CM-1-1-MR/ssp370/r1i1p1f1/Omon/so/gn/v20181218/remapped
Scanning directory: /maps/rt582/cmipper/.esgpull/data/CMIP6/ScenarioMIP/AWI/AWI-CM-1-1-MR/ssp370/r1i1p1f1/Omon/rsdo/gn/v20181218
No .nc files found in /maps/rt582/cmipper/.esgpull/data/CMIP6/ScenarioMIP/AWI/AWI-CM-1-1-MR/ssp370/r1i1p1f1/Omon/rsdo/gn/v20181218
Scanning directory: /maps/rt582/cmipper/.esgpull/data/CMIP6/ScenarioMIP/AWI/AWI-CM-1-1-MR/ssp370/r1i1p1f1/Omon/rsdo/gn/v20181218/remapped
Skipping directory (filepath contains remapped/processed): /maps/rt582/cmipper/.esgpull/data/CMIP6/ScenarioMIP/AWI/AWI-CM-1-1-MR/ssp370/r1i1p1f1/Omon/rsdo/gn/v20181218/remapped
Scanning directory: /maps/rt582/cmipper/.esgpull/data/CMIP6/ScenarioMIP/AWI/AWI-CM-1-1-MR/ssp370/r1i1p1f1/Omon/tos/gn/v20181218
No .nc files found in /maps/rt582/cmipper/.esgpull/data/CMIP6/ScenarioMIP/AWI/AWI-CM-1-1-MR/ssp370/r1i1p1f1/Omon/tos/gn/v20181218
Scanning directory: /maps/rt582/cmipper/.esgpull/data/CMIP6/ScenarioMIP/AWI/AWI-CM-1-1-MR/ssp370/r1i1p1f1/Omon/tos/gn/v20181218/remapped
Skipping directory (filepath contains remapped/processed): /maps/rt582/cmipper/.esgpull/data/CMIP6/ScenarioMIP/AWI/AWI-CM-1-1-MR/ssp370/r1i1p1f1/Omon/tos/gn/v20181218/remapped
Scanning directory: /maps/rt582/cmipper/.esgpull/data/CMIP6/ScenarioMIP/AWI/AWI-CM-1-1-MR
No .nc files found in /maps/rt582/cmipper/.esgpull/data/CMIP6/ScenarioMIP/AWI/AWI-CM-1-1-MR
cdo    remapcon: YAC first order conservative weights from lonlat (8640x4320) to lonlat (1440x720) grid, with source mask (0)
cdo    remapcon: YAC first order conservative weights from lonlat (8640x4320) to lonlat (1440x720) grid, with source mask (22118657)
cdo    remapcon: YAC first order conservative weights from lonlat (8640x4320) to lonlat (1440x720) grid, with source mask (22150910)
cdo    remapcon: YAC first order conservative weights from lonlat (8640x4320) to lonlat (1440x720) grid, with source mask (22215948)
cdo    remapcon: YAC first order conservative weights from lonlat (8640x4320) to lonlat (1440x720) grid, with source mask (22212338)
cdo    remapcon: YAC first order conservative weights from lonlat (8640x4320) to lonlat (1440x720) grid, with source mask (22216042)
cdo    remapcon: YAC first order conservative weights from lonlat (8640x4320) to lonlat (1440x720) grid, with source mask (0)
cdo    remapcon: YAC first order conservative weights from lonlat (8640x4320) to lonlat (1440x720) grid, with source mask (21973847)
cdo    remapcon: YAC first order conservative weights from lonlat (8640x4320) to lonlat (1440x720) grid, with source mask (22225964)
cdo    remapcon: YAC first order conservative weights from lonlat (8640x4320) to lonlat (1440x720) grid, with source mask (21622145)
cdo    remapcon: YAC first order conservative weights from lonlat (8640x4320) to lonlat (1440x720) grid, with source mask (21892015)
cdo    remapcon: YAC first order conservative weights from lonlat (8640x4320) to lonlat (1440x720) grid, with source mask (22338139)
cdo    remapcon: YAC first order conservative weights from lonlat (8640x4320) to lonlat (1440x720) grid, with source mask (22327481)
cdo    remapcon: YAC first order conservative weights from lonlat (8640x4320) to lonlat (1440x720) grid, with source mask (22338345)
cdo    remapcon: YAC first order conservative weights from lonlat (8640x4320) to lonlat (1440x720) grid, with source mask (0)
cdo    remapcon: YAC first order conservative weights from lonlat (8640x4320) to lonlat (1440x720) grid, with source mask (22107608)
cdo    remapcon: YAC first order conservative weights from lonlat (8640x4320) to lonlat (1440x720) grid, with source mask (22154898)
cdo    remapcon: YAC first order conservative weights from lonlat (8640x4320) to lonlat (1440x720) grid, with source mask (22224375)
cdo    remapcon: YAC first order conservative weights from lonlat (8640x4320) to lonlat (1440x720) grid, with source mask (22209620)
cdo    remapcon: YAC first order conservative weights from lonlat (8640x4320) to lonlat (1440x720) grid, with source mask (22224526)
Scanning directory: /maps/rt582/cmipper/notebooks/dev/ocean_colour_2022
	Remapping 3 files in /maps/rt582/cmipper/notebooks/dev/ocean_colour_2022
	Remapping 3 files in /maps/rt582/cmipper/notebooks/dev/ocean_colour_2022
	Remapping /maps/rt582/cmipper/notebooks/dev/ocean_colour_2022/ESACCI-OC-L3S-K_490-MERGED-1Y_YEARLY_4km_GEO_PML_KD490_Lee-2022-fv6.0.nc -> /maps/rt582/cmipper/notebooks/dev/ocean_colour_2022/remapped/ESACCI-OC-L3S-K_490-MERGED-1Y_YEARLY_4km_GEO_PML_KD490_Lee-2022-fv6.0.nc
Remapped: /maps/rt582/cmipper/notebooks/dev/ocean_colour_2022/ESACCI-OC-L3S-K_490-MERGED-1Y_YEARLY_4km_GEO_PML_KD490_Lee-2022-fv6.0.nc -> /maps/rt582/cmipper/notebooks/dev/ocean_colour_2022/remapped/ESACCI-OC-L3S-K_490-MERGED-1Y_YEARLY_4km_GEO_PML_KD490_Lee-2022-fv6.0.nc
	Remapping /maps/rt582/cmipper/notebooks/dev/ocean_colour_2022/ESACCI-OC-L3S-K_490-MERGED-1Y_YEARLY_4km_GEO_PML_KD490_Lee-2018-fv6.0.nc -> /maps/rt582/cmipper/notebooks/dev/ocean_colour_2022/remapped/ESACCI-OC-L3S-K_490-MERGED-1Y_YEARLY_4km_GEO_PML_KD490_Lee-2018-fv6.0.nc
Remapped: /maps/rt582/cmipper/notebooks/dev/ocean_colour_2022/ESACCI-OC-L3S-K_490-MERGED-1Y_YEARLY_4km_GEO_PML_KD490_Lee-2018-fv6.0.nc -> /maps/rt582/cmipper/notebooks/dev/ocean_colour_2022/remapped/ESACCI-OC-L3S-K_490-MERGED-1Y_YEARLY_4km_GEO_PML_KD490_Lee-2018-fv6.0.nc
	Remapping /maps/rt582/cmipper/notebooks/dev/ocean_colour_2022/ESACCI-OC-L3S-K_490-MERGED-1Y_YEARLY_4km_GEO_PML_KD490_Lee-2021-fv6.0.nc -> /maps/rt582/cmipper/notebooks/dev/ocean_colour_2022/remapped/ESACCI-OC-L3S-K_490-MERGED-1Y_YEARLY_4km_GEO_PML_KD490_Lee-2021-fv6.0.nc
Remapped: /maps/rt582/cmipper/notebooks/dev/ocean_colour_2022/ESACCI-OC-L3S-K_490-MERGED-1Y_YEARLY_4km_GEO_PML_KD490_Lee-2021-fv6.0.nc -> /maps/rt582/cmipper/notebooks/dev/ocean_colour_2022/remapped/ESACCI-OC-L3S-K_490-MERGED-1Y_YEARLY_4km_GEO_PML_KD490_Lee-2021-fv6.0.nc
cdo    remapcon: YAC first order conservative weights from curvilinear (360x300) to lonlat (1440x720) grid, with source mask (69782)
cdo    remapcon: YAC first order conservative weights from curvilinear (360x300) to lonlat (1440x720) grid, with source mask (69782)
cdo    remapcon: YAC first order conservative weights from curvilinear (360x300) to lonlat (1440x720) grid, with source mask (69782)
cdo    remapcon: YAC first order conservative weights from curvilinear (360x300) to lonlat (1440x720) grid, with source mask (69782)
cdo    remapcon: YAC first order conservative weights from curvilinear (360x300) to lonlat (1440x720) grid, with source mask (69782)
cdo    remapcon: YAC first order conservative weights from curvilinear (360x300) to lonlat (1440x720) grid, with source mask (69782)
cdo    remapcon: YAC first order conservative weights from curvilinear (360x300) to lonlat (1440x720) grid, with source mask (69782)
cdo    remapcon: YAC first order conservative weights from curvilinear (360x300) to lonlat (1440x720) grid, with source mask (69782)
cdo    remapcon: YAC first order conservative weights from curvilinear (360x300) to lonlat (1440x720) grid, with source mask (69782)
cdo    remapcon: YAC first order conservative weights from curvilinear (360x300) to lonlat (1440x720) grid, with source mask (69782)
cdo    remapcon: YAC first order conservative weights from curvilinear (360x300) to lonlat (1440x720) grid, with source mask (69782)
cdo    remapcon: YAC first order conservative weights from curvilinear (360x300) to lonlat (1440x720) grid, with source mask (69782)
cdo    remapcon: YAC first order conservative weights from curvilinear (360x300) to lonlat (1440x720) grid, with source mask (69782)
cdo    remapcon: YAC first order conservative weights from curvilinear (360x300) to lonlat (1440x720) grid, with source mask (69782)
cdo    remapcon: YAC first order conservative weights from curvilinear (360x300) to lonlat (1440x720) grid, with source mask (69782)
cdo    remapcon: YAC first order conservative weights from curvilinear (360x300) to lonlat (1440x720) grid, with source mask (69782)
Scanning directory: /maps/rt582/cmipper/.esgpull/data/CMIP6/CMIP/CSIRO/ACCESS-ESM1-5/historical/r1i1p1f1/Omon/arag/gn/v20191115/remapped
Skipping directory (filepath contains remapped/processed): /maps/rt582/cmipper/.esgpull/data/CMIP6/CMIP/CSIRO/ACCESS-ESM1-5/historical/r1i1p1f1/Omon/arag/gn/v20191115/remapped
Scanning directory: /maps/rt582/cmipper/.esgpull/data/CMIP6/CMIP/CSIRO/ACCESS-ESM1-5/historical/r1i1p1f1/Omon/arag/gn/v20191115
	Remapping 17 files in /maps/rt582/cmipper/.esgpull/data/CMIP6/CMIP/CSIRO/ACCESS-ESM1-5/historical/r1i1p1f1/Omon/arag/gn/v20191115
	Remapping 17 files in /maps/rt582/cmipper/.esgpull/data/CMIP6/CMIP/CSIRO/ACCESS-ESM1-5/historical/r1i1p1f1/Omon/arag/gn/v20191115
	Remapping /maps/rt582/cmipper/.esgpull/data/CMIP6/CMIP/CSIRO/ACCESS-ESM1-5/historical/r1i1p1f1/Omon/arag/gn/v20191115/arag_Omon_ACCESS-ESM1-5_historical_r1i1p1f1_gn_200001-200912.nc -> /maps/rt582/cmipper/.esgpull/data/CMIP6/CMIP/CSIRO/ACCESS-ESM1-5/historical/r1i1p1f1/Omon/arag/gn/v20191115/remapped/arag_Omon_ACCESS-ESM1-5_historical_r1i1p1f1_gn_200001-200912.nc
Remapped: /maps/rt582/cmipper/.esgpull/data/CMIP6/CMIP/CSIRO/ACCESS-ESM1-5/historical/r1i1p1f1/Omon/arag/gn/v20191115/arag_Omon_ACCESS-ESM1-5_historical_r1i1p1f1_gn_200001-200912.nc -> /maps/rt582/cmipper/.esgpull/data/CMIP6/CMIP/CSIRO/ACCESS-ESM1-5/historical/r1i1p1f1/Omon/arag/gn/v20191115/remapped/arag_Omon_ACCESS-ESM1-5_historical_r1i1p1f1_gn_200001-200912.nc
	Remapping /maps/rt582/cmipper/.esgpull/data/CMIP6/CMIP/CSIRO/ACCESS-ESM1-5/historical/r1i1p1f1/Omon/arag/gn/v20191115/arag_Omon_ACCESS-ESM1-5_historical_r1i1p1f1_gn_198001-198912.nc -> /maps/rt582/cmipper/.esgpull/data/CMIP6/CMIP/CSIRO/ACCESS-ESM1-5/historical/r1i1p1f1/Omon/arag/gn/v20191115/remapped/arag_Omon_ACCESS-ESM1-5_historical_r1i1p1f1_gn_198001-198912.nc
Remapped: /maps/rt582/cmipper/.esgpull/data/CMIP6/CMIP/CSIRO/ACCESS-ESM1-5/historical/r1i1p1f1/Omon/arag/gn/v20191115/arag_Omon_ACCESS-ESM1-5_historical_r1i1p1f1_gn_198001-198912.nc -> /maps/rt582/cmipper/.esgpull/data/CMIP6/CMIP/CSIRO/ACCESS-ESM1-5/historical/r1i1p1f1/Omon/arag/gn/v20191115/remapped/arag_Omon_ACCESS-ESM1-5_historical_r1i1p1f1_gn_198001-198912.nc
	Remapping /maps/rt582/cmipper/.esgpull/data/CMIP6/CMIP/CSIRO/ACCESS-ESM1-5/historical/r1i1p1f1/Omon/arag/gn/v20191115/arag_Omon_ACCESS-ESM1-5_historical_r1i1p1f1_gn_189001-189912.nc -> /maps/rt582/cmipper/.esgpull/data/CMIP6/CMIP/CSIRO/ACCESS-ESM1-5/historical/r1i1p1f1/Omon/arag/gn/v20191115/remapped/arag_Omon_ACCESS-ESM1-5_historical_r1i1p1f1_gn_189001-189912.nc
Remapped: /maps/rt582/cmipper/.esgpull/data/CMIP6/CMIP/CSIRO/ACCESS-ESM1-5/historical/r1i1p1f1/Omon/arag/gn/v20191115/arag_Omon_ACCESS-ESM1-5_historical_r1i1p1f1_gn_189001-189912.nc -> /maps/rt582/cmipper/.esgpull/data/CMIP6/CMIP/CSIRO/ACCESS-ESM1-5/historical/r1i1p1f1/Omon/arag/gn/v20191115/remapped/arag_Omon_ACCESS-ESM1-5_historical_r1i1p1f1_gn_189001-189912.nc
	Remapping /maps/rt582/cmipper/.esgpull/data/CMIP6/CMIP/CSIRO/ACCESS-ESM1-5/historical/r1i1p1f1/Omon/arag/gn/v20191115/arag_Omon_ACCESS-ESM1-5_historical_r1i1p1f1_gn_196001-196912.nc -> /maps/rt582/cmipper/.esgpull/data/CMIP6/CMIP/CSIRO/ACCESS-ESM1-5/historical/r1i1p1f1/Omon/arag/gn/v20191115/remapped/arag_Omon_ACCESS-ESM1-5_historical_r1i1p1f1_gn_196001-196912.nc
Remapped: /maps/rt582/cmipper/.esgpull/data/CMIP6/CMIP/CSIRO/ACCESS-ESM1-5/historical/r1i1p1f1/Omon/arag/gn/v20191115/arag_Omon_ACCESS-ESM1-5_historical_r1i1p1f1_gn_196001-196912.nc -> /maps/rt582/cmipper/.esgpull/data/CMIP6/CMIP/CSIRO/ACCESS-ESM1-5/historical/r1i1p1f1/Omon/arag/gn/v20191115/remapped/arag_Omon_ACCESS-ESM1-5_historical_r1i1p1f1_gn_196001-196912.nc
	Remapping /maps/rt582/cmipper/.esgpull/data/CMIP6/CMIP/CSIRO/ACCESS-ESM1-5/historical/r1i1p1f1/Omon/arag/gn/v20191115/arag_Omon_ACCESS-ESM1-5_historical_r1i1p1f1_gn_187001-187912.nc -> /maps/rt582/cmipper/.esgpull/data/CMIP6/CMIP/CSIRO/ACCESS-ESM1-5/historical/r1i1p1f1/Omon/arag/gn/v20191115/remapped/arag_Omon_ACCESS-ESM1-5_historical_r1i1p1f1_gn_187001-187912.nc
Remapped: /maps/rt582/cmipper/.esgpull/data/CMIP6/CMIP/CSIRO/ACCESS-ESM1-5/historical/r1i1p1f1/Omon/arag/gn/v20191115/arag_Omon_ACCESS-ESM1-5_historical_r1i1p1f1_gn_187001-187912.nc -> /maps/rt582/cmipper/.esgpull/data/CMIP6/CMIP/CSIRO/ACCESS-ESM1-5/historical/r1i1p1f1/Omon/arag/gn/v20191115/remapped/arag_Omon_ACCESS-ESM1-5_historical_r1i1p1f1_gn_187001-187912.nc
	Remapping /maps/rt582/cmipper/.esgpull/data/CMIP6/CMIP/CSIRO/ACCESS-ESM1-5/historical/r1i1p1f1/Omon/arag/gn/v20191115/arag_Omon_ACCESS-ESM1-5_historical_r1i1p1f1_gn_186001-186912.nc -> /maps/rt582/cmipper/.esgpull/data/CMIP6/CMIP/CSIRO/ACCESS-ESM1-5/historical/r1i1p1f1/Omon/arag/gn/v20191115/remapped/arag_Omon_ACCESS-ESM1-5_historical_r1i1p1f1_gn_186001-186912.nc
Remapped: /maps/rt582/cmipper/.esgpull/data/CMIP6/CMIP/CSIRO/ACCESS-ESM1-5/historical/r1i1p1f1/Omon/arag/gn/v20191115/arag_Omon_ACCESS-ESM1-5_historical_r1i1p1f1_gn_186001-186912.nc -> /maps/rt582/cmipper/.esgpull/data/CMIP6/CMIP/CSIRO/ACCESS-ESM1-5/historical/r1i1p1f1/Omon/arag/gn/v20191115/remapped/arag_Omon_ACCESS-ESM1-5_historical_r1i1p1f1_gn_186001-186912.nc
	Remapping /maps/rt582/cmipper/.esgpull/data/CMIP6/CMIP/CSIRO/ACCESS-ESM1-5/historical/r1i1p1f1/Omon/arag/gn/v20191115/arag_Omon_ACCESS-ESM1-5_historical_r1i1p1f1_gn_197001-197912.nc -> /maps/rt582/cmipper/.esgpull/data/CMIP6/CMIP/CSIRO/ACCESS-ESM1-5/historical/r1i1p1f1/Omon/arag/gn/v20191115/remapped/arag_Omon_ACCESS-ESM1-5_historical_r1i1p1f1_gn_197001-197912.nc
Remapped: /maps/rt582/cmipper/.esgpull/data/CMIP6/CMIP/CSIRO/ACCESS-ESM1-5/historical/r1i1p1f1/Omon/arag/gn/v20191115/arag_Omon_ACCESS-ESM1-5_historical_r1i1p1f1_gn_197001-197912.nc -> /maps/rt582/cmipper/.esgpull/data/CMIP6/CMIP/CSIRO/ACCESS-ESM1-5/historical/r1i1p1f1/Omon/arag/gn/v20191115/remapped/arag_Omon_ACCESS-ESM1-5_historical_r1i1p1f1_gn_197001-197912.nc
	Remapping /maps/rt582/cmipper/.esgpull/data/CMIP6/CMIP/CSIRO/ACCESS-ESM1-5/historical/r1i1p1f1/Omon/arag/gn/v20191115/arag_Omon_ACCESS-ESM1-5_historical_r1i1p1f1_gn_188001-188912.nc -> /maps/rt582/cmipper/.esgpull/data/CMIP6/CMIP/CSIRO/ACCESS-ESM1-5/historical/r1i1p1f1/Omon/arag/gn/v20191115/remapped/arag_Omon_ACCESS-ESM1-5_historical_r1i1p1f1_gn_188001-188912.nc
Remapped: /maps/rt582/cmipper/.esgpull/data/CMIP6/CMIP/CSIRO/ACCESS-ESM1-5/historical/r1i1p1f1/Omon/arag/gn/v20191115/arag_Omon_ACCESS-ESM1-5_historical_r1i1p1f1_gn_188001-188912.nc -> /maps/rt582/cmipper/.esgpull/data/CMIP6/CMIP/CSIRO/ACCESS-ESM1-5/historical/r1i1p1f1/Omon/arag/gn/v20191115/remapped/arag_Omon_ACCESS-ESM1-5_historical_r1i1p1f1_gn_188001-188912.nc
	Remapping /maps/rt582/cmipper/.esgpull/data/CMIP6/CMIP/CSIRO/ACCESS-ESM1-5/historical/r1i1p1f1/Omon/arag/gn/v20191115/arag_Omon_ACCESS-ESM1-5_historical_r1i1p1f1_gn_199001-199912.nc -> /maps/rt582/cmipper/.esgpull/data/CMIP6/CMIP/CSIRO/ACCESS-ESM1-5/historical/r1i1p1f1/Omon/arag/gn/v20191115/remapped/arag_Omon_ACCESS-ESM1-5_historical_r1i1p1f1_gn_199001-199912.nc
Remapped: /maps/rt582/cmipper/.esgpull/data/CMIP6/CMIP/CSIRO/ACCESS-ESM1-5/historical/r1i1p1f1/Omon/arag/gn/v20191115/arag_Omon_ACCESS-ESM1-5_historical_r1i1p1f1_gn_199001-199912.nc -> /maps/rt582/cmipper/.esgpull/data/CMIP6/CMIP/CSIRO/ACCESS-ESM1-5/historical/r1i1p1f1/Omon/arag/gn/v20191115/remapped/arag_Omon_ACCESS-ESM1-5_historical_r1i1p1f1_gn_199001-199912.nc
	Remapping /maps/rt582/cmipper/.esgpull/data/CMIP6/CMIP/CSIRO/ACCESS-ESM1-5/historical/r1i1p1f1/Omon/arag/gn/v20191115/arag_Omon_ACCESS-ESM1-5_historical_r1i1p1f1_gn_185001-185912.nc -> /maps/rt582/cmipper/.esgpull/data/CMIP6/CMIP/CSIRO/ACCESS-ESM1-5/historical/r1i1p1f1/Omon/arag/gn/v20191115/remapped/arag_Omon_ACCESS-ESM1-5_historical_r1i1p1f1_gn_185001-185912.nc
Remapped: /maps/rt582/cmipper/.esgpull/data/CMIP6/CMIP/CSIRO/ACCESS-ESM1-5/historical/r1i1p1f1/Omon/arag/gn/v20191115/arag_Omon_ACCESS-ESM1-5_historical_r1i1p1f1_gn_185001-185912.nc -> /maps/rt582/cmipper/.esgpull/data/CMIP6/CMIP/CSIRO/ACCESS-ESM1-5/historical/r1i1p1f1/Omon/arag/gn/v20191115/remapped/arag_Omon_ACCESS-ESM1-5_historical_r1i1p1f1_gn_185001-185912.nc
/maps/rt582/cmipper/.esgpull/data/CMIP6/CMIP/CSIRO/ACCESS-ESM1-5/historical/r1i1p1f1/Omon/arag/gn/v20191115/remapped/arag_Omon_ACCESS-ESM1-5_historical_r1i1p1f1_gn_194001-194912.nc already exists. Skipping...
	Remapping /maps/rt582/cmipper/.esgpull/data/CMIP6/CMIP/CSIRO/ACCESS-ESM1-5/historical/r1i1p1f1/Omon/arag/gn/v20191115/arag_Omon_ACCESS-ESM1-5_historical_r1i1p1f1_gn_195001-195912.nc -> /maps/rt582/cmipper/.esgpull/data/CMIP6/CMIP/CSIRO/ACCESS-ESM1-5/historical/r1i1p1f1/Omon/arag/gn/v20191115/remapped/arag_Omon_ACCESS-ESM1-5_historical_r1i1p1f1_gn_195001-195912.nc
Remapped: /maps/rt582/cmipper/.esgpull/data/CMIP6/CMIP/CSIRO/ACCESS-ESM1-5/historical/r1i1p1f1/Omon/arag/gn/v20191115/arag_Omon_ACCESS-ESM1-5_historical_r1i1p1f1_gn_195001-195912.nc -> /maps/rt582/cmipper/.esgpull/data/CMIP6/CMIP/CSIRO/ACCESS-ESM1-5/historical/r1i1p1f1/Omon/arag/gn/v20191115/remapped/arag_Omon_ACCESS-ESM1-5_historical_r1i1p1f1_gn_195001-195912.nc
	Remapping /maps/rt582/cmipper/.esgpull/data/CMIP6/CMIP/CSIRO/ACCESS-ESM1-5/historical/r1i1p1f1/Omon/arag/gn/v20191115/arag_Omon_ACCESS-ESM1-5_historical_r1i1p1f1_gn_201001-201412.nc -> /maps/rt582/cmipper/.esgpull/data/CMIP6/CMIP/CSIRO/ACCESS-ESM1-5/historical/r1i1p1f1/Omon/arag/gn/v20191115/remapped/arag_Omon_ACCESS-ESM1-5_historical_r1i1p1f1_gn_201001-201412.nc
Remapped: /maps/rt582/cmipper/.esgpull/data/CMIP6/CMIP/CSIRO/ACCESS-ESM1-5/historical/r1i1p1f1/Omon/arag/gn/v20191115/arag_Omon_ACCESS-ESM1-5_historical_r1i1p1f1_gn_201001-201412.nc -> /maps/rt582/cmipper/.esgpull/data/CMIP6/CMIP/CSIRO/ACCESS-ESM1-5/historical/r1i1p1f1/Omon/arag/gn/v20191115/remapped/arag_Omon_ACCESS-ESM1-5_historical_r1i1p1f1_gn_201001-201412.nc
	Remapping /maps/rt582/cmipper/.esgpull/data/CMIP6/CMIP/CSIRO/ACCESS-ESM1-5/historical/r1i1p1f1/Omon/arag/gn/v20191115/arag_Omon_ACCESS-ESM1-5_historical_r1i1p1f1_gn_193001-193912.nc -> /maps/rt582/cmipper/.esgpull/data/CMIP6/CMIP/CSIRO/ACCESS-ESM1-5/historical/r1i1p1f1/Omon/arag/gn/v20191115/remapped/arag_Omon_ACCESS-ESM1-5_historical_r1i1p1f1_gn_193001-193912.nc
Remapped: /maps/rt582/cmipper/.esgpull/data/CMIP6/CMIP/CSIRO/ACCESS-ESM1-5/historical/r1i1p1f1/Omon/arag/gn/v20191115/arag_Omon_ACCESS-ESM1-5_historical_r1i1p1f1_gn_193001-193912.nc -> /maps/rt582/cmipper/.esgpull/data/CMIP6/CMIP/CSIRO/ACCESS-ESM1-5/historical/r1i1p1f1/Omon/arag/gn/v20191115/remapped/arag_Omon_ACCESS-ESM1-5_historical_r1i1p1f1_gn_193001-193912.nc
	Remapping /maps/rt582/cmipper/.esgpull/data/CMIP6/CMIP/CSIRO/ACCESS-ESM1-5/historical/r1i1p1f1/Omon/arag/gn/v20191115/arag_Omon_ACCESS-ESM1-5_historical_r1i1p1f1_gn_192001-192912.nc -> /maps/rt582/cmipper/.esgpull/data/CMIP6/CMIP/CSIRO/ACCESS-ESM1-5/historical/r1i1p1f1/Omon/arag/gn/v20191115/remapped/arag_Omon_ACCESS-ESM1-5_historical_r1i1p1f1_gn_192001-192912.nc
Remapped: /maps/rt582/cmipper/.esgpull/data/CMIP6/CMIP/CSIRO/ACCESS-ESM1-5/historical/r1i1p1f1/Omon/arag/gn/v20191115/arag_Omon_ACCESS-ESM1-5_historical_r1i1p1f1_gn_192001-192912.nc -> /maps/rt582/cmipper/.esgpull/data/CMIP6/CMIP/CSIRO/ACCESS-ESM1-5/historical/r1i1p1f1/Omon/arag/gn/v20191115/remapped/arag_Omon_ACCESS-ESM1-5_historical_r1i1p1f1_gn_192001-192912.nc
	Remapping /maps/rt582/cmipper/.esgpull/data/CMIP6/CMIP/CSIRO/ACCESS-ESM1-5/historical/r1i1p1f1/Omon/arag/gn/v20191115/arag_Omon_ACCESS-ESM1-5_historical_r1i1p1f1_gn_191001-191912.nc -> /maps/rt582/cmipper/.esgpull/data/CMIP6/CMIP/CSIRO/ACCESS-ESM1-5/historical/r1i1p1f1/Omon/arag/gn/v20191115/remapped/arag_Omon_ACCESS-ESM1-5_historical_r1i1p1f1_gn_191001-191912.nc
Remapped: /maps/rt582/cmipper/.esgpull/data/CMIP6/CMIP/CSIRO/ACCESS-ESM1-5/historical/r1i1p1f1/Omon/arag/gn/v20191115/arag_Omon_ACCESS-ESM1-5_historical_r1i1p1f1_gn_191001-191912.nc -> /maps/rt582/cmipper/.esgpull/data/CMIP6/CMIP/CSIRO/ACCESS-ESM1-5/historical/r1i1p1f1/Omon/arag/gn/v20191115/remapped/arag_Omon_ACCESS-ESM1-5_historical_r1i1p1f1_gn_191001-191912.nc
	Remapping /maps/rt582/cmipper/.esgpull/data/CMIP6/CMIP/CSIRO/ACCESS-ESM1-5/historical/r1i1p1f1/Omon/arag/gn/v20191115/arag_Omon_ACCESS-ESM1-5_historical_r1i1p1f1_gn_190001-190912.nc -> /maps/rt582/cmipper/.esgpull/data/CMIP6/CMIP/CSIRO/ACCESS-ESM1-5/historical/r1i1p1f1/Omon/arag/gn/v20191115/remapped/arag_Omon_ACCESS-ESM1-5_historical_r1i1p1f1_gn_190001-190912.nc
Remapped: /maps/rt582/cmipper/.esgpull/data/CMIP6/CMIP/CSIRO/ACCESS-ESM1-5/historical/r1i1p1f1/Omon/arag/gn/v20191115/arag_Omon_ACCESS-ESM1-5_historical_r1i1p1f1_gn_190001-190912.nc -> /maps/rt582/cmipper/.esgpull/data/CMIP6/CMIP/CSIRO/ACCESS-ESM1-5/historical/r1i1p1f1/Omon/arag/gn/v20191115/remapped/arag_Omon_ACCESS-ESM1-5_historical_r1i1p1f1_gn_190001-190912.nc
Scanning directory: /maps/rt582/cmipper/.esgpull/data/CMIP6/CMIP/CSIRO/ACCESS-ESM1-5/historical/r1i1p1f1/Omon/arag/gn/v20191115/remapped
Skipping directory (filepath contains remapped/processed): /maps/rt582/cmipper/.esgpull/data/CMIP6/CMIP/CSIRO/ACCESS-ESM1-5/historical/r1i1p1f1/Omon/arag/gn/v20191115/remapped
Scanning directory: /maps/rt582/cmipper/.esgpull/data/CMIP6/CMIP/CSIRO/ACCESS-ESM1-5/historical/r1i1p1f1/Omon/arag/gn/v20191115
	Remapping 1 files in /maps/rt582/cmipper/.esgpull/data/CMIP6/CMIP/CSIRO/ACCESS-ESM1-5/historical/r1i1p1f1/Omon/arag/gn/v20191115
	Remapping 1 files in /maps/rt582/cmipper/.esgpull/data/CMIP6/CMIP/CSIRO/ACCESS-ESM1-5/historical/r1i1p1f1/Omon/arag/gn/v20191115
/maps/rt582/cmipper/.esgpull/data/CMIP6/CMIP/CSIRO/ACCESS-ESM1-5/historical/r1i1p1f1/Omon/arag/gn/v20191115/remapped/arag_Omon_ACCESS-ESM1-5_historical_r1i1p1f1_gn_194001-194912.nc already exists. Skipping...
cdo    remapcon: YAC first order conservative weights from curvilinear (360x300) to lonlat (1440x720) grid, with source mask (69782)
Scanning directory: /maps/rt582/cmipper/.esgpull/data/CMIP6/CMIP/CSIRO/ACCESS-ESM1-5/historical/r1i1p1f1/Omon/arag/gn/v20191115/remapped
Skipping directory (filepath contains remapped/processed): /maps/rt582/cmipper/.esgpull/data/CMIP6/CMIP/CSIRO/ACCESS-ESM1-5/historical/r1i1p1f1/Omon/arag/gn/v20191115/remapped
Scanning directory: /maps/rt582/cmipper/.esgpull/data/CMIP6/CMIP/CSIRO/ACCESS-ESM1-5/historical/r1i1p1f1/Omon/arag/gn/v20191115
	Remapping 1 files in /maps/rt582/cmipper/.esgpull/data/CMIP6/CMIP/CSIRO/ACCESS-ESM1-5/historical/r1i1p1f1/Omon/arag/gn/v20191115
	Remapping 1 files in /maps/rt582/cmipper/.esgpull/data/CMIP6/CMIP/CSIRO/ACCESS-ESM1-5/historical/r1i1p1f1/Omon/arag/gn/v20191115
	Remapping /maps/rt582/cmipper/.esgpull/data/CMIP6/CMIP/CSIRO/ACCESS-ESM1-5/historical/r1i1p1f1/Omon/arag/gn/v20191115/arag_Omon_ACCESS-ESM1-5_historical_r1i1p1f1_gn_194001-194912.nc -> /maps/rt582/cmipper/.esgpull/data/CMIP6/CMIP/CSIRO/ACCESS-ESM1-5/historical/r1i1p1f1/Omon/arag/gn/v20191115/remapped/arag_Omon_ACCESS-ESM1-5_historical_r1i1p1f1_gn_194001-194912.nc
Remapped: /maps/rt582/cmipper/.esgpull/data/CMIP6/CMIP/CSIRO/ACCESS-ESM1-5/historical/r1i1p1f1/Omon/arag/gn/v20191115/arag_Omon_ACCESS-ESM1-5_historical_r1i1p1f1_gn_194001-194912.nc -> /maps/rt582/cmipper/.esgpull/data/CMIP6/CMIP/CSIRO/ACCESS-ESM1-5/historical/r1i1p1f1/Omon/arag/gn/v20191115/remapped/arag_Omon_ACCESS-ESM1-5_historical_r1i1p1f1_gn_194001-194912.nc
Scanning directory: /maps/rt582/cmipper/.esgpull/data/CMIP6/CMIP/CSIRO/ACCESS-ESM1-5
No .nc files found in /maps/rt582/cmipper/.esgpull/data/CMIP6/CMIP/CSIRO/ACCESS-ESM1-5
Scanning directory: /maps/rt582/cmipper/.esgpull/data/CMIP6/CMIP/CSIRO/ACCESS-ESM1-5/historical
No .nc files found in /maps/rt582/cmipper/.esgpull/data/CMIP6/CMIP/CSIRO/ACCESS-ESM1-5/historical
Scanning directory: /maps/rt582/cmipper/.esgpull/data/CMIP6/CMIP/CSIRO/ACCESS-ESM1-5/historical/r1i1p1f1
No .nc files found in /maps/rt582/cmipper/.esgpull/data/CMIP6/CMIP/CSIRO/ACCESS-ESM1-5/historical/r1i1p1f1
Scanning directory: /maps/rt582/cmipper/.esgpull/data/CMIP6/CMIP/CSIRO/ACCESS-ESM1-5/historical/r1i1p1f1/Omon
No .nc files found in /maps/rt582/cmipper/.esgpull/data/CMIP6/CMIP/CSIRO/ACCESS-ESM1-5/historical/r1i1p1f1/Omon
Scanning directory: /maps/rt582/cmipper/.esgpull/data/CMIP6/CMIP/CSIRO/ACCESS-ESM1-5/historical/r1i1p1f1/Omon/arag
No .nc files found in /maps/rt582/cmipper/.esgpull/data/CMIP6/CMIP/CSIRO/ACCESS-ESM1-5/historical/r1i1p1f1/Omon/arag
Scanning directory: /maps/rt582/cmipper/.esgpull/data/CMIP6/CMIP/CSIRO/ACCESS-ESM1-5/historical/r1i1p1f1/Omon/arag/gn
No .nc files found in /maps/rt582/cmipper/.esgpull/data/CMIP6/CMIP/CSIRO/ACCESS-ESM1-5/historical/r1i1p1f1/Omon/arag/gn
Scanning directory: /maps/rt582/cmipper/.esgpull/data/CMIP6/CMIP/CSIRO/ACCESS-ESM1-5/historical/r1i1p1f1/Omon/arag/gn/v20191115
No .nc files found in /maps/rt582/cmipper/.esgpull/data/CMIP6/CMIP/CSIRO/ACCESS-ESM1-5/historical/r1i1p1f1/Omon/arag/gn/v20191115
Scanning directory: /maps/rt582/cmipper/.esgpull/data/CMIP6/CMIP/CSIRO/ACCESS-ESM1-5/historical/r1i1p1f1/Omon/arag/gn/v20191115/remapped
Skipping directory (filepath contains remapped/processed): /maps/rt582/cmipper/.esgpull/data/CMIP6/CMIP/CSIRO/ACCESS-ESM1-5/historical/r1i1p1f1/Omon/arag/gn/v20191115/remapped
Scanning directory: /maps/rt582/cmipper/.esgpull/data/CMIP6/CMIP/CSIRO
No .nc files found in /maps/rt582/cmipper/.esgpull/data/CMIP6/CMIP/CSIRO
cdo    remapcon: YAC first order conservative weights from curvilinear (360x300) to lonlat (1440x720) grid, with source mask (69782)
cdo    remapcon: YAC first order conservative weights from curvilinear (360x300) to lonlat (1440x720) grid, with source mask (69782)
cdo    remapcon: YAC first order conservative weights from curvilinear (360x300) to lonlat (1440x720) grid, with source mask (69782)
cdo    remapcon: YAC first order conservative weights from curvilinear (360x300) to lonlat (1440x720) grid, with source mask (69782)
cdo    remapcon: YAC first order conservative weights from curvilinear (360x300) to lonlat (1440x720) grid, with source mask (69782)
cdo    remapcon: YAC first order conservative weights from curvilinear (360x300) to lonlat (1440x720) grid, with source mask (69782)
cdo    remapcon: YAC first order conservative weights from curvilinear (360x300) to lonlat (1440x720) grid, with source mask (69782)
cdo    remapcon: YAC first order conservative weights from curvilinear (360x300) to lonlat (1440x720) grid, with source mask (69782)
cdo    remapcon: YAC first order conservative weights from curvilinear (360x300) to lonlat (1440x720) grid, with source mask (69782)
cdo    remapcon: YAC first order conservative weights from curvilinear (360x300) to lonlat (1440x720) grid, with source mask (69782)
cdo    remapcon: YAC first order conservative weights from curvilinear (360x300) to lonlat (1440x720) grid, with source mask (69782)
cdo    remapcon: YAC first order conservative weights from curvilinear (360x300) to lonlat (1440x720) grid, with source mask (69782)
cdo    remapcon: YAC first order conservative weights from curvilinear (360x300) to lonlat (1440x720) grid, with source mask (69782)
cdo    remapcon: YAC first order conservative weights from curvilinear (360x300) to lonlat (1440x720) grid, with source mask (69782)
cdo    remapcon: YAC first order conservative weights from curvilinear (360x300) to lonlat (1440x720) grid, with source mask (69782)
cdo    remapcon: YAC first order conservative weights from curvilinear (360x300) to lonlat (1440x720) grid, with source mask (69782)
cdo    remapcon: YAC first order conservative weights from curvilinear (360x300) to lonlat (1440x720) grid, with source mask (69782)
cdo    remapcon: YAC first order conservative weights from curvilinear (360x300) to lonlat (1440x720) grid, with source mask (69782)
cdo    remapcon: YAC first order conservative weights from curvilinear (360x300) to lonlat (1440x720) grid, with source mask (69782)
cdo    remapcon: YAC first order conservative weights from curvilinear (360x300) to lonlat (1440x720) grid, with source mask (69782)
cdo    remapcon: YAC first order conservative weights from curvilinear (360x300) to lonlat (1440x720) grid, with source mask (69782)
cdo    remapcon: YAC first order conservative weights from curvilinear (360x300) to lonlat (1440x720) grid, with source mask (69782)
cdo    remapcon: YAC first order conservative weights from curvilinear (360x300) to lonlat (1440x720) grid, with source mask (69782)
cdo    remapcon: YAC first order conservative weights from curvilinear (360x300) to lonlat (1440x720) grid, with source mask (69782)
cdo    remapcon: YAC first order conservative weights from curvilinear (360x300) to lonlat (1440x720) grid, with source mask (69782)
cdo    remapcon: YAC first order conservative weights from curvilinear (360x300) to lonlat (1440x720) grid, with source mask (69782)
cdo    remapcon: YAC first order conservative weights from curvilinear (360x300) to lonlat (1440x720) grid, with source mask (69782)
cdo    remapcon: YAC first order conservative weights from curvilinear (360x300) to lonlat (1440x720) grid, with source mask (69782)
cdo    remapcon: YAC first order conservative weights from curvilinear (360x300) to lonlat (1440x720) grid, with source mask (69782)
cdo    remapcon: YAC first order conservative weights from curvilinear (360x300) to lonlat (1440x720) grid, with source mask (69782)
cdo    remapcon: YAC first order conservative weights from curvilinear (360x300) to lonlat (1440x720) grid, with source mask (69782)
cdo    remapcon: YAC first order conservative weights from curvilinear (360x300) to lonlat (1440x720) grid, with source mask (69782)
cdo    remapcon: YAC first order conservative weights from curvilinear (360x300) to lonlat (1440x720) grid, with source mask (69782)
cdo    remapcon: YAC first order conservative weights from curvilinear (360x300) to lonlat (1440x720) grid, with source mask (69782)
cdo    remapcon: YAC first order conservative weights from curvilinear (360x300) to lonlat (1440x720) grid, with source mask (69782)
cdo    remapcon: YAC first order conservative weights from curvilinear (360x300) to lonlat (1440x720) grid, with source mask (69782)
cdo    remapcon: YAC first order conservative weights from curvilinear (360x300) to lonlat (1440x720) grid, with source mask (69782)
cdo    remapcon: YAC first order conservative weights from curvilinear (360x300) to lonlat (1440x720) grid, with source mask (69782)
cdo    remapcon: YAC first order conservative weights from curvilinear (360x300) to lonlat (1440x720) grid, with source mask (69782)
cdo    remapcon: YAC first order conservative weights from curvilinear (360x300) to lonlat (1440x720) grid, with source mask (69782)
cdo    remapcon: YAC first order conservative weights from curvilinear (360x300) to lonlat (1440x720) grid, with source mask (69782)
cdo    remapcon: YAC first order conservative weights from curvilinear (360x300) to lonlat (1440x720) grid, with source mask (69782)
cdo    remapcon: YAC first order conservative weights from curvilinear (360x300) to lonlat (1440x720) grid, with source mask (69782)
cdo    remapcon: YAC first order conservative weights from curvilinear (360x300) to lonlat (1440x720) grid, with source mask (69782)
cdo    remapcon: YAC first order conservative weights from curvilinear (360x300) to lonlat (1440x720) grid, with source mask (69782)
cdo    remapcon: YAC first order conservative weights from curvilinear (360x300) to lonlat (1440x720) grid, with source mask (69782)
cdo    remapcon: YAC first order conservative weights from curvilinear (360x300) to lonlat (1440x720) grid, with source mask (69782)
cdo    remapcon: YAC first order conservative weights from curvilinear (360x300) to lonlat (1440x720) grid, with source mask (69782)
cdo    remapcon: YAC first order conservative weights from curvilinear (360x300) to lonlat (1440x720) grid, with source mask (69782)
cdo    remapcon: YAC first order conservative weights from curvilinear (360x300) to lonlat (1440x720) grid, with source mask (69782)
cdo    remapcon: YAC first order conservative weights from curvilinear (360x300) to lonlat (1440x720) grid, with source mask (69782)
cdo    remapcon: YAC first order conservative weights from curvilinear (360x300) to lonlat (1440x720) grid, with source mask (69782)
cdo    remapcon: YAC first order conservative weights from curvilinear (360x300) to lonlat (1440x720) grid, with source mask (69782)
cdo    remapcon: YAC first order conservative weights from curvilinear (360x300) to lonlat (1440x720) grid, with source mask (69782)
cdo    remapcon: YAC first order conservative weights from curvilinear (360x300) to lonlat (1440x720) grid, with source mask (69782)
cdo    remapcon: YAC first order conservative weights from curvilinear (360x300) to lonlat (1440x720) grid, with source mask (69782)
cdo    remapcon: YAC first order conservative weights from curvilinear (360x300) to lonlat (1440x720) grid, with source mask (69782)
Scanning directory: /maps/rt582/cmipper/.esgpull/data/CMIP6/ScenarioMIP/CSIRO/ACCESS-ESM1-5
No .nc files found in /maps/rt582/cmipper/.esgpull/data/CMIP6/ScenarioMIP/CSIRO/ACCESS-ESM1-5
Scanning directory: /maps/rt582/cmipper/.esgpull/data/CMIP6/ScenarioMIP/CSIRO/ACCESS-ESM1-5/ssp585
No .nc files found in /maps/rt582/cmipper/.esgpull/data/CMIP6/ScenarioMIP/CSIRO/ACCESS-ESM1-5/ssp585
Scanning directory: /maps/rt582/cmipper/.esgpull/data/CMIP6/ScenarioMIP/CSIRO/ACCESS-ESM1-5/ssp126
No .nc files found in /maps/rt582/cmipper/.esgpull/data/CMIP6/ScenarioMIP/CSIRO/ACCESS-ESM1-5/ssp126
Scanning directory: /maps/rt582/cmipper/.esgpull/data/CMIP6/ScenarioMIP/CSIRO/ACCESS-ESM1-5/ssp370
No .nc files found in /maps/rt582/cmipper/.esgpull/data/CMIP6/ScenarioMIP/CSIRO/ACCESS-ESM1-5/ssp370
Scanning directory: /maps/rt582/cmipper/.esgpull/data/CMIP6/ScenarioMIP/CSIRO/ACCESS-ESM1-5/ssp245
No .nc files found in /maps/rt582/cmipper/.esgpull/data/CMIP6/ScenarioMIP/CSIRO/ACCESS-ESM1-5/ssp245
Scanning directory: /maps/rt582/cmipper/.esgpull/data/CMIP6/ScenarioMIP/CSIRO/ACCESS-ESM1-5/ssp585/r1i1p1f1
No .nc files found in /maps/rt582/cmipper/.esgpull/data/CMIP6/ScenarioMIP/CSIRO/ACCESS-ESM1-5/ssp585/r1i1p1f1
Scanning directory: /maps/rt582/cmipper/.esgpull/data/CMIP6/ScenarioMIP/CSIRO/ACCESS-ESM1-5/ssp126/r1i1p1f1
No .nc files found in /maps/rt582/cmipper/.esgpull/data/CMIP6/ScenarioMIP/CSIRO/ACCESS-ESM1-5/ssp126/r1i1p1f1
Scanning directory: /maps/rt582/cmipper/.esgpull/data/CMIP6/ScenarioMIP/CSIRO/ACCESS-ESM1-5/ssp370/r1i1p1f1
No .nc files found in /maps/rt582/cmipper/.esgpull/data/CMIP6/ScenarioMIP/CSIRO/ACCESS-ESM1-5/ssp370/r1i1p1f1
Scanning directory: /maps/rt582/cmipper/.esgpull/data/CMIP6/ScenarioMIP/CSIRO/ACCESS-ESM1-5/ssp245/r1i1p1f1
No .nc files found in /maps/rt582/cmipper/.esgpull/data/CMIP6/ScenarioMIP/CSIRO/ACCESS-ESM1-5/ssp245/r1i1p1f1
Scanning directory: /maps/rt582/cmipper/.esgpull/data/CMIP6/ScenarioMIP/CSIRO/ACCESS-ESM1-5/ssp585/r1i1p1f1/Omon
No .nc files found in /maps/rt582/cmipper/.esgpull/data/CMIP6/ScenarioMIP/CSIRO/ACCESS-ESM1-5/ssp585/r1i1p1f1/Omon
Scanning directory: /maps/rt582/cmipper/.esgpull/data/CMIP6/ScenarioMIP/CSIRO/ACCESS-ESM1-5/ssp585/r1i1p1f1/Omon/arag
No .nc files found in /maps/rt582/cmipper/.esgpull/data/CMIP6/ScenarioMIP/CSIRO/ACCESS-ESM1-5/ssp585/r1i1p1f1/Omon/arag
Scanning directory: /maps/rt582/cmipper/.esgpull/data/CMIP6/ScenarioMIP/CSIRO/ACCESS-ESM1-5/ssp585/r1i1p1f1/Omon/po4
No .nc files found in /maps/rt582/cmipper/.esgpull/data/CMIP6/ScenarioMIP/CSIRO/ACCESS-ESM1-5/ssp585/r1i1p1f1/Omon/po4
Scanning directory: /maps/rt582/cmipper/.esgpull/data/CMIP6/ScenarioMIP/CSIRO/ACCESS-ESM1-5/ssp585/r1i1p1f1/Omon/no3
No .nc files found in /maps/rt582/cmipper/.esgpull/data/CMIP6/ScenarioMIP/CSIRO/ACCESS-ESM1-5/ssp585/r1i1p1f1/Omon/no3
Scanning directory: /maps/rt582/cmipper/.esgpull/data/CMIP6/ScenarioMIP/CSIRO/ACCESS-ESM1-5/ssp585/r1i1p1f1/Omon/arag/gn
No .nc files found in /maps/rt582/cmipper/.esgpull/data/CMIP6/ScenarioMIP/CSIRO/ACCESS-ESM1-5/ssp585/r1i1p1f1/Omon/arag/gn
Scanning directory: /maps/rt582/cmipper/.esgpull/data/CMIP6/ScenarioMIP/CSIRO/ACCESS-ESM1-5/ssp585/r1i1p1f1/Omon/po4/gn
No .nc files found in /maps/rt582/cmipper/.esgpull/data/CMIP6/ScenarioMIP/CSIRO/ACCESS-ESM1-5/ssp585/r1i1p1f1/Omon/po4/gn
Scanning directory: /maps/rt582/cmipper/.esgpull/data/CMIP6/ScenarioMIP/CSIRO/ACCESS-ESM1-5/ssp585/r1i1p1f1/Omon/no3/gn
No .nc files found in /maps/rt582/cmipper/.esgpull/data/CMIP6/ScenarioMIP/CSIRO/ACCESS-ESM1-5/ssp585/r1i1p1f1/Omon/no3/gn
Scanning directory: /maps/rt582/cmipper/.esgpull/data/CMIP6/ScenarioMIP/CSIRO/ACCESS-ESM1-5/ssp585/r1i1p1f1/Omon/arag/gn/v20210318
	Remapping 5 files in /maps/rt582/cmipper/.esgpull/data/CMIP6/ScenarioMIP/CSIRO/ACCESS-ESM1-5/ssp585/r1i1p1f1/Omon/arag/gn/v20210318
	Remapping 5 files in /maps/rt582/cmipper/.esgpull/data/CMIP6/ScenarioMIP/CSIRO/ACCESS-ESM1-5/ssp585/r1i1p1f1/Omon/arag/gn/v20210318
	Remapping /maps/rt582/cmipper/.esgpull/data/CMIP6/ScenarioMIP/CSIRO/ACCESS-ESM1-5/ssp585/r1i1p1f1/Omon/arag/gn/v20210318/arag_Omon_ACCESS-ESM1-5_ssp585_r1i1p1f1_gn_213101-214012.nc -> /maps/rt582/cmipper/.esgpull/data/CMIP6/ScenarioMIP/CSIRO/ACCESS-ESM1-5/ssp585/r1i1p1f1/Omon/arag/gn/v20210318/remapped/arag_Omon_ACCESS-ESM1-5_ssp585_r1i1p1f1_gn_213101-214012.nc
Remapped: /maps/rt582/cmipper/.esgpull/data/CMIP6/ScenarioMIP/CSIRO/ACCESS-ESM1-5/ssp585/r1i1p1f1/Omon/arag/gn/v20210318/arag_Omon_ACCESS-ESM1-5_ssp585_r1i1p1f1_gn_213101-214012.nc -> /maps/rt582/cmipper/.esgpull/data/CMIP6/ScenarioMIP/CSIRO/ACCESS-ESM1-5/ssp585/r1i1p1f1/Omon/arag/gn/v20210318/remapped/arag_Omon_ACCESS-ESM1-5_ssp585_r1i1p1f1_gn_213101-214012.nc
	Remapping /maps/rt582/cmipper/.esgpull/data/CMIP6/ScenarioMIP/CSIRO/ACCESS-ESM1-5/ssp585/r1i1p1f1/Omon/arag/gn/v20210318/arag_Omon_ACCESS-ESM1-5_ssp585_r1i1p1f1_gn_218101-219012.nc -> /maps/rt582/cmipper/.esgpull/data/CMIP6/ScenarioMIP/CSIRO/ACCESS-ESM1-5/ssp585/r1i1p1f1/Omon/arag/gn/v20210318/remapped/arag_Omon_ACCESS-ESM1-5_ssp585_r1i1p1f1_gn_218101-219012.nc
Remapped: /maps/rt582/cmipper/.esgpull/data/CMIP6/ScenarioMIP/CSIRO/ACCESS-ESM1-5/ssp585/r1i1p1f1/Omon/arag/gn/v20210318/arag_Omon_ACCESS-ESM1-5_ssp585_r1i1p1f1_gn_218101-219012.nc -> /maps/rt582/cmipper/.esgpull/data/CMIP6/ScenarioMIP/CSIRO/ACCESS-ESM1-5/ssp585/r1i1p1f1/Omon/arag/gn/v20210318/remapped/arag_Omon_ACCESS-ESM1-5_ssp585_r1i1p1f1_gn_218101-219012.nc
	Remapping /maps/rt582/cmipper/.esgpull/data/CMIP6/ScenarioMIP/CSIRO/ACCESS-ESM1-5/ssp585/r1i1p1f1/Omon/arag/gn/v20210318/arag_Omon_ACCESS-ESM1-5_ssp585_r1i1p1f1_gn_209501-210012.nc -> /maps/rt582/cmipper/.esgpull/data/CMIP6/ScenarioMIP/CSIRO/ACCESS-ESM1-5/ssp585/r1i1p1f1/Omon/arag/gn/v20210318/remapped/arag_Omon_ACCESS-ESM1-5_ssp585_r1i1p1f1_gn_209501-210012.nc
Remapped: /maps/rt582/cmipper/.esgpull/data/CMIP6/ScenarioMIP/CSIRO/ACCESS-ESM1-5/ssp585/r1i1p1f1/Omon/arag/gn/v20210318/arag_Omon_ACCESS-ESM1-5_ssp585_r1i1p1f1_gn_209501-210012.nc -> /maps/rt582/cmipper/.esgpull/data/CMIP6/ScenarioMIP/CSIRO/ACCESS-ESM1-5/ssp585/r1i1p1f1/Omon/arag/gn/v20210318/remapped/arag_Omon_ACCESS-ESM1-5_ssp585_r1i1p1f1_gn_209501-210012.nc
	Remapping /maps/rt582/cmipper/.esgpull/data/CMIP6/ScenarioMIP/CSIRO/ACCESS-ESM1-5/ssp585/r1i1p1f1/Omon/arag/gn/v20210318/arag_Omon_ACCESS-ESM1-5_ssp585_r1i1p1f1_gn_216101-217012.nc -> /maps/rt582/cmipper/.esgpull/data/CMIP6/ScenarioMIP/CSIRO/ACCESS-ESM1-5/ssp585/r1i1p1f1/Omon/arag/gn/v20210318/remapped/arag_Omon_ACCESS-ESM1-5_ssp585_r1i1p1f1_gn_216101-217012.nc
Remapped: /maps/rt582/cmipper/.esgpull/data/CMIP6/ScenarioMIP/CSIRO/ACCESS-ESM1-5/ssp585/r1i1p1f1/Omon/arag/gn/v20210318/arag_Omon_ACCESS-ESM1-5_ssp585_r1i1p1f1_gn_216101-217012.nc -> /maps/rt582/cmipper/.esgpull/data/CMIP6/ScenarioMIP/CSIRO/ACCESS-ESM1-5/ssp585/r1i1p1f1/Omon/arag/gn/v20210318/remapped/arag_Omon_ACCESS-ESM1-5_ssp585_r1i1p1f1_gn_216101-217012.nc
	Remapping /maps/rt582/cmipper/.esgpull/data/CMIP6/ScenarioMIP/CSIRO/ACCESS-ESM1-5/ssp585/r1i1p1f1/Omon/arag/gn/v20210318/arag_Omon_ACCESS-ESM1-5_ssp585_r1i1p1f1_gn_201501-202412.nc -> /maps/rt582/cmipper/.esgpull/data/CMIP6/ScenarioMIP/CSIRO/ACCESS-ESM1-5/ssp585/r1i1p1f1/Omon/arag/gn/v20210318/remapped/arag_Omon_ACCESS-ESM1-5_ssp585_r1i1p1f1_gn_201501-202412.nc
Remapped: /maps/rt582/cmipper/.esgpull/data/CMIP6/ScenarioMIP/CSIRO/ACCESS-ESM1-5/ssp585/r1i1p1f1/Omon/arag/gn/v20210318/arag_Omon_ACCESS-ESM1-5_ssp585_r1i1p1f1_gn_201501-202412.nc -> /maps/rt582/cmipper/.esgpull/data/CMIP6/ScenarioMIP/CSIRO/ACCESS-ESM1-5/ssp585/r1i1p1f1/Omon/arag/gn/v20210318/remapped/arag_Omon_ACCESS-ESM1-5_ssp585_r1i1p1f1_gn_201501-202412.nc
Scanning directory: /maps/rt582/cmipper/.esgpull/data/CMIP6/ScenarioMIP/CSIRO/ACCESS-ESM1-5/ssp585/r1i1p1f1/Omon/arag/gn/v20210318/remapped
Skipping directory (filepath contains remapped/processed): /maps/rt582/cmipper/.esgpull/data/CMIP6/ScenarioMIP/CSIRO/ACCESS-ESM1-5/ssp585/r1i1p1f1/Omon/arag/gn/v20210318/remapped
Scanning directory: /maps/rt582/cmipper/.esgpull/data/CMIP6/ScenarioMIP/CSIRO/ACCESS-ESM1-5/ssp585/r1i1p1f1/Omon/po4/gn/v20210318
	Remapping 6 files in /maps/rt582/cmipper/.esgpull/data/CMIP6/ScenarioMIP/CSIRO/ACCESS-ESM1-5/ssp585/r1i1p1f1/Omon/po4/gn/v20210318
	Remapping 6 files in /maps/rt582/cmipper/.esgpull/data/CMIP6/ScenarioMIP/CSIRO/ACCESS-ESM1-5/ssp585/r1i1p1f1/Omon/po4/gn/v20210318
	Remapping /maps/rt582/cmipper/.esgpull/data/CMIP6/ScenarioMIP/CSIRO/ACCESS-ESM1-5/ssp585/r1i1p1f1/Omon/po4/gn/v20210318/po4_Omon_ACCESS-ESM1-5_ssp585_r1i1p1f1_gn_222101-223012.nc -> /maps/rt582/cmipper/.esgpull/data/CMIP6/ScenarioMIP/CSIRO/ACCESS-ESM1-5/ssp585/r1i1p1f1/Omon/po4/gn/v20210318/remapped/po4_Omon_ACCESS-ESM1-5_ssp585_r1i1p1f1_gn_222101-223012.nc
Remapped: /maps/rt582/cmipper/.esgpull/data/CMIP6/ScenarioMIP/CSIRO/ACCESS-ESM1-5/ssp585/r1i1p1f1/Omon/po4/gn/v20210318/po4_Omon_ACCESS-ESM1-5_ssp585_r1i1p1f1_gn_222101-223012.nc -> /maps/rt582/cmipper/.esgpull/data/CMIP6/ScenarioMIP/CSIRO/ACCESS-ESM1-5/ssp585/r1i1p1f1/Omon/po4/gn/v20210318/remapped/po4_Omon_ACCESS-ESM1-5_ssp585_r1i1p1f1_gn_222101-223012.nc
	Remapping /maps/rt582/cmipper/.esgpull/data/CMIP6/ScenarioMIP/CSIRO/ACCESS-ESM1-5/ssp585/r1i1p1f1/Omon/po4/gn/v20210318/po4_Omon_ACCESS-ESM1-5_ssp585_r1i1p1f1_gn_221101-222012.nc -> /maps/rt582/cmipper/.esgpull/data/CMIP6/ScenarioMIP/CSIRO/ACCESS-ESM1-5/ssp585/r1i1p1f1/Omon/po4/gn/v20210318/remapped/po4_Omon_ACCESS-ESM1-5_ssp585_r1i1p1f1_gn_221101-222012.nc
Remapped: /maps/rt582/cmipper/.esgpull/data/CMIP6/ScenarioMIP/CSIRO/ACCESS-ESM1-5/ssp585/r1i1p1f1/Omon/po4/gn/v20210318/po4_Omon_ACCESS-ESM1-5_ssp585_r1i1p1f1_gn_221101-222012.nc -> /maps/rt582/cmipper/.esgpull/data/CMIP6/ScenarioMIP/CSIRO/ACCESS-ESM1-5/ssp585/r1i1p1f1/Omon/po4/gn/v20210318/remapped/po4_Omon_ACCESS-ESM1-5_ssp585_r1i1p1f1_gn_221101-222012.nc
	Remapping /maps/rt582/cmipper/.esgpull/data/CMIP6/ScenarioMIP/CSIRO/ACCESS-ESM1-5/ssp585/r1i1p1f1/Omon/po4/gn/v20210318/po4_Omon_ACCESS-ESM1-5_ssp585_r1i1p1f1_gn_220101-221012.nc -> /maps/rt582/cmipper/.esgpull/data/CMIP6/ScenarioMIP/CSIRO/ACCESS-ESM1-5/ssp585/r1i1p1f1/Omon/po4/gn/v20210318/remapped/po4_Omon_ACCESS-ESM1-5_ssp585_r1i1p1f1_gn_220101-221012.nc
Remapped: /maps/rt582/cmipper/.esgpull/data/CMIP6/ScenarioMIP/CSIRO/ACCESS-ESM1-5/ssp585/r1i1p1f1/Omon/po4/gn/v20210318/po4_Omon_ACCESS-ESM1-5_ssp585_r1i1p1f1_gn_220101-221012.nc -> /maps/rt582/cmipper/.esgpull/data/CMIP6/ScenarioMIP/CSIRO/ACCESS-ESM1-5/ssp585/r1i1p1f1/Omon/po4/gn/v20210318/remapped/po4_Omon_ACCESS-ESM1-5_ssp585_r1i1p1f1_gn_220101-221012.nc
	Remapping /maps/rt582/cmipper/.esgpull/data/CMIP6/ScenarioMIP/CSIRO/ACCESS-ESM1-5/ssp585/r1i1p1f1/Omon/po4/gn/v20210318/po4_Omon_ACCESS-ESM1-5_ssp585_r1i1p1f1_gn_225101-226012.nc -> /maps/rt582/cmipper/.esgpull/data/CMIP6/ScenarioMIP/CSIRO/ACCESS-ESM1-5/ssp585/r1i1p1f1/Omon/po4/gn/v20210318/remapped/po4_Omon_ACCESS-ESM1-5_ssp585_r1i1p1f1_gn_225101-226012.nc
Remapped: /maps/rt582/cmipper/.esgpull/data/CMIP6/ScenarioMIP/CSIRO/ACCESS-ESM1-5/ssp585/r1i1p1f1/Omon/po4/gn/v20210318/po4_Omon_ACCESS-ESM1-5_ssp585_r1i1p1f1_gn_225101-226012.nc -> /maps/rt582/cmipper/.esgpull/data/CMIP6/ScenarioMIP/CSIRO/ACCESS-ESM1-5/ssp585/r1i1p1f1/Omon/po4/gn/v20210318/remapped/po4_Omon_ACCESS-ESM1-5_ssp585_r1i1p1f1_gn_225101-226012.nc
	Remapping /maps/rt582/cmipper/.esgpull/data/CMIP6/ScenarioMIP/CSIRO/ACCESS-ESM1-5/ssp585/r1i1p1f1/Omon/po4/gn/v20210318/po4_Omon_ACCESS-ESM1-5_ssp585_r1i1p1f1_gn_227101-228012.nc -> /maps/rt582/cmipper/.esgpull/data/CMIP6/ScenarioMIP/CSIRO/ACCESS-ESM1-5/ssp585/r1i1p1f1/Omon/po4/gn/v20210318/remapped/po4_Omon_ACCESS-ESM1-5_ssp585_r1i1p1f1_gn_227101-228012.nc
Remapped: /maps/rt582/cmipper/.esgpull/data/CMIP6/ScenarioMIP/CSIRO/ACCESS-ESM1-5/ssp585/r1i1p1f1/Omon/po4/gn/v20210318/po4_Omon_ACCESS-ESM1-5_ssp585_r1i1p1f1_gn_227101-228012.nc -> /maps/rt582/cmipper/.esgpull/data/CMIP6/ScenarioMIP/CSIRO/ACCESS-ESM1-5/ssp585/r1i1p1f1/Omon/po4/gn/v20210318/remapped/po4_Omon_ACCESS-ESM1-5_ssp585_r1i1p1f1_gn_227101-228012.nc
	Remapping /maps/rt582/cmipper/.esgpull/data/CMIP6/ScenarioMIP/CSIRO/ACCESS-ESM1-5/ssp585/r1i1p1f1/Omon/po4/gn/v20210318/po4_Omon_ACCESS-ESM1-5_ssp585_r1i1p1f1_gn_224101-225012.nc -> /maps/rt582/cmipper/.esgpull/data/CMIP6/ScenarioMIP/CSIRO/ACCESS-ESM1-5/ssp585/r1i1p1f1/Omon/po4/gn/v20210318/remapped/po4_Omon_ACCESS-ESM1-5_ssp585_r1i1p1f1_gn_224101-225012.nc
Remapped: /maps/rt582/cmipper/.esgpull/data/CMIP6/ScenarioMIP/CSIRO/ACCESS-ESM1-5/ssp585/r1i1p1f1/Omon/po4/gn/v20210318/po4_Omon_ACCESS-ESM1-5_ssp585_r1i1p1f1_gn_224101-225012.nc -> /maps/rt582/cmipper/.esgpull/data/CMIP6/ScenarioMIP/CSIRO/ACCESS-ESM1-5/ssp585/r1i1p1f1/Omon/po4/gn/v20210318/remapped/po4_Omon_ACCESS-ESM1-5_ssp585_r1i1p1f1_gn_224101-225012.nc
Scanning directory: /maps/rt582/cmipper/.esgpull/data/CMIP6/ScenarioMIP/CSIRO/ACCESS-ESM1-5/ssp585/r1i1p1f1/Omon/po4/gn/v20210318/remapped
Skipping directory (filepath contains remapped/processed): /maps/rt582/cmipper/.esgpull/data/CMIP6/ScenarioMIP/CSIRO/ACCESS-ESM1-5/ssp585/r1i1p1f1/Omon/po4/gn/v20210318/remapped
Scanning directory: /maps/rt582/cmipper/.esgpull/data/CMIP6/ScenarioMIP/CSIRO/ACCESS-ESM1-5/ssp585/r1i1p1f1/Omon/no3/gn/v20210318
	Remapping 6 files in /maps/rt582/cmipper/.esgpull/data/CMIP6/ScenarioMIP/CSIRO/ACCESS-ESM1-5/ssp585/r1i1p1f1/Omon/no3/gn/v20210318
	Remapping 6 files in /maps/rt582/cmipper/.esgpull/data/CMIP6/ScenarioMIP/CSIRO/ACCESS-ESM1-5/ssp585/r1i1p1f1/Omon/no3/gn/v20210318
	Remapping /maps/rt582/cmipper/.esgpull/data/CMIP6/ScenarioMIP/CSIRO/ACCESS-ESM1-5/ssp585/r1i1p1f1/Omon/no3/gn/v20210318/no3_Omon_ACCESS-ESM1-5_ssp585_r1i1p1f1_gn_210101-211012.nc -> /maps/rt582/cmipper/.esgpull/data/CMIP6/ScenarioMIP/CSIRO/ACCESS-ESM1-5/ssp585/r1i1p1f1/Omon/no3/gn/v20210318/remapped/no3_Omon_ACCESS-ESM1-5_ssp585_r1i1p1f1_gn_210101-211012.nc
Remapped: /maps/rt582/cmipper/.esgpull/data/CMIP6/ScenarioMIP/CSIRO/ACCESS-ESM1-5/ssp585/r1i1p1f1/Omon/no3/gn/v20210318/no3_Omon_ACCESS-ESM1-5_ssp585_r1i1p1f1_gn_210101-211012.nc -> /maps/rt582/cmipper/.esgpull/data/CMIP6/ScenarioMIP/CSIRO/ACCESS-ESM1-5/ssp585/r1i1p1f1/Omon/no3/gn/v20210318/remapped/no3_Omon_ACCESS-ESM1-5_ssp585_r1i1p1f1_gn_210101-211012.nc
	Remapping /maps/rt582/cmipper/.esgpull/data/CMIP6/ScenarioMIP/CSIRO/ACCESS-ESM1-5/ssp585/r1i1p1f1/Omon/no3/gn/v20210318/no3_Omon_ACCESS-ESM1-5_ssp585_r1i1p1f1_gn_219101-220012.nc -> /maps/rt582/cmipper/.esgpull/data/CMIP6/ScenarioMIP/CSIRO/ACCESS-ESM1-5/ssp585/r1i1p1f1/Omon/no3/gn/v20210318/remapped/no3_Omon_ACCESS-ESM1-5_ssp585_r1i1p1f1_gn_219101-220012.nc
Remapped: /maps/rt582/cmipper/.esgpull/data/CMIP6/ScenarioMIP/CSIRO/ACCESS-ESM1-5/ssp585/r1i1p1f1/Omon/no3/gn/v20210318/no3_Omon_ACCESS-ESM1-5_ssp585_r1i1p1f1_gn_219101-220012.nc -> /maps/rt582/cmipper/.esgpull/data/CMIP6/ScenarioMIP/CSIRO/ACCESS-ESM1-5/ssp585/r1i1p1f1/Omon/no3/gn/v20210318/remapped/no3_Omon_ACCESS-ESM1-5_ssp585_r1i1p1f1_gn_219101-220012.nc
	Remapping /maps/rt582/cmipper/.esgpull/data/CMIP6/ScenarioMIP/CSIRO/ACCESS-ESM1-5/ssp585/r1i1p1f1/Omon/no3/gn/v20210318/no3_Omon_ACCESS-ESM1-5_ssp585_r1i1p1f1_gn_226101-227012.nc -> /maps/rt582/cmipper/.esgpull/data/CMIP6/ScenarioMIP/CSIRO/ACCESS-ESM1-5/ssp585/r1i1p1f1/Omon/no3/gn/v20210318/remapped/no3_Omon_ACCESS-ESM1-5_ssp585_r1i1p1f1_gn_226101-227012.nc
Remapped: /maps/rt582/cmipper/.esgpull/data/CMIP6/ScenarioMIP/CSIRO/ACCESS-ESM1-5/ssp585/r1i1p1f1/Omon/no3/gn/v20210318/no3_Omon_ACCESS-ESM1-5_ssp585_r1i1p1f1_gn_226101-227012.nc -> /maps/rt582/cmipper/.esgpull/data/CMIP6/ScenarioMIP/CSIRO/ACCESS-ESM1-5/ssp585/r1i1p1f1/Omon/no3/gn/v20210318/remapped/no3_Omon_ACCESS-ESM1-5_ssp585_r1i1p1f1_gn_226101-227012.nc
	Remapping /maps/rt582/cmipper/.esgpull/data/CMIP6/ScenarioMIP/CSIRO/ACCESS-ESM1-5/ssp585/r1i1p1f1/Omon/no3/gn/v20210318/no3_Omon_ACCESS-ESM1-5_ssp585_r1i1p1f1_gn_207501-208412.nc -> /maps/rt582/cmipper/.esgpull/data/CMIP6/ScenarioMIP/CSIRO/ACCESS-ESM1-5/ssp585/r1i1p1f1/Omon/no3/gn/v20210318/remapped/no3_Omon_ACCESS-ESM1-5_ssp585_r1i1p1f1_gn_207501-208412.nc
Remapped: /maps/rt582/cmipper/.esgpull/data/CMIP6/ScenarioMIP/CSIRO/ACCESS-ESM1-5/ssp585/r1i1p1f1/Omon/no3/gn/v20210318/no3_Omon_ACCESS-ESM1-5_ssp585_r1i1p1f1_gn_207501-208412.nc -> /maps/rt582/cmipper/.esgpull/data/CMIP6/ScenarioMIP/CSIRO/ACCESS-ESM1-5/ssp585/r1i1p1f1/Omon/no3/gn/v20210318/remapped/no3_Omon_ACCESS-ESM1-5_ssp585_r1i1p1f1_gn_207501-208412.nc
	Remapping /maps/rt582/cmipper/.esgpull/data/CMIP6/ScenarioMIP/CSIRO/ACCESS-ESM1-5/ssp585/r1i1p1f1/Omon/no3/gn/v20210318/no3_Omon_ACCESS-ESM1-5_ssp585_r1i1p1f1_gn_218101-219012.nc -> /maps/rt582/cmipper/.esgpull/data/CMIP6/ScenarioMIP/CSIRO/ACCESS-ESM1-5/ssp585/r1i1p1f1/Omon/no3/gn/v20210318/remapped/no3_Omon_ACCESS-ESM1-5_ssp585_r1i1p1f1_gn_218101-219012.nc
Remapped: /maps/rt582/cmipper/.esgpull/data/CMIP6/ScenarioMIP/CSIRO/ACCESS-ESM1-5/ssp585/r1i1p1f1/Omon/no3/gn/v20210318/no3_Omon_ACCESS-ESM1-5_ssp585_r1i1p1f1_gn_218101-219012.nc -> /maps/rt582/cmipper/.esgpull/data/CMIP6/ScenarioMIP/CSIRO/ACCESS-ESM1-5/ssp585/r1i1p1f1/Omon/no3/gn/v20210318/remapped/no3_Omon_ACCESS-ESM1-5_ssp585_r1i1p1f1_gn_218101-219012.nc
	Remapping /maps/rt582/cmipper/.esgpull/data/CMIP6/ScenarioMIP/CSIRO/ACCESS-ESM1-5/ssp585/r1i1p1f1/Omon/no3/gn/v20210318/no3_Omon_ACCESS-ESM1-5_ssp585_r1i1p1f1_gn_224101-225012.nc -> /maps/rt582/cmipper/.esgpull/data/CMIP6/ScenarioMIP/CSIRO/ACCESS-ESM1-5/ssp585/r1i1p1f1/Omon/no3/gn/v20210318/remapped/no3_Omon_ACCESS-ESM1-5_ssp585_r1i1p1f1_gn_224101-225012.nc
Remapped: /maps/rt582/cmipper/.esgpull/data/CMIP6/ScenarioMIP/CSIRO/ACCESS-ESM1-5/ssp585/r1i1p1f1/Omon/no3/gn/v20210318/no3_Omon_ACCESS-ESM1-5_ssp585_r1i1p1f1_gn_224101-225012.nc -> /maps/rt582/cmipper/.esgpull/data/CMIP6/ScenarioMIP/CSIRO/ACCESS-ESM1-5/ssp585/r1i1p1f1/Omon/no3/gn/v20210318/remapped/no3_Omon_ACCESS-ESM1-5_ssp585_r1i1p1f1_gn_224101-225012.nc
Scanning directory: /maps/rt582/cmipper/.esgpull/data/CMIP6/ScenarioMIP/CSIRO/ACCESS-ESM1-5/ssp585/r1i1p1f1/Omon/no3/gn/v20210318/remapped
Skipping directory (filepath contains remapped/processed): /maps/rt582/cmipper/.esgpull/data/CMIP6/ScenarioMIP/CSIRO/ACCESS-ESM1-5/ssp585/r1i1p1f1/Omon/no3/gn/v20210318/remapped
Scanning directory: /maps/rt582/cmipper/.esgpull/data/CMIP6/ScenarioMIP/CSIRO/ACCESS-ESM1-5/ssp126/r1i1p1f1/Omon
No .nc files found in /maps/rt582/cmipper/.esgpull/data/CMIP6/ScenarioMIP/CSIRO/ACCESS-ESM1-5/ssp126/r1i1p1f1/Omon
Scanning directory: /maps/rt582/cmipper/.esgpull/data/CMIP6/ScenarioMIP/CSIRO/ACCESS-ESM1-5/ssp126/r1i1p1f1/Omon/po4
No .nc files found in /maps/rt582/cmipper/.esgpull/data/CMIP6/ScenarioMIP/CSIRO/ACCESS-ESM1-5/ssp126/r1i1p1f1/Omon/po4
Scanning directory: /maps/rt582/cmipper/.esgpull/data/CMIP6/ScenarioMIP/CSIRO/ACCESS-ESM1-5/ssp126/r1i1p1f1/Omon/no3
No .nc files found in /maps/rt582/cmipper/.esgpull/data/CMIP6/ScenarioMIP/CSIRO/ACCESS-ESM1-5/ssp126/r1i1p1f1/Omon/no3
Scanning directory: /maps/rt582/cmipper/.esgpull/data/CMIP6/ScenarioMIP/CSIRO/ACCESS-ESM1-5/ssp126/r1i1p1f1/Omon/arag
No .nc files found in /maps/rt582/cmipper/.esgpull/data/CMIP6/ScenarioMIP/CSIRO/ACCESS-ESM1-5/ssp126/r1i1p1f1/Omon/arag
Scanning directory: /maps/rt582/cmipper/.esgpull/data/CMIP6/ScenarioMIP/CSIRO/ACCESS-ESM1-5/ssp126/r1i1p1f1/Omon/po4/gn
No .nc files found in /maps/rt582/cmipper/.esgpull/data/CMIP6/ScenarioMIP/CSIRO/ACCESS-ESM1-5/ssp126/r1i1p1f1/Omon/po4/gn
Scanning directory: /maps/rt582/cmipper/.esgpull/data/CMIP6/ScenarioMIP/CSIRO/ACCESS-ESM1-5/ssp126/r1i1p1f1/Omon/no3/gn
No .nc files found in /maps/rt582/cmipper/.esgpull/data/CMIP6/ScenarioMIP/CSIRO/ACCESS-ESM1-5/ssp126/r1i1p1f1/Omon/no3/gn
Scanning directory: /maps/rt582/cmipper/.esgpull/data/CMIP6/ScenarioMIP/CSIRO/ACCESS-ESM1-5/ssp126/r1i1p1f1/Omon/arag/gn
No .nc files found in /maps/rt582/cmipper/.esgpull/data/CMIP6/ScenarioMIP/CSIRO/ACCESS-ESM1-5/ssp126/r1i1p1f1/Omon/arag/gn
Scanning directory: /maps/rt582/cmipper/.esgpull/data/CMIP6/ScenarioMIP/CSIRO/ACCESS-ESM1-5/ssp126/r1i1p1f1/Omon/po4/gn/v20210318
	Remapping 4 files in /maps/rt582/cmipper/.esgpull/data/CMIP6/ScenarioMIP/CSIRO/ACCESS-ESM1-5/ssp126/r1i1p1f1/Omon/po4/gn/v20210318
	Remapping 4 files in /maps/rt582/cmipper/.esgpull/data/CMIP6/ScenarioMIP/CSIRO/ACCESS-ESM1-5/ssp126/r1i1p1f1/Omon/po4/gn/v20210318
	Remapping /maps/rt582/cmipper/.esgpull/data/CMIP6/ScenarioMIP/CSIRO/ACCESS-ESM1-5/ssp126/r1i1p1f1/Omon/po4/gn/v20210318/po4_Omon_ACCESS-ESM1-5_ssp126_r1i1p1f1_gn_209501-210012.nc -> /maps/rt582/cmipper/.esgpull/data/CMIP6/ScenarioMIP/CSIRO/ACCESS-ESM1-5/ssp126/r1i1p1f1/Omon/po4/gn/v20210318/remapped/po4_Omon_ACCESS-ESM1-5_ssp126_r1i1p1f1_gn_209501-210012.nc
Remapped: /maps/rt582/cmipper/.esgpull/data/CMIP6/ScenarioMIP/CSIRO/ACCESS-ESM1-5/ssp126/r1i1p1f1/Omon/po4/gn/v20210318/po4_Omon_ACCESS-ESM1-5_ssp126_r1i1p1f1_gn_209501-210012.nc -> /maps/rt582/cmipper/.esgpull/data/CMIP6/ScenarioMIP/CSIRO/ACCESS-ESM1-5/ssp126/r1i1p1f1/Omon/po4/gn/v20210318/remapped/po4_Omon_ACCESS-ESM1-5_ssp126_r1i1p1f1_gn_209501-210012.nc
	Remapping /maps/rt582/cmipper/.esgpull/data/CMIP6/ScenarioMIP/CSIRO/ACCESS-ESM1-5/ssp126/r1i1p1f1/Omon/po4/gn/v20210318/po4_Omon_ACCESS-ESM1-5_ssp126_r1i1p1f1_gn_203501-204412.nc -> /maps/rt582/cmipper/.esgpull/data/CMIP6/ScenarioMIP/CSIRO/ACCESS-ESM1-5/ssp126/r1i1p1f1/Omon/po4/gn/v20210318/remapped/po4_Omon_ACCESS-ESM1-5_ssp126_r1i1p1f1_gn_203501-204412.nc
Remapped: /maps/rt582/cmipper/.esgpull/data/CMIP6/ScenarioMIP/CSIRO/ACCESS-ESM1-5/ssp126/r1i1p1f1/Omon/po4/gn/v20210318/po4_Omon_ACCESS-ESM1-5_ssp126_r1i1p1f1_gn_203501-204412.nc -> /maps/rt582/cmipper/.esgpull/data/CMIP6/ScenarioMIP/CSIRO/ACCESS-ESM1-5/ssp126/r1i1p1f1/Omon/po4/gn/v20210318/remapped/po4_Omon_ACCESS-ESM1-5_ssp126_r1i1p1f1_gn_203501-204412.nc
	Remapping /maps/rt582/cmipper/.esgpull/data/CMIP6/ScenarioMIP/CSIRO/ACCESS-ESM1-5/ssp126/r1i1p1f1/Omon/po4/gn/v20210318/po4_Omon_ACCESS-ESM1-5_ssp126_r1i1p1f1_gn_219101-220012.nc -> /maps/rt582/cmipper/.esgpull/data/CMIP6/ScenarioMIP/CSIRO/ACCESS-ESM1-5/ssp126/r1i1p1f1/Omon/po4/gn/v20210318/remapped/po4_Omon_ACCESS-ESM1-5_ssp126_r1i1p1f1_gn_219101-220012.nc
Remapped: /maps/rt582/cmipper/.esgpull/data/CMIP6/ScenarioMIP/CSIRO/ACCESS-ESM1-5/ssp126/r1i1p1f1/Omon/po4/gn/v20210318/po4_Omon_ACCESS-ESM1-5_ssp126_r1i1p1f1_gn_219101-220012.nc -> /maps/rt582/cmipper/.esgpull/data/CMIP6/ScenarioMIP/CSIRO/ACCESS-ESM1-5/ssp126/r1i1p1f1/Omon/po4/gn/v20210318/remapped/po4_Omon_ACCESS-ESM1-5_ssp126_r1i1p1f1_gn_219101-220012.nc
	Remapping /maps/rt582/cmipper/.esgpull/data/CMIP6/ScenarioMIP/CSIRO/ACCESS-ESM1-5/ssp126/r1i1p1f1/Omon/po4/gn/v20210318/po4_Omon_ACCESS-ESM1-5_ssp126_r1i1p1f1_gn_226101-227012.nc -> /maps/rt582/cmipper/.esgpull/data/CMIP6/ScenarioMIP/CSIRO/ACCESS-ESM1-5/ssp126/r1i1p1f1/Omon/po4/gn/v20210318/remapped/po4_Omon_ACCESS-ESM1-5_ssp126_r1i1p1f1_gn_226101-227012.nc
Remapped: /maps/rt582/cmipper/.esgpull/data/CMIP6/ScenarioMIP/CSIRO/ACCESS-ESM1-5/ssp126/r1i1p1f1/Omon/po4/gn/v20210318/po4_Omon_ACCESS-ESM1-5_ssp126_r1i1p1f1_gn_226101-227012.nc -> /maps/rt582/cmipper/.esgpull/data/CMIP6/ScenarioMIP/CSIRO/ACCESS-ESM1-5/ssp126/r1i1p1f1/Omon/po4/gn/v20210318/remapped/po4_Omon_ACCESS-ESM1-5_ssp126_r1i1p1f1_gn_226101-227012.nc
Scanning directory: /maps/rt582/cmipper/.esgpull/data/CMIP6/ScenarioMIP/CSIRO/ACCESS-ESM1-5/ssp126/r1i1p1f1/Omon/po4/gn/v20210318/remapped
Skipping directory (filepath contains remapped/processed): /maps/rt582/cmipper/.esgpull/data/CMIP6/ScenarioMIP/CSIRO/ACCESS-ESM1-5/ssp126/r1i1p1f1/Omon/po4/gn/v20210318/remapped
Scanning directory: /maps/rt582/cmipper/.esgpull/data/CMIP6/ScenarioMIP/CSIRO/ACCESS-ESM1-5/ssp126/r1i1p1f1/Omon/no3/gn/v20210318
	Remapping 6 files in /maps/rt582/cmipper/.esgpull/data/CMIP6/ScenarioMIP/CSIRO/ACCESS-ESM1-5/ssp126/r1i1p1f1/Omon/no3/gn/v20210318
	Remapping 6 files in /maps/rt582/cmipper/.esgpull/data/CMIP6/ScenarioMIP/CSIRO/ACCESS-ESM1-5/ssp126/r1i1p1f1/Omon/no3/gn/v20210318
	Remapping /maps/rt582/cmipper/.esgpull/data/CMIP6/ScenarioMIP/CSIRO/ACCESS-ESM1-5/ssp126/r1i1p1f1/Omon/no3/gn/v20210318/no3_Omon_ACCESS-ESM1-5_ssp126_r1i1p1f1_gn_213101-214012.nc -> /maps/rt582/cmipper/.esgpull/data/CMIP6/ScenarioMIP/CSIRO/ACCESS-ESM1-5/ssp126/r1i1p1f1/Omon/no3/gn/v20210318/remapped/no3_Omon_ACCESS-ESM1-5_ssp126_r1i1p1f1_gn_213101-214012.nc
Remapped: /maps/rt582/cmipper/.esgpull/data/CMIP6/ScenarioMIP/CSIRO/ACCESS-ESM1-5/ssp126/r1i1p1f1/Omon/no3/gn/v20210318/no3_Omon_ACCESS-ESM1-5_ssp126_r1i1p1f1_gn_213101-214012.nc -> /maps/rt582/cmipper/.esgpull/data/CMIP6/ScenarioMIP/CSIRO/ACCESS-ESM1-5/ssp126/r1i1p1f1/Omon/no3/gn/v20210318/remapped/no3_Omon_ACCESS-ESM1-5_ssp126_r1i1p1f1_gn_213101-214012.nc
	Remapping /maps/rt582/cmipper/.esgpull/data/CMIP6/ScenarioMIP/CSIRO/ACCESS-ESM1-5/ssp126/r1i1p1f1/Omon/no3/gn/v20210318/no3_Omon_ACCESS-ESM1-5_ssp126_r1i1p1f1_gn_206501-207412.nc -> /maps/rt582/cmipper/.esgpull/data/CMIP6/ScenarioMIP/CSIRO/ACCESS-ESM1-5/ssp126/r1i1p1f1/Omon/no3/gn/v20210318/remapped/no3_Omon_ACCESS-ESM1-5_ssp126_r1i1p1f1_gn_206501-207412.nc
Remapped: /maps/rt582/cmipper/.esgpull/data/CMIP6/ScenarioMIP/CSIRO/ACCESS-ESM1-5/ssp126/r1i1p1f1/Omon/no3/gn/v20210318/no3_Omon_ACCESS-ESM1-5_ssp126_r1i1p1f1_gn_206501-207412.nc -> /maps/rt582/cmipper/.esgpull/data/CMIP6/ScenarioMIP/CSIRO/ACCESS-ESM1-5/ssp126/r1i1p1f1/Omon/no3/gn/v20210318/remapped/no3_Omon_ACCESS-ESM1-5_ssp126_r1i1p1f1_gn_206501-207412.nc
	Remapping /maps/rt582/cmipper/.esgpull/data/CMIP6/ScenarioMIP/CSIRO/ACCESS-ESM1-5/ssp126/r1i1p1f1/Omon/no3/gn/v20210318/no3_Omon_ACCESS-ESM1-5_ssp126_r1i1p1f1_gn_226101-227012.nc -> /maps/rt582/cmipper/.esgpull/data/CMIP6/ScenarioMIP/CSIRO/ACCESS-ESM1-5/ssp126/r1i1p1f1/Omon/no3/gn/v20210318/remapped/no3_Omon_ACCESS-ESM1-5_ssp126_r1i1p1f1_gn_226101-227012.nc
Remapped: /maps/rt582/cmipper/.esgpull/data/CMIP6/ScenarioMIP/CSIRO/ACCESS-ESM1-5/ssp126/r1i1p1f1/Omon/no3/gn/v20210318/no3_Omon_ACCESS-ESM1-5_ssp126_r1i1p1f1_gn_226101-227012.nc -> /maps/rt582/cmipper/.esgpull/data/CMIP6/ScenarioMIP/CSIRO/ACCESS-ESM1-5/ssp126/r1i1p1f1/Omon/no3/gn/v20210318/remapped/no3_Omon_ACCESS-ESM1-5_ssp126_r1i1p1f1_gn_226101-227012.nc
	Remapping /maps/rt582/cmipper/.esgpull/data/CMIP6/ScenarioMIP/CSIRO/ACCESS-ESM1-5/ssp126/r1i1p1f1/Omon/no3/gn/v20210318/no3_Omon_ACCESS-ESM1-5_ssp126_r1i1p1f1_gn_202501-203412.nc -> /maps/rt582/cmipper/.esgpull/data/CMIP6/ScenarioMIP/CSIRO/ACCESS-ESM1-5/ssp126/r1i1p1f1/Omon/no3/gn/v20210318/remapped/no3_Omon_ACCESS-ESM1-5_ssp126_r1i1p1f1_gn_202501-203412.nc
Remapped: /maps/rt582/cmipper/.esgpull/data/CMIP6/ScenarioMIP/CSIRO/ACCESS-ESM1-5/ssp126/r1i1p1f1/Omon/no3/gn/v20210318/no3_Omon_ACCESS-ESM1-5_ssp126_r1i1p1f1_gn_202501-203412.nc -> /maps/rt582/cmipper/.esgpull/data/CMIP6/ScenarioMIP/CSIRO/ACCESS-ESM1-5/ssp126/r1i1p1f1/Omon/no3/gn/v20210318/remapped/no3_Omon_ACCESS-ESM1-5_ssp126_r1i1p1f1_gn_202501-203412.nc
	Remapping /maps/rt582/cmipper/.esgpull/data/CMIP6/ScenarioMIP/CSIRO/ACCESS-ESM1-5/ssp126/r1i1p1f1/Omon/no3/gn/v20210318/no3_Omon_ACCESS-ESM1-5_ssp126_r1i1p1f1_gn_201501-202412.nc -> /maps/rt582/cmipper/.esgpull/data/CMIP6/ScenarioMIP/CSIRO/ACCESS-ESM1-5/ssp126/r1i1p1f1/Omon/no3/gn/v20210318/remapped/no3_Omon_ACCESS-ESM1-5_ssp126_r1i1p1f1_gn_201501-202412.nc
Remapped: /maps/rt582/cmipper/.esgpull/data/CMIP6/ScenarioMIP/CSIRO/ACCESS-ESM1-5/ssp126/r1i1p1f1/Omon/no3/gn/v20210318/no3_Omon_ACCESS-ESM1-5_ssp126_r1i1p1f1_gn_201501-202412.nc -> /maps/rt582/cmipper/.esgpull/data/CMIP6/ScenarioMIP/CSIRO/ACCESS-ESM1-5/ssp126/r1i1p1f1/Omon/no3/gn/v20210318/remapped/no3_Omon_ACCESS-ESM1-5_ssp126_r1i1p1f1_gn_201501-202412.nc
	Remapping /maps/rt582/cmipper/.esgpull/data/CMIP6/ScenarioMIP/CSIRO/ACCESS-ESM1-5/ssp126/r1i1p1f1/Omon/no3/gn/v20210318/no3_Omon_ACCESS-ESM1-5_ssp126_r1i1p1f1_gn_211101-212012.nc -> /maps/rt582/cmipper/.esgpull/data/CMIP6/ScenarioMIP/CSIRO/ACCESS-ESM1-5/ssp126/r1i1p1f1/Omon/no3/gn/v20210318/remapped/no3_Omon_ACCESS-ESM1-5_ssp126_r1i1p1f1_gn_211101-212012.nc
Remapped: /maps/rt582/cmipper/.esgpull/data/CMIP6/ScenarioMIP/CSIRO/ACCESS-ESM1-5/ssp126/r1i1p1f1/Omon/no3/gn/v20210318/no3_Omon_ACCESS-ESM1-5_ssp126_r1i1p1f1_gn_211101-212012.nc -> /maps/rt582/cmipper/.esgpull/data/CMIP6/ScenarioMIP/CSIRO/ACCESS-ESM1-5/ssp126/r1i1p1f1/Omon/no3/gn/v20210318/remapped/no3_Omon_ACCESS-ESM1-5_ssp126_r1i1p1f1_gn_211101-212012.nc
Scanning directory: /maps/rt582/cmipper/.esgpull/data/CMIP6/ScenarioMIP/CSIRO/ACCESS-ESM1-5/ssp126/r1i1p1f1/Omon/no3/gn/v20210318/remapped
Skipping directory (filepath contains remapped/processed): /maps/rt582/cmipper/.esgpull/data/CMIP6/ScenarioMIP/CSIRO/ACCESS-ESM1-5/ssp126/r1i1p1f1/Omon/no3/gn/v20210318/remapped
Scanning directory: /maps/rt582/cmipper/.esgpull/data/CMIP6/ScenarioMIP/CSIRO/ACCESS-ESM1-5/ssp126/r1i1p1f1/Omon/arag/gn/v20210318
	Remapping 5 files in /maps/rt582/cmipper/.esgpull/data/CMIP6/ScenarioMIP/CSIRO/ACCESS-ESM1-5/ssp126/r1i1p1f1/Omon/arag/gn/v20210318
	Remapping 5 files in /maps/rt582/cmipper/.esgpull/data/CMIP6/ScenarioMIP/CSIRO/ACCESS-ESM1-5/ssp126/r1i1p1f1/Omon/arag/gn/v20210318
	Remapping /maps/rt582/cmipper/.esgpull/data/CMIP6/ScenarioMIP/CSIRO/ACCESS-ESM1-5/ssp126/r1i1p1f1/Omon/arag/gn/v20210318/arag_Omon_ACCESS-ESM1-5_ssp126_r1i1p1f1_gn_210101-211012.nc -> /maps/rt582/cmipper/.esgpull/data/CMIP6/ScenarioMIP/CSIRO/ACCESS-ESM1-5/ssp126/r1i1p1f1/Omon/arag/gn/v20210318/remapped/arag_Omon_ACCESS-ESM1-5_ssp126_r1i1p1f1_gn_210101-211012.nc
Remapped: /maps/rt582/cmipper/.esgpull/data/CMIP6/ScenarioMIP/CSIRO/ACCESS-ESM1-5/ssp126/r1i1p1f1/Omon/arag/gn/v20210318/arag_Omon_ACCESS-ESM1-5_ssp126_r1i1p1f1_gn_210101-211012.nc -> /maps/rt582/cmipper/.esgpull/data/CMIP6/ScenarioMIP/CSIRO/ACCESS-ESM1-5/ssp126/r1i1p1f1/Omon/arag/gn/v20210318/remapped/arag_Omon_ACCESS-ESM1-5_ssp126_r1i1p1f1_gn_210101-211012.nc
	Remapping /maps/rt582/cmipper/.esgpull/data/CMIP6/ScenarioMIP/CSIRO/ACCESS-ESM1-5/ssp126/r1i1p1f1/Omon/arag/gn/v20210318/arag_Omon_ACCESS-ESM1-5_ssp126_r1i1p1f1_gn_212101-213012.nc -> /maps/rt582/cmipper/.esgpull/data/CMIP6/ScenarioMIP/CSIRO/ACCESS-ESM1-5/ssp126/r1i1p1f1/Omon/arag/gn/v20210318/remapped/arag_Omon_ACCESS-ESM1-5_ssp126_r1i1p1f1_gn_212101-213012.nc
Remapped: /maps/rt582/cmipper/.esgpull/data/CMIP6/ScenarioMIP/CSIRO/ACCESS-ESM1-5/ssp126/r1i1p1f1/Omon/arag/gn/v20210318/arag_Omon_ACCESS-ESM1-5_ssp126_r1i1p1f1_gn_212101-213012.nc -> /maps/rt582/cmipper/.esgpull/data/CMIP6/ScenarioMIP/CSIRO/ACCESS-ESM1-5/ssp126/r1i1p1f1/Omon/arag/gn/v20210318/remapped/arag_Omon_ACCESS-ESM1-5_ssp126_r1i1p1f1_gn_212101-213012.nc
	Remapping /maps/rt582/cmipper/.esgpull/data/CMIP6/ScenarioMIP/CSIRO/ACCESS-ESM1-5/ssp126/r1i1p1f1/Omon/arag/gn/v20210318/arag_Omon_ACCESS-ESM1-5_ssp126_r1i1p1f1_gn_213101-214012.nc -> /maps/rt582/cmipper/.esgpull/data/CMIP6/ScenarioMIP/CSIRO/ACCESS-ESM1-5/ssp126/r1i1p1f1/Omon/arag/gn/v20210318/remapped/arag_Omon_ACCESS-ESM1-5_ssp126_r1i1p1f1_gn_213101-214012.nc
Remapped: /maps/rt582/cmipper/.esgpull/data/CMIP6/ScenarioMIP/CSIRO/ACCESS-ESM1-5/ssp126/r1i1p1f1/Omon/arag/gn/v20210318/arag_Omon_ACCESS-ESM1-5_ssp126_r1i1p1f1_gn_213101-214012.nc -> /maps/rt582/cmipper/.esgpull/data/CMIP6/ScenarioMIP/CSIRO/ACCESS-ESM1-5/ssp126/r1i1p1f1/Omon/arag/gn/v20210318/remapped/arag_Omon_ACCESS-ESM1-5_ssp126_r1i1p1f1_gn_213101-214012.nc
	Remapping /maps/rt582/cmipper/.esgpull/data/CMIP6/ScenarioMIP/CSIRO/ACCESS-ESM1-5/ssp126/r1i1p1f1/Omon/arag/gn/v20210318/arag_Omon_ACCESS-ESM1-5_ssp126_r1i1p1f1_gn_207501-208412.nc -> /maps/rt582/cmipper/.esgpull/data/CMIP6/ScenarioMIP/CSIRO/ACCESS-ESM1-5/ssp126/r1i1p1f1/Omon/arag/gn/v20210318/remapped/arag_Omon_ACCESS-ESM1-5_ssp126_r1i1p1f1_gn_207501-208412.nc
Remapped: /maps/rt582/cmipper/.esgpull/data/CMIP6/ScenarioMIP/CSIRO/ACCESS-ESM1-5/ssp126/r1i1p1f1/Omon/arag/gn/v20210318/arag_Omon_ACCESS-ESM1-5_ssp126_r1i1p1f1_gn_207501-208412.nc -> /maps/rt582/cmipper/.esgpull/data/CMIP6/ScenarioMIP/CSIRO/ACCESS-ESM1-5/ssp126/r1i1p1f1/Omon/arag/gn/v20210318/remapped/arag_Omon_ACCESS-ESM1-5_ssp126_r1i1p1f1_gn_207501-208412.nc
	Remapping /maps/rt582/cmipper/.esgpull/data/CMIP6/ScenarioMIP/CSIRO/ACCESS-ESM1-5/ssp126/r1i1p1f1/Omon/arag/gn/v20210318/arag_Omon_ACCESS-ESM1-5_ssp126_r1i1p1f1_gn_209501-210012.nc -> /maps/rt582/cmipper/.esgpull/data/CMIP6/ScenarioMIP/CSIRO/ACCESS-ESM1-5/ssp126/r1i1p1f1/Omon/arag/gn/v20210318/remapped/arag_Omon_ACCESS-ESM1-5_ssp126_r1i1p1f1_gn_209501-210012.nc
Remapped: /maps/rt582/cmipper/.esgpull/data/CMIP6/ScenarioMIP/CSIRO/ACCESS-ESM1-5/ssp126/r1i1p1f1/Omon/arag/gn/v20210318/arag_Omon_ACCESS-ESM1-5_ssp126_r1i1p1f1_gn_209501-210012.nc -> /maps/rt582/cmipper/.esgpull/data/CMIP6/ScenarioMIP/CSIRO/ACCESS-ESM1-5/ssp126/r1i1p1f1/Omon/arag/gn/v20210318/remapped/arag_Omon_ACCESS-ESM1-5_ssp126_r1i1p1f1_gn_209501-210012.nc
Scanning directory: /maps/rt582/cmipper/.esgpull/data/CMIP6/ScenarioMIP/CSIRO/ACCESS-ESM1-5/ssp126/r1i1p1f1/Omon/arag/gn/v20210318/remapped
Skipping directory (filepath contains remapped/processed): /maps/rt582/cmipper/.esgpull/data/CMIP6/ScenarioMIP/CSIRO/ACCESS-ESM1-5/ssp126/r1i1p1f1/Omon/arag/gn/v20210318/remapped
Scanning directory: /maps/rt582/cmipper/.esgpull/data/CMIP6/ScenarioMIP/CSIRO/ACCESS-ESM1-5/ssp370/r1i1p1f1/Omon
No .nc files found in /maps/rt582/cmipper/.esgpull/data/CMIP6/ScenarioMIP/CSIRO/ACCESS-ESM1-5/ssp370/r1i1p1f1/Omon
Scanning directory: /maps/rt582/cmipper/.esgpull/data/CMIP6/ScenarioMIP/CSIRO/ACCESS-ESM1-5/ssp370/r1i1p1f1/Omon/po4
No .nc files found in /maps/rt582/cmipper/.esgpull/data/CMIP6/ScenarioMIP/CSIRO/ACCESS-ESM1-5/ssp370/r1i1p1f1/Omon/po4
Scanning directory: /maps/rt582/cmipper/.esgpull/data/CMIP6/ScenarioMIP/CSIRO/ACCESS-ESM1-5/ssp370/r1i1p1f1/Omon/no3
No .nc files found in /maps/rt582/cmipper/.esgpull/data/CMIP6/ScenarioMIP/CSIRO/ACCESS-ESM1-5/ssp370/r1i1p1f1/Omon/no3
Scanning directory: /maps/rt582/cmipper/.esgpull/data/CMIP6/ScenarioMIP/CSIRO/ACCESS-ESM1-5/ssp370/r1i1p1f1/Omon/po4/gn
No .nc files found in /maps/rt582/cmipper/.esgpull/data/CMIP6/ScenarioMIP/CSIRO/ACCESS-ESM1-5/ssp370/r1i1p1f1/Omon/po4/gn
Scanning directory: /maps/rt582/cmipper/.esgpull/data/CMIP6/ScenarioMIP/CSIRO/ACCESS-ESM1-5/ssp370/r1i1p1f1/Omon/no3/gn
No .nc files found in /maps/rt582/cmipper/.esgpull/data/CMIP6/ScenarioMIP/CSIRO/ACCESS-ESM1-5/ssp370/r1i1p1f1/Omon/no3/gn
Scanning directory: /maps/rt582/cmipper/.esgpull/data/CMIP6/ScenarioMIP/CSIRO/ACCESS-ESM1-5/ssp370/r1i1p1f1/Omon/po4/gn/v20191115
	Remapping 5 files in /maps/rt582/cmipper/.esgpull/data/CMIP6/ScenarioMIP/CSIRO/ACCESS-ESM1-5/ssp370/r1i1p1f1/Omon/po4/gn/v20191115
	Remapping 5 files in /maps/rt582/cmipper/.esgpull/data/CMIP6/ScenarioMIP/CSIRO/ACCESS-ESM1-5/ssp370/r1i1p1f1/Omon/po4/gn/v20191115
	Remapping /maps/rt582/cmipper/.esgpull/data/CMIP6/ScenarioMIP/CSIRO/ACCESS-ESM1-5/ssp370/r1i1p1f1/Omon/po4/gn/v20191115/po4_Omon_ACCESS-ESM1-5_ssp370_r1i1p1f1_gn_206501-207412.nc -> /maps/rt582/cmipper/.esgpull/data/CMIP6/ScenarioMIP/CSIRO/ACCESS-ESM1-5/ssp370/r1i1p1f1/Omon/po4/gn/v20191115/remapped/po4_Omon_ACCESS-ESM1-5_ssp370_r1i1p1f1_gn_206501-207412.nc
Remapped: /maps/rt582/cmipper/.esgpull/data/CMIP6/ScenarioMIP/CSIRO/ACCESS-ESM1-5/ssp370/r1i1p1f1/Omon/po4/gn/v20191115/po4_Omon_ACCESS-ESM1-5_ssp370_r1i1p1f1_gn_206501-207412.nc -> /maps/rt582/cmipper/.esgpull/data/CMIP6/ScenarioMIP/CSIRO/ACCESS-ESM1-5/ssp370/r1i1p1f1/Omon/po4/gn/v20191115/remapped/po4_Omon_ACCESS-ESM1-5_ssp370_r1i1p1f1_gn_206501-207412.nc
	Remapping /maps/rt582/cmipper/.esgpull/data/CMIP6/ScenarioMIP/CSIRO/ACCESS-ESM1-5/ssp370/r1i1p1f1/Omon/po4/gn/v20191115/po4_Omon_ACCESS-ESM1-5_ssp370_r1i1p1f1_gn_207501-208412.nc -> /maps/rt582/cmipper/.esgpull/data/CMIP6/ScenarioMIP/CSIRO/ACCESS-ESM1-5/ssp370/r1i1p1f1/Omon/po4/gn/v20191115/remapped/po4_Omon_ACCESS-ESM1-5_ssp370_r1i1p1f1_gn_207501-208412.nc
Remapped: /maps/rt582/cmipper/.esgpull/data/CMIP6/ScenarioMIP/CSIRO/ACCESS-ESM1-5/ssp370/r1i1p1f1/Omon/po4/gn/v20191115/po4_Omon_ACCESS-ESM1-5_ssp370_r1i1p1f1_gn_207501-208412.nc -> /maps/rt582/cmipper/.esgpull/data/CMIP6/ScenarioMIP/CSIRO/ACCESS-ESM1-5/ssp370/r1i1p1f1/Omon/po4/gn/v20191115/remapped/po4_Omon_ACCESS-ESM1-5_ssp370_r1i1p1f1_gn_207501-208412.nc
	Remapping /maps/rt582/cmipper/.esgpull/data/CMIP6/ScenarioMIP/CSIRO/ACCESS-ESM1-5/ssp370/r1i1p1f1/Omon/po4/gn/v20191115/po4_Omon_ACCESS-ESM1-5_ssp370_r1i1p1f1_gn_203501-204412.nc -> /maps/rt582/cmipper/.esgpull/data/CMIP6/ScenarioMIP/CSIRO/ACCESS-ESM1-5/ssp370/r1i1p1f1/Omon/po4/gn/v20191115/remapped/po4_Omon_ACCESS-ESM1-5_ssp370_r1i1p1f1_gn_203501-204412.nc
Remapped: /maps/rt582/cmipper/.esgpull/data/CMIP6/ScenarioMIP/CSIRO/ACCESS-ESM1-5/ssp370/r1i1p1f1/Omon/po4/gn/v20191115/po4_Omon_ACCESS-ESM1-5_ssp370_r1i1p1f1_gn_203501-204412.nc -> /maps/rt582/cmipper/.esgpull/data/CMIP6/ScenarioMIP/CSIRO/ACCESS-ESM1-5/ssp370/r1i1p1f1/Omon/po4/gn/v20191115/remapped/po4_Omon_ACCESS-ESM1-5_ssp370_r1i1p1f1_gn_203501-204412.nc
	Remapping /maps/rt582/cmipper/.esgpull/data/CMIP6/ScenarioMIP/CSIRO/ACCESS-ESM1-5/ssp370/r1i1p1f1/Omon/po4/gn/v20191115/po4_Omon_ACCESS-ESM1-5_ssp370_r1i1p1f1_gn_204501-205412.nc -> /maps/rt582/cmipper/.esgpull/data/CMIP6/ScenarioMIP/CSIRO/ACCESS-ESM1-5/ssp370/r1i1p1f1/Omon/po4/gn/v20191115/remapped/po4_Omon_ACCESS-ESM1-5_ssp370_r1i1p1f1_gn_204501-205412.nc
Remapped: /maps/rt582/cmipper/.esgpull/data/CMIP6/ScenarioMIP/CSIRO/ACCESS-ESM1-5/ssp370/r1i1p1f1/Omon/po4/gn/v20191115/po4_Omon_ACCESS-ESM1-5_ssp370_r1i1p1f1_gn_204501-205412.nc -> /maps/rt582/cmipper/.esgpull/data/CMIP6/ScenarioMIP/CSIRO/ACCESS-ESM1-5/ssp370/r1i1p1f1/Omon/po4/gn/v20191115/remapped/po4_Omon_ACCESS-ESM1-5_ssp370_r1i1p1f1_gn_204501-205412.nc
	Remapping /maps/rt582/cmipper/.esgpull/data/CMIP6/ScenarioMIP/CSIRO/ACCESS-ESM1-5/ssp370/r1i1p1f1/Omon/po4/gn/v20191115/po4_Omon_ACCESS-ESM1-5_ssp370_r1i1p1f1_gn_201501-202412.nc -> /maps/rt582/cmipper/.esgpull/data/CMIP6/ScenarioMIP/CSIRO/ACCESS-ESM1-5/ssp370/r1i1p1f1/Omon/po4/gn/v20191115/remapped/po4_Omon_ACCESS-ESM1-5_ssp370_r1i1p1f1_gn_201501-202412.nc
Remapped: /maps/rt582/cmipper/.esgpull/data/CMIP6/ScenarioMIP/CSIRO/ACCESS-ESM1-5/ssp370/r1i1p1f1/Omon/po4/gn/v20191115/po4_Omon_ACCESS-ESM1-5_ssp370_r1i1p1f1_gn_201501-202412.nc -> /maps/rt582/cmipper/.esgpull/data/CMIP6/ScenarioMIP/CSIRO/ACCESS-ESM1-5/ssp370/r1i1p1f1/Omon/po4/gn/v20191115/remapped/po4_Omon_ACCESS-ESM1-5_ssp370_r1i1p1f1_gn_201501-202412.nc
Scanning directory: /maps/rt582/cmipper/.esgpull/data/CMIP6/ScenarioMIP/CSIRO/ACCESS-ESM1-5/ssp370/r1i1p1f1/Omon/po4/gn/v20191115/remapped
Skipping directory (filepath contains remapped/processed): /maps/rt582/cmipper/.esgpull/data/CMIP6/ScenarioMIP/CSIRO/ACCESS-ESM1-5/ssp370/r1i1p1f1/Omon/po4/gn/v20191115/remapped
Scanning directory: /maps/rt582/cmipper/.esgpull/data/CMIP6/ScenarioMIP/CSIRO/ACCESS-ESM1-5/ssp370/r1i1p1f1/Omon/no3/gn/v20191115
	Remapping 6 files in /maps/rt582/cmipper/.esgpull/data/CMIP6/ScenarioMIP/CSIRO/ACCESS-ESM1-5/ssp370/r1i1p1f1/Omon/no3/gn/v20191115
	Remapping 6 files in /maps/rt582/cmipper/.esgpull/data/CMIP6/ScenarioMIP/CSIRO/ACCESS-ESM1-5/ssp370/r1i1p1f1/Omon/no3/gn/v20191115
	Remapping /maps/rt582/cmipper/.esgpull/data/CMIP6/ScenarioMIP/CSIRO/ACCESS-ESM1-5/ssp370/r1i1p1f1/Omon/no3/gn/v20191115/no3_Omon_ACCESS-ESM1-5_ssp370_r1i1p1f1_gn_202501-203412.nc -> /maps/rt582/cmipper/.esgpull/data/CMIP6/ScenarioMIP/CSIRO/ACCESS-ESM1-5/ssp370/r1i1p1f1/Omon/no3/gn/v20191115/remapped/no3_Omon_ACCESS-ESM1-5_ssp370_r1i1p1f1_gn_202501-203412.nc
Remapped: /maps/rt582/cmipper/.esgpull/data/CMIP6/ScenarioMIP/CSIRO/ACCESS-ESM1-5/ssp370/r1i1p1f1/Omon/no3/gn/v20191115/no3_Omon_ACCESS-ESM1-5_ssp370_r1i1p1f1_gn_202501-203412.nc -> /maps/rt582/cmipper/.esgpull/data/CMIP6/ScenarioMIP/CSIRO/ACCESS-ESM1-5/ssp370/r1i1p1f1/Omon/no3/gn/v20191115/remapped/no3_Omon_ACCESS-ESM1-5_ssp370_r1i1p1f1_gn_202501-203412.nc
	Remapping /maps/rt582/cmipper/.esgpull/data/CMIP6/ScenarioMIP/CSIRO/ACCESS-ESM1-5/ssp370/r1i1p1f1/Omon/no3/gn/v20191115/no3_Omon_ACCESS-ESM1-5_ssp370_r1i1p1f1_gn_204501-205412.nc -> /maps/rt582/cmipper/.esgpull/data/CMIP6/ScenarioMIP/CSIRO/ACCESS-ESM1-5/ssp370/r1i1p1f1/Omon/no3/gn/v20191115/remapped/no3_Omon_ACCESS-ESM1-5_ssp370_r1i1p1f1_gn_204501-205412.nc
Remapped: /maps/rt582/cmipper/.esgpull/data/CMIP6/ScenarioMIP/CSIRO/ACCESS-ESM1-5/ssp370/r1i1p1f1/Omon/no3/gn/v20191115/no3_Omon_ACCESS-ESM1-5_ssp370_r1i1p1f1_gn_204501-205412.nc -> /maps/rt582/cmipper/.esgpull/data/CMIP6/ScenarioMIP/CSIRO/ACCESS-ESM1-5/ssp370/r1i1p1f1/Omon/no3/gn/v20191115/remapped/no3_Omon_ACCESS-ESM1-5_ssp370_r1i1p1f1_gn_204501-205412.nc
	Remapping /maps/rt582/cmipper/.esgpull/data/CMIP6/ScenarioMIP/CSIRO/ACCESS-ESM1-5/ssp370/r1i1p1f1/Omon/no3/gn/v20191115/no3_Omon_ACCESS-ESM1-5_ssp370_r1i1p1f1_gn_209501-210012.nc -> /maps/rt582/cmipper/.esgpull/data/CMIP6/ScenarioMIP/CSIRO/ACCESS-ESM1-5/ssp370/r1i1p1f1/Omon/no3/gn/v20191115/remapped/no3_Omon_ACCESS-ESM1-5_ssp370_r1i1p1f1_gn_209501-210012.nc
Remapped: /maps/rt582/cmipper/.esgpull/data/CMIP6/ScenarioMIP/CSIRO/ACCESS-ESM1-5/ssp370/r1i1p1f1/Omon/no3/gn/v20191115/no3_Omon_ACCESS-ESM1-5_ssp370_r1i1p1f1_gn_209501-210012.nc -> /maps/rt582/cmipper/.esgpull/data/CMIP6/ScenarioMIP/CSIRO/ACCESS-ESM1-5/ssp370/r1i1p1f1/Omon/no3/gn/v20191115/remapped/no3_Omon_ACCESS-ESM1-5_ssp370_r1i1p1f1_gn_209501-210012.nc
	Remapping /maps/rt582/cmipper/.esgpull/data/CMIP6/ScenarioMIP/CSIRO/ACCESS-ESM1-5/ssp370/r1i1p1f1/Omon/no3/gn/v20191115/no3_Omon_ACCESS-ESM1-5_ssp370_r1i1p1f1_gn_207501-208412.nc -> /maps/rt582/cmipper/.esgpull/data/CMIP6/ScenarioMIP/CSIRO/ACCESS-ESM1-5/ssp370/r1i1p1f1/Omon/no3/gn/v20191115/remapped/no3_Omon_ACCESS-ESM1-5_ssp370_r1i1p1f1_gn_207501-208412.nc
Remapped: /maps/rt582/cmipper/.esgpull/data/CMIP6/ScenarioMIP/CSIRO/ACCESS-ESM1-5/ssp370/r1i1p1f1/Omon/no3/gn/v20191115/no3_Omon_ACCESS-ESM1-5_ssp370_r1i1p1f1_gn_207501-208412.nc -> /maps/rt582/cmipper/.esgpull/data/CMIP6/ScenarioMIP/CSIRO/ACCESS-ESM1-5/ssp370/r1i1p1f1/Omon/no3/gn/v20191115/remapped/no3_Omon_ACCESS-ESM1-5_ssp370_r1i1p1f1_gn_207501-208412.nc
	Remapping /maps/rt582/cmipper/.esgpull/data/CMIP6/ScenarioMIP/CSIRO/ACCESS-ESM1-5/ssp370/r1i1p1f1/Omon/no3/gn/v20191115/no3_Omon_ACCESS-ESM1-5_ssp370_r1i1p1f1_gn_206501-207412.nc -> /maps/rt582/cmipper/.esgpull/data/CMIP6/ScenarioMIP/CSIRO/ACCESS-ESM1-5/ssp370/r1i1p1f1/Omon/no3/gn/v20191115/remapped/no3_Omon_ACCESS-ESM1-5_ssp370_r1i1p1f1_gn_206501-207412.nc
Remapped: /maps/rt582/cmipper/.esgpull/data/CMIP6/ScenarioMIP/CSIRO/ACCESS-ESM1-5/ssp370/r1i1p1f1/Omon/no3/gn/v20191115/no3_Omon_ACCESS-ESM1-5_ssp370_r1i1p1f1_gn_206501-207412.nc -> /maps/rt582/cmipper/.esgpull/data/CMIP6/ScenarioMIP/CSIRO/ACCESS-ESM1-5/ssp370/r1i1p1f1/Omon/no3/gn/v20191115/remapped/no3_Omon_ACCESS-ESM1-5_ssp370_r1i1p1f1_gn_206501-207412.nc
	Remapping /maps/rt582/cmipper/.esgpull/data/CMIP6/ScenarioMIP/CSIRO/ACCESS-ESM1-5/ssp370/r1i1p1f1/Omon/no3/gn/v20191115/no3_Omon_ACCESS-ESM1-5_ssp370_r1i1p1f1_gn_205501-206412.nc -> /maps/rt582/cmipper/.esgpull/data/CMIP6/ScenarioMIP/CSIRO/ACCESS-ESM1-5/ssp370/r1i1p1f1/Omon/no3/gn/v20191115/remapped/no3_Omon_ACCESS-ESM1-5_ssp370_r1i1p1f1_gn_205501-206412.nc
Remapped: /maps/rt582/cmipper/.esgpull/data/CMIP6/ScenarioMIP/CSIRO/ACCESS-ESM1-5/ssp370/r1i1p1f1/Omon/no3/gn/v20191115/no3_Omon_ACCESS-ESM1-5_ssp370_r1i1p1f1_gn_205501-206412.nc -> /maps/rt582/cmipper/.esgpull/data/CMIP6/ScenarioMIP/CSIRO/ACCESS-ESM1-5/ssp370/r1i1p1f1/Omon/no3/gn/v20191115/remapped/no3_Omon_ACCESS-ESM1-5_ssp370_r1i1p1f1_gn_205501-206412.nc
Scanning directory: /maps/rt582/cmipper/.esgpull/data/CMIP6/ScenarioMIP/CSIRO/ACCESS-ESM1-5/ssp370/r1i1p1f1/Omon/no3/gn/v20191115/remapped
Skipping directory (filepath contains remapped/processed): /maps/rt582/cmipper/.esgpull/data/CMIP6/ScenarioMIP/CSIRO/ACCESS-ESM1-5/ssp370/r1i1p1f1/Omon/no3/gn/v20191115/remapped
Scanning directory: /maps/rt582/cmipper/.esgpull/data/CMIP6/ScenarioMIP/CSIRO/ACCESS-ESM1-5/ssp245/r1i1p1f1/Omon
No .nc files found in /maps/rt582/cmipper/.esgpull/data/CMIP6/ScenarioMIP/CSIRO/ACCESS-ESM1-5/ssp245/r1i1p1f1/Omon
Scanning directory: /maps/rt582/cmipper/.esgpull/data/CMIP6/ScenarioMIP/CSIRO/ACCESS-ESM1-5/ssp245/r1i1p1f1/Omon/arag
No .nc files found in /maps/rt582/cmipper/.esgpull/data/CMIP6/ScenarioMIP/CSIRO/ACCESS-ESM1-5/ssp245/r1i1p1f1/Omon/arag
Scanning directory: /maps/rt582/cmipper/.esgpull/data/CMIP6/ScenarioMIP/CSIRO/ACCESS-ESM1-5/ssp245/r1i1p1f1/Omon/po4
No .nc files found in /maps/rt582/cmipper/.esgpull/data/CMIP6/ScenarioMIP/CSIRO/ACCESS-ESM1-5/ssp245/r1i1p1f1/Omon/po4
Scanning directory: /maps/rt582/cmipper/.esgpull/data/CMIP6/ScenarioMIP/CSIRO/ACCESS-ESM1-5/ssp245/r1i1p1f1/Omon/no3
No .nc files found in /maps/rt582/cmipper/.esgpull/data/CMIP6/ScenarioMIP/CSIRO/ACCESS-ESM1-5/ssp245/r1i1p1f1/Omon/no3
Scanning directory: /maps/rt582/cmipper/.esgpull/data/CMIP6/ScenarioMIP/CSIRO/ACCESS-ESM1-5/ssp245/r1i1p1f1/Omon/arag/gn
No .nc files found in /maps/rt582/cmipper/.esgpull/data/CMIP6/ScenarioMIP/CSIRO/ACCESS-ESM1-5/ssp245/r1i1p1f1/Omon/arag/gn
Scanning directory: /maps/rt582/cmipper/.esgpull/data/CMIP6/ScenarioMIP/CSIRO/ACCESS-ESM1-5/ssp245/r1i1p1f1/Omon/po4/gn
No .nc files found in /maps/rt582/cmipper/.esgpull/data/CMIP6/ScenarioMIP/CSIRO/ACCESS-ESM1-5/ssp245/r1i1p1f1/Omon/po4/gn
Scanning directory: /maps/rt582/cmipper/.esgpull/data/CMIP6/ScenarioMIP/CSIRO/ACCESS-ESM1-5/ssp245/r1i1p1f1/Omon/no3/gn
No .nc files found in /maps/rt582/cmipper/.esgpull/data/CMIP6/ScenarioMIP/CSIRO/ACCESS-ESM1-5/ssp245/r1i1p1f1/Omon/no3/gn
Scanning directory: /maps/rt582/cmipper/.esgpull/data/CMIP6/ScenarioMIP/CSIRO/ACCESS-ESM1-5/ssp245/r1i1p1f1/Omon/arag/gn/v20191115
	Remapping 5 files in /maps/rt582/cmipper/.esgpull/data/CMIP6/ScenarioMIP/CSIRO/ACCESS-ESM1-5/ssp245/r1i1p1f1/Omon/arag/gn/v20191115
	Remapping 5 files in /maps/rt582/cmipper/.esgpull/data/CMIP6/ScenarioMIP/CSIRO/ACCESS-ESM1-5/ssp245/r1i1p1f1/Omon/arag/gn/v20191115
	Remapping /maps/rt582/cmipper/.esgpull/data/CMIP6/ScenarioMIP/CSIRO/ACCESS-ESM1-5/ssp245/r1i1p1f1/Omon/arag/gn/v20191115/arag_Omon_ACCESS-ESM1-5_ssp245_r1i1p1f1_gn_201501-202412.nc -> /maps/rt582/cmipper/.esgpull/data/CMIP6/ScenarioMIP/CSIRO/ACCESS-ESM1-5/ssp245/r1i1p1f1/Omon/arag/gn/v20191115/remapped/arag_Omon_ACCESS-ESM1-5_ssp245_r1i1p1f1_gn_201501-202412.nc
Remapped: /maps/rt582/cmipper/.esgpull/data/CMIP6/ScenarioMIP/CSIRO/ACCESS-ESM1-5/ssp245/r1i1p1f1/Omon/arag/gn/v20191115/arag_Omon_ACCESS-ESM1-5_ssp245_r1i1p1f1_gn_201501-202412.nc -> /maps/rt582/cmipper/.esgpull/data/CMIP6/ScenarioMIP/CSIRO/ACCESS-ESM1-5/ssp245/r1i1p1f1/Omon/arag/gn/v20191115/remapped/arag_Omon_ACCESS-ESM1-5_ssp245_r1i1p1f1_gn_201501-202412.nc
	Remapping /maps/rt582/cmipper/.esgpull/data/CMIP6/ScenarioMIP/CSIRO/ACCESS-ESM1-5/ssp245/r1i1p1f1/Omon/arag/gn/v20191115/arag_Omon_ACCESS-ESM1-5_ssp245_r1i1p1f1_gn_202501-203412.nc -> /maps/rt582/cmipper/.esgpull/data/CMIP6/ScenarioMIP/CSIRO/ACCESS-ESM1-5/ssp245/r1i1p1f1/Omon/arag/gn/v20191115/remapped/arag_Omon_ACCESS-ESM1-5_ssp245_r1i1p1f1_gn_202501-203412.nc
Remapped: /maps/rt582/cmipper/.esgpull/data/CMIP6/ScenarioMIP/CSIRO/ACCESS-ESM1-5/ssp245/r1i1p1f1/Omon/arag/gn/v20191115/arag_Omon_ACCESS-ESM1-5_ssp245_r1i1p1f1_gn_202501-203412.nc -> /maps/rt582/cmipper/.esgpull/data/CMIP6/ScenarioMIP/CSIRO/ACCESS-ESM1-5/ssp245/r1i1p1f1/Omon/arag/gn/v20191115/remapped/arag_Omon_ACCESS-ESM1-5_ssp245_r1i1p1f1_gn_202501-203412.nc
	Remapping /maps/rt582/cmipper/.esgpull/data/CMIP6/ScenarioMIP/CSIRO/ACCESS-ESM1-5/ssp245/r1i1p1f1/Omon/arag/gn/v20191115/arag_Omon_ACCESS-ESM1-5_ssp245_r1i1p1f1_gn_204501-205412.nc -> /maps/rt582/cmipper/.esgpull/data/CMIP6/ScenarioMIP/CSIRO/ACCESS-ESM1-5/ssp245/r1i1p1f1/Omon/arag/gn/v20191115/remapped/arag_Omon_ACCESS-ESM1-5_ssp245_r1i1p1f1_gn_204501-205412.nc
Remapped: /maps/rt582/cmipper/.esgpull/data/CMIP6/ScenarioMIP/CSIRO/ACCESS-ESM1-5/ssp245/r1i1p1f1/Omon/arag/gn/v20191115/arag_Omon_ACCESS-ESM1-5_ssp245_r1i1p1f1_gn_204501-205412.nc -> /maps/rt582/cmipper/.esgpull/data/CMIP6/ScenarioMIP/CSIRO/ACCESS-ESM1-5/ssp245/r1i1p1f1/Omon/arag/gn/v20191115/remapped/arag_Omon_ACCESS-ESM1-5_ssp245_r1i1p1f1_gn_204501-205412.nc
	Remapping /maps/rt582/cmipper/.esgpull/data/CMIP6/ScenarioMIP/CSIRO/ACCESS-ESM1-5/ssp245/r1i1p1f1/Omon/arag/gn/v20191115/arag_Omon_ACCESS-ESM1-5_ssp245_r1i1p1f1_gn_209501-210012.nc -> /maps/rt582/cmipper/.esgpull/data/CMIP6/ScenarioMIP/CSIRO/ACCESS-ESM1-5/ssp245/r1i1p1f1/Omon/arag/gn/v20191115/remapped/arag_Omon_ACCESS-ESM1-5_ssp245_r1i1p1f1_gn_209501-210012.nc
Remapped: /maps/rt582/cmipper/.esgpull/data/CMIP6/ScenarioMIP/CSIRO/ACCESS-ESM1-5/ssp245/r1i1p1f1/Omon/arag/gn/v20191115/arag_Omon_ACCESS-ESM1-5_ssp245_r1i1p1f1_gn_209501-210012.nc -> /maps/rt582/cmipper/.esgpull/data/CMIP6/ScenarioMIP/CSIRO/ACCESS-ESM1-5/ssp245/r1i1p1f1/Omon/arag/gn/v20191115/remapped/arag_Omon_ACCESS-ESM1-5_ssp245_r1i1p1f1_gn_209501-210012.nc
	Remapping /maps/rt582/cmipper/.esgpull/data/CMIP6/ScenarioMIP/CSIRO/ACCESS-ESM1-5/ssp245/r1i1p1f1/Omon/arag/gn/v20191115/arag_Omon_ACCESS-ESM1-5_ssp245_r1i1p1f1_gn_206501-207412.nc -> /maps/rt582/cmipper/.esgpull/data/CMIP6/ScenarioMIP/CSIRO/ACCESS-ESM1-5/ssp245/r1i1p1f1/Omon/arag/gn/v20191115/remapped/arag_Omon_ACCESS-ESM1-5_ssp245_r1i1p1f1_gn_206501-207412.nc
Remapped: /maps/rt582/cmipper/.esgpull/data/CMIP6/ScenarioMIP/CSIRO/ACCESS-ESM1-5/ssp245/r1i1p1f1/Omon/arag/gn/v20191115/arag_Omon_ACCESS-ESM1-5_ssp245_r1i1p1f1_gn_206501-207412.nc -> /maps/rt582/cmipper/.esgpull/data/CMIP6/ScenarioMIP/CSIRO/ACCESS-ESM1-5/ssp245/r1i1p1f1/Omon/arag/gn/v20191115/remapped/arag_Omon_ACCESS-ESM1-5_ssp245_r1i1p1f1_gn_206501-207412.nc
Scanning directory: /maps/rt582/cmipper/.esgpull/data/CMIP6/ScenarioMIP/CSIRO/ACCESS-ESM1-5/ssp245/r1i1p1f1/Omon/arag/gn/v20191115/remapped
Skipping directory (filepath contains remapped/processed): /maps/rt582/cmipper/.esgpull/data/CMIP6/ScenarioMIP/CSIRO/ACCESS-ESM1-5/ssp245/r1i1p1f1/Omon/arag/gn/v20191115/remapped
Scanning directory: /maps/rt582/cmipper/.esgpull/data/CMIP6/ScenarioMIP/CSIRO/ACCESS-ESM1-5/ssp245/r1i1p1f1/Omon/po4/gn/v20191115
	Remapping 5 files in /maps/rt582/cmipper/.esgpull/data/CMIP6/ScenarioMIP/CSIRO/ACCESS-ESM1-5/ssp245/r1i1p1f1/Omon/po4/gn/v20191115
	Remapping 5 files in /maps/rt582/cmipper/.esgpull/data/CMIP6/ScenarioMIP/CSIRO/ACCESS-ESM1-5/ssp245/r1i1p1f1/Omon/po4/gn/v20191115
	Remapping /maps/rt582/cmipper/.esgpull/data/CMIP6/ScenarioMIP/CSIRO/ACCESS-ESM1-5/ssp245/r1i1p1f1/Omon/po4/gn/v20191115/po4_Omon_ACCESS-ESM1-5_ssp245_r1i1p1f1_gn_201501-202412.nc -> /maps/rt582/cmipper/.esgpull/data/CMIP6/ScenarioMIP/CSIRO/ACCESS-ESM1-5/ssp245/r1i1p1f1/Omon/po4/gn/v20191115/remapped/po4_Omon_ACCESS-ESM1-5_ssp245_r1i1p1f1_gn_201501-202412.nc
Remapped: /maps/rt582/cmipper/.esgpull/data/CMIP6/ScenarioMIP/CSIRO/ACCESS-ESM1-5/ssp245/r1i1p1f1/Omon/po4/gn/v20191115/po4_Omon_ACCESS-ESM1-5_ssp245_r1i1p1f1_gn_201501-202412.nc -> /maps/rt582/cmipper/.esgpull/data/CMIP6/ScenarioMIP/CSIRO/ACCESS-ESM1-5/ssp245/r1i1p1f1/Omon/po4/gn/v20191115/remapped/po4_Omon_ACCESS-ESM1-5_ssp245_r1i1p1f1_gn_201501-202412.nc
	Remapping /maps/rt582/cmipper/.esgpull/data/CMIP6/ScenarioMIP/CSIRO/ACCESS-ESM1-5/ssp245/r1i1p1f1/Omon/po4/gn/v20191115/po4_Omon_ACCESS-ESM1-5_ssp245_r1i1p1f1_gn_202501-203412.nc -> /maps/rt582/cmipper/.esgpull/data/CMIP6/ScenarioMIP/CSIRO/ACCESS-ESM1-5/ssp245/r1i1p1f1/Omon/po4/gn/v20191115/remapped/po4_Omon_ACCESS-ESM1-5_ssp245_r1i1p1f1_gn_202501-203412.nc
Remapped: /maps/rt582/cmipper/.esgpull/data/CMIP6/ScenarioMIP/CSIRO/ACCESS-ESM1-5/ssp245/r1i1p1f1/Omon/po4/gn/v20191115/po4_Omon_ACCESS-ESM1-5_ssp245_r1i1p1f1_gn_202501-203412.nc -> /maps/rt582/cmipper/.esgpull/data/CMIP6/ScenarioMIP/CSIRO/ACCESS-ESM1-5/ssp245/r1i1p1f1/Omon/po4/gn/v20191115/remapped/po4_Omon_ACCESS-ESM1-5_ssp245_r1i1p1f1_gn_202501-203412.nc
	Remapping /maps/rt582/cmipper/.esgpull/data/CMIP6/ScenarioMIP/CSIRO/ACCESS-ESM1-5/ssp245/r1i1p1f1/Omon/po4/gn/v20191115/po4_Omon_ACCESS-ESM1-5_ssp245_r1i1p1f1_gn_204501-205412.nc -> /maps/rt582/cmipper/.esgpull/data/CMIP6/ScenarioMIP/CSIRO/ACCESS-ESM1-5/ssp245/r1i1p1f1/Omon/po4/gn/v20191115/remapped/po4_Omon_ACCESS-ESM1-5_ssp245_r1i1p1f1_gn_204501-205412.nc
Remapped: /maps/rt582/cmipper/.esgpull/data/CMIP6/ScenarioMIP/CSIRO/ACCESS-ESM1-5/ssp245/r1i1p1f1/Omon/po4/gn/v20191115/po4_Omon_ACCESS-ESM1-5_ssp245_r1i1p1f1_gn_204501-205412.nc -> /maps/rt582/cmipper/.esgpull/data/CMIP6/ScenarioMIP/CSIRO/ACCESS-ESM1-5/ssp245/r1i1p1f1/Omon/po4/gn/v20191115/remapped/po4_Omon_ACCESS-ESM1-5_ssp245_r1i1p1f1_gn_204501-205412.nc
	Remapping /maps/rt582/cmipper/.esgpull/data/CMIP6/ScenarioMIP/CSIRO/ACCESS-ESM1-5/ssp245/r1i1p1f1/Omon/po4/gn/v20191115/po4_Omon_ACCESS-ESM1-5_ssp245_r1i1p1f1_gn_209501-210012.nc -> /maps/rt582/cmipper/.esgpull/data/CMIP6/ScenarioMIP/CSIRO/ACCESS-ESM1-5/ssp245/r1i1p1f1/Omon/po4/gn/v20191115/remapped/po4_Omon_ACCESS-ESM1-5_ssp245_r1i1p1f1_gn_209501-210012.nc
Remapped: /maps/rt582/cmipper/.esgpull/data/CMIP6/ScenarioMIP/CSIRO/ACCESS-ESM1-5/ssp245/r1i1p1f1/Omon/po4/gn/v20191115/po4_Omon_ACCESS-ESM1-5_ssp245_r1i1p1f1_gn_209501-210012.nc -> /maps/rt582/cmipper/.esgpull/data/CMIP6/ScenarioMIP/CSIRO/ACCESS-ESM1-5/ssp245/r1i1p1f1/Omon/po4/gn/v20191115/remapped/po4_Omon_ACCESS-ESM1-5_ssp245_r1i1p1f1_gn_209501-210012.nc
	Remapping /maps/rt582/cmipper/.esgpull/data/CMIP6/ScenarioMIP/CSIRO/ACCESS-ESM1-5/ssp245/r1i1p1f1/Omon/po4/gn/v20191115/po4_Omon_ACCESS-ESM1-5_ssp245_r1i1p1f1_gn_206501-207412.nc -> /maps/rt582/cmipper/.esgpull/data/CMIP6/ScenarioMIP/CSIRO/ACCESS-ESM1-5/ssp245/r1i1p1f1/Omon/po4/gn/v20191115/remapped/po4_Omon_ACCESS-ESM1-5_ssp245_r1i1p1f1_gn_206501-207412.nc
Remapped: /maps/rt582/cmipper/.esgpull/data/CMIP6/ScenarioMIP/CSIRO/ACCESS-ESM1-5/ssp245/r1i1p1f1/Omon/po4/gn/v20191115/po4_Omon_ACCESS-ESM1-5_ssp245_r1i1p1f1_gn_206501-207412.nc -> /maps/rt582/cmipper/.esgpull/data/CMIP6/ScenarioMIP/CSIRO/ACCESS-ESM1-5/ssp245/r1i1p1f1/Omon/po4/gn/v20191115/remapped/po4_Omon_ACCESS-ESM1-5_ssp245_r1i1p1f1_gn_206501-207412.nc
Scanning directory: /maps/rt582/cmipper/.esgpull/data/CMIP6/ScenarioMIP/CSIRO/ACCESS-ESM1-5/ssp245/r1i1p1f1/Omon/po4/gn/v20191115/remapped
Skipping directory (filepath contains remapped/processed): /maps/rt582/cmipper/.esgpull/data/CMIP6/ScenarioMIP/CSIRO/ACCESS-ESM1-5/ssp245/r1i1p1f1/Omon/po4/gn/v20191115/remapped
Scanning directory: /maps/rt582/cmipper/.esgpull/data/CMIP6/ScenarioMIP/CSIRO/ACCESS-ESM1-5/ssp245/r1i1p1f1/Omon/no3/gn/v20191115
	Remapping 4 files in /maps/rt582/cmipper/.esgpull/data/CMIP6/ScenarioMIP/CSIRO/ACCESS-ESM1-5/ssp245/r1i1p1f1/Omon/no3/gn/v20191115
	Remapping 4 files in /maps/rt582/cmipper/.esgpull/data/CMIP6/ScenarioMIP/CSIRO/ACCESS-ESM1-5/ssp245/r1i1p1f1/Omon/no3/gn/v20191115
	Remapping /maps/rt582/cmipper/.esgpull/data/CMIP6/ScenarioMIP/CSIRO/ACCESS-ESM1-5/ssp245/r1i1p1f1/Omon/no3/gn/v20191115/no3_Omon_ACCESS-ESM1-5_ssp245_r1i1p1f1_gn_208501-209412.nc -> /maps/rt582/cmipper/.esgpull/data/CMIP6/ScenarioMIP/CSIRO/ACCESS-ESM1-5/ssp245/r1i1p1f1/Omon/no3/gn/v20191115/remapped/no3_Omon_ACCESS-ESM1-5_ssp245_r1i1p1f1_gn_208501-209412.nc
Remapped: /maps/rt582/cmipper/.esgpull/data/CMIP6/ScenarioMIP/CSIRO/ACCESS-ESM1-5/ssp245/r1i1p1f1/Omon/no3/gn/v20191115/no3_Omon_ACCESS-ESM1-5_ssp245_r1i1p1f1_gn_208501-209412.nc -> /maps/rt582/cmipper/.esgpull/data/CMIP6/ScenarioMIP/CSIRO/ACCESS-ESM1-5/ssp245/r1i1p1f1/Omon/no3/gn/v20191115/remapped/no3_Omon_ACCESS-ESM1-5_ssp245_r1i1p1f1_gn_208501-209412.nc
	Remapping /maps/rt582/cmipper/.esgpull/data/CMIP6/ScenarioMIP/CSIRO/ACCESS-ESM1-5/ssp245/r1i1p1f1/Omon/no3/gn/v20191115/no3_Omon_ACCESS-ESM1-5_ssp245_r1i1p1f1_gn_206501-207412.nc -> /maps/rt582/cmipper/.esgpull/data/CMIP6/ScenarioMIP/CSIRO/ACCESS-ESM1-5/ssp245/r1i1p1f1/Omon/no3/gn/v20191115/remapped/no3_Omon_ACCESS-ESM1-5_ssp245_r1i1p1f1_gn_206501-207412.nc
Remapped: /maps/rt582/cmipper/.esgpull/data/CMIP6/ScenarioMIP/CSIRO/ACCESS-ESM1-5/ssp245/r1i1p1f1/Omon/no3/gn/v20191115/no3_Omon_ACCESS-ESM1-5_ssp245_r1i1p1f1_gn_206501-207412.nc -> /maps/rt582/cmipper/.esgpull/data/CMIP6/ScenarioMIP/CSIRO/ACCESS-ESM1-5/ssp245/r1i1p1f1/Omon/no3/gn/v20191115/remapped/no3_Omon_ACCESS-ESM1-5_ssp245_r1i1p1f1_gn_206501-207412.nc
	Remapping /maps/rt582/cmipper/.esgpull/data/CMIP6/ScenarioMIP/CSIRO/ACCESS-ESM1-5/ssp245/r1i1p1f1/Omon/no3/gn/v20191115/no3_Omon_ACCESS-ESM1-5_ssp245_r1i1p1f1_gn_204501-205412.nc -> /maps/rt582/cmipper/.esgpull/data/CMIP6/ScenarioMIP/CSIRO/ACCESS-ESM1-5/ssp245/r1i1p1f1/Omon/no3/gn/v20191115/remapped/no3_Omon_ACCESS-ESM1-5_ssp245_r1i1p1f1_gn_204501-205412.nc
Remapped: /maps/rt582/cmipper/.esgpull/data/CMIP6/ScenarioMIP/CSIRO/ACCESS-ESM1-5/ssp245/r1i1p1f1/Omon/no3/gn/v20191115/no3_Omon_ACCESS-ESM1-5_ssp245_r1i1p1f1_gn_204501-205412.nc -> /maps/rt582/cmipper/.esgpull/data/CMIP6/ScenarioMIP/CSIRO/ACCESS-ESM1-5/ssp245/r1i1p1f1/Omon/no3/gn/v20191115/remapped/no3_Omon_ACCESS-ESM1-5_ssp245_r1i1p1f1_gn_204501-205412.nc
	Remapping /maps/rt582/cmipper/.esgpull/data/CMIP6/ScenarioMIP/CSIRO/ACCESS-ESM1-5/ssp245/r1i1p1f1/Omon/no3/gn/v20191115/no3_Omon_ACCESS-ESM1-5_ssp245_r1i1p1f1_gn_201501-202412.nc -> /maps/rt582/cmipper/.esgpull/data/CMIP6/ScenarioMIP/CSIRO/ACCESS-ESM1-5/ssp245/r1i1p1f1/Omon/no3/gn/v20191115/remapped/no3_Omon_ACCESS-ESM1-5_ssp245_r1i1p1f1_gn_201501-202412.nc
Remapped: /maps/rt582/cmipper/.esgpull/data/CMIP6/ScenarioMIP/CSIRO/ACCESS-ESM1-5/ssp245/r1i1p1f1/Omon/no3/gn/v20191115/no3_Omon_ACCESS-ESM1-5_ssp245_r1i1p1f1_gn_201501-202412.nc -> /maps/rt582/cmipper/.esgpull/data/CMIP6/ScenarioMIP/CSIRO/ACCESS-ESM1-5/ssp245/r1i1p1f1/Omon/no3/gn/v20191115/remapped/no3_Omon_ACCESS-ESM1-5_ssp245_r1i1p1f1_gn_201501-202412.nc
Scanning directory: /maps/rt582/cmipper/.esgpull/data/CMIP6/ScenarioMIP/CSIRO/ACCESS-ESM1-5/ssp245/r1i1p1f1/Omon/no3/gn/v20191115/remapped
Skipping directory (filepath contains remapped/processed): /maps/rt582/cmipper/.esgpull/data/CMIP6/ScenarioMIP/CSIRO/ACCESS-ESM1-5/ssp245/r1i1p1f1/Omon/no3/gn/v20191115/remapped
Scanning directory: /maps/rt582/cmipper/.esgpull/data/CMIP6/ScenarioMIP/CSIRO
No .nc files found in /maps/rt582/cmipper/.esgpull/data/CMIP6/ScenarioMIP/CSIRO
cdo    remapcon: YAC first order conservative weights from unstructured (830305) to lonlat (1440x720) grid
cdo    remapcon: YAC first order conservative weights from unstructured (830305) to lonlat (1440x720) grid
cdo    remapcon: YAC first order conservative weights from unstructured (830305) to lonlat (1440x720) grid
cdo    remapcon: YAC first order conservative weights from unstructured (830305) to lonlat (1440x720) grid
cdo    remapcon: YAC first order conservative weights from unstructured (830305) to lonlat (1440x720) grid
cdo    remapcon: YAC first order conservative weights from unstructured (830305) to lonlat (1440x720) grid
cdo    remapcon: YAC first order conservative weights from unstructured (830305) to lonlat (1440x720) grid
cdo    remapcon: YAC first order conservative weights from unstructured (830305) to lonlat (1440x720) grid
cdo    remapcon: YAC first order conservative weights from unstructured (830305) to lonlat (1440x720) grid
cdo    remapcon: YAC first order conservative weights from unstructured (830305) to lonlat (1440x720) grid
cdo    remapcon: YAC first order conservative weights from unstructured (830305) to lonlat (1440x720) grid
cdo    remapcon: YAC first order conservative weights from unstructured (830305) to lonlat (1440x720) grid
cdo    remapcon: YAC first order conservative weights from unstructured (830305) to lonlat (1440x720) grid
Scanning directory: /maps/rt582/cmipper/.esgpull/data/CMIP6/ScenarioMIP/AWI/AWI-CM-1-1-MR
No .nc files found in /maps/rt582/cmipper/.esgpull/data/CMIP6/ScenarioMIP/AWI/AWI-CM-1-1-MR
Scanning directory: /maps/rt582/cmipper/.esgpull/data/CMIP6/ScenarioMIP/AWI/AWI-CM-1-1-MR/ssp126
No .nc files found in /maps/rt582/cmipper/.esgpull/data/CMIP6/ScenarioMIP/AWI/AWI-CM-1-1-MR/ssp126
Scanning directory: /maps/rt582/cmipper/.esgpull/data/CMIP6/ScenarioMIP/AWI/AWI-CM-1-1-MR/ssp585
No .nc files found in /maps/rt582/cmipper/.esgpull/data/CMIP6/ScenarioMIP/AWI/AWI-CM-1-1-MR/ssp585
Scanning directory: /maps/rt582/cmipper/.esgpull/data/CMIP6/ScenarioMIP/AWI/AWI-CM-1-1-MR/ssp245
No .nc files found in /maps/rt582/cmipper/.esgpull/data/CMIP6/ScenarioMIP/AWI/AWI-CM-1-1-MR/ssp245
Scanning directory: /maps/rt582/cmipper/.esgpull/data/CMIP6/ScenarioMIP/AWI/AWI-CM-1-1-MR/ssp370
No .nc files found in /maps/rt582/cmipper/.esgpull/data/CMIP6/ScenarioMIP/AWI/AWI-CM-1-1-MR/ssp370
Scanning directory: /maps/rt582/cmipper/.esgpull/data/CMIP6/ScenarioMIP/AWI/AWI-CM-1-1-MR/ssp126/r1i1p1f1
No .nc files found in /maps/rt582/cmipper/.esgpull/data/CMIP6/ScenarioMIP/AWI/AWI-CM-1-1-MR/ssp126/r1i1p1f1
Scanning directory: /maps/rt582/cmipper/.esgpull/data/CMIP6/ScenarioMIP/AWI/AWI-CM-1-1-MR/ssp585/r1i1p1f1
No .nc files found in /maps/rt582/cmipper/.esgpull/data/CMIP6/ScenarioMIP/AWI/AWI-CM-1-1-MR/ssp585/r1i1p1f1
Scanning directory: /maps/rt582/cmipper/.esgpull/data/CMIP6/ScenarioMIP/AWI/AWI-CM-1-1-MR/ssp245/r1i1p1f1
No .nc files found in /maps/rt582/cmipper/.esgpull/data/CMIP6/ScenarioMIP/AWI/AWI-CM-1-1-MR/ssp245/r1i1p1f1
Scanning directory: /maps/rt582/cmipper/.esgpull/data/CMIP6/ScenarioMIP/AWI/AWI-CM-1-1-MR/ssp370/r1i1p1f1
No .nc files found in /maps/rt582/cmipper/.esgpull/data/CMIP6/ScenarioMIP/AWI/AWI-CM-1-1-MR/ssp370/r1i1p1f1
Scanning directory: /maps/rt582/cmipper/.esgpull/data/CMIP6/ScenarioMIP/AWI/AWI-CM-1-1-MR/ssp126/r1i1p1f1/Omon
No .nc files found in /maps/rt582/cmipper/.esgpull/data/CMIP6/ScenarioMIP/AWI/AWI-CM-1-1-MR/ssp126/r1i1p1f1/Omon
Scanning directory: /maps/rt582/cmipper/.esgpull/data/CMIP6/ScenarioMIP/AWI/AWI-CM-1-1-MR/ssp126/r1i1p1f1/Omon/so
No .nc files found in /maps/rt582/cmipper/.esgpull/data/CMIP6/ScenarioMIP/AWI/AWI-CM-1-1-MR/ssp126/r1i1p1f1/Omon/so
Scanning directory: /maps/rt582/cmipper/.esgpull/data/CMIP6/ScenarioMIP/AWI/AWI-CM-1-1-MR/ssp126/r1i1p1f1/Omon/rsdo
No .nc files found in /maps/rt582/cmipper/.esgpull/data/CMIP6/ScenarioMIP/AWI/AWI-CM-1-1-MR/ssp126/r1i1p1f1/Omon/rsdo
Scanning directory: /maps/rt582/cmipper/.esgpull/data/CMIP6/ScenarioMIP/AWI/AWI-CM-1-1-MR/ssp126/r1i1p1f1/Omon/tos
No .nc files found in /maps/rt582/cmipper/.esgpull/data/CMIP6/ScenarioMIP/AWI/AWI-CM-1-1-MR/ssp126/r1i1p1f1/Omon/tos
Scanning directory: /maps/rt582/cmipper/.esgpull/data/CMIP6/ScenarioMIP/AWI/AWI-CM-1-1-MR/ssp126/r1i1p1f1/Omon/so/gn
No .nc files found in /maps/rt582/cmipper/.esgpull/data/CMIP6/ScenarioMIP/AWI/AWI-CM-1-1-MR/ssp126/r1i1p1f1/Omon/so/gn
Scanning directory: /maps/rt582/cmipper/.esgpull/data/CMIP6/ScenarioMIP/AWI/AWI-CM-1-1-MR/ssp126/r1i1p1f1/Omon/rsdo/gn
No .nc files found in /maps/rt582/cmipper/.esgpull/data/CMIP6/ScenarioMIP/AWI/AWI-CM-1-1-MR/ssp126/r1i1p1f1/Omon/rsdo/gn
Scanning directory: /maps/rt582/cmipper/.esgpull/data/CMIP6/ScenarioMIP/AWI/AWI-CM-1-1-MR/ssp126/r1i1p1f1/Omon/tos/gn
No .nc files found in /maps/rt582/cmipper/.esgpull/data/CMIP6/ScenarioMIP/AWI/AWI-CM-1-1-MR/ssp126/r1i1p1f1/Omon/tos/gn
Scanning directory: /maps/rt582/cmipper/.esgpull/data/CMIP6/ScenarioMIP/AWI/AWI-CM-1-1-MR/ssp126/r1i1p1f1/Omon/so/gn/v20181218
No .nc files found in /maps/rt582/cmipper/.esgpull/data/CMIP6/ScenarioMIP/AWI/AWI-CM-1-1-MR/ssp126/r1i1p1f1/Omon/so/gn/v20181218
Scanning directory: /maps/rt582/cmipper/.esgpull/data/CMIP6/ScenarioMIP/AWI/AWI-CM-1-1-MR/ssp126/r1i1p1f1/Omon/so/gn/v20181218/remapped
Skipping directory (filepath contains remapped/processed): /maps/rt582/cmipper/.esgpull/data/CMIP6/ScenarioMIP/AWI/AWI-CM-1-1-MR/ssp126/r1i1p1f1/Omon/so/gn/v20181218/remapped
Scanning directory: /maps/rt582/cmipper/.esgpull/data/CMIP6/ScenarioMIP/AWI/AWI-CM-1-1-MR/ssp126/r1i1p1f1/Omon/rsdo/gn/v20181218
No .nc files found in /maps/rt582/cmipper/.esgpull/data/CMIP6/ScenarioMIP/AWI/AWI-CM-1-1-MR/ssp126/r1i1p1f1/Omon/rsdo/gn/v20181218
Scanning directory: /maps/rt582/cmipper/.esgpull/data/CMIP6/ScenarioMIP/AWI/AWI-CM-1-1-MR/ssp126/r1i1p1f1/Omon/rsdo/gn/v20181218/remapped
Skipping directory (filepath contains remapped/processed): /maps/rt582/cmipper/.esgpull/data/CMIP6/ScenarioMIP/AWI/AWI-CM-1-1-MR/ssp126/r1i1p1f1/Omon/rsdo/gn/v20181218/remapped
Scanning directory: /maps/rt582/cmipper/.esgpull/data/CMIP6/ScenarioMIP/AWI/AWI-CM-1-1-MR/ssp126/r1i1p1f1/Omon/tos/gn/v20181218
No .nc files found in /maps/rt582/cmipper/.esgpull/data/CMIP6/ScenarioMIP/AWI/AWI-CM-1-1-MR/ssp126/r1i1p1f1/Omon/tos/gn/v20181218
Scanning directory: /maps/rt582/cmipper/.esgpull/data/CMIP6/ScenarioMIP/AWI/AWI-CM-1-1-MR/ssp126/r1i1p1f1/Omon/tos/gn/v20181218/remapped
Skipping directory (filepath contains remapped/processed): /maps/rt582/cmipper/.esgpull/data/CMIP6/ScenarioMIP/AWI/AWI-CM-1-1-MR/ssp126/r1i1p1f1/Omon/tos/gn/v20181218/remapped
Scanning directory: /maps/rt582/cmipper/.esgpull/data/CMIP6/ScenarioMIP/AWI/AWI-CM-1-1-MR/ssp585/r1i1p1f1/Omon
No .nc files found in /maps/rt582/cmipper/.esgpull/data/CMIP6/ScenarioMIP/AWI/AWI-CM-1-1-MR/ssp585/r1i1p1f1/Omon
Scanning directory: /maps/rt582/cmipper/.esgpull/data/CMIP6/ScenarioMIP/AWI/AWI-CM-1-1-MR/ssp585/r1i1p1f1/Omon/so
No .nc files found in /maps/rt582/cmipper/.esgpull/data/CMIP6/ScenarioMIP/AWI/AWI-CM-1-1-MR/ssp585/r1i1p1f1/Omon/so
Scanning directory: /maps/rt582/cmipper/.esgpull/data/CMIP6/ScenarioMIP/AWI/AWI-CM-1-1-MR/ssp585/r1i1p1f1/Omon/rsdo
No .nc files found in /maps/rt582/cmipper/.esgpull/data/CMIP6/ScenarioMIP/AWI/AWI-CM-1-1-MR/ssp585/r1i1p1f1/Omon/rsdo
Scanning directory: /maps/rt582/cmipper/.esgpull/data/CMIP6/ScenarioMIP/AWI/AWI-CM-1-1-MR/ssp585/r1i1p1f1/Omon/thetao
No .nc files found in /maps/rt582/cmipper/.esgpull/data/CMIP6/ScenarioMIP/AWI/AWI-CM-1-1-MR/ssp585/r1i1p1f1/Omon/thetao
Scanning directory: /maps/rt582/cmipper/.esgpull/data/CMIP6/ScenarioMIP/AWI/AWI-CM-1-1-MR/ssp585/r1i1p1f1/Omon/tos
No .nc files found in /maps/rt582/cmipper/.esgpull/data/CMIP6/ScenarioMIP/AWI/AWI-CM-1-1-MR/ssp585/r1i1p1f1/Omon/tos
Scanning directory: /maps/rt582/cmipper/.esgpull/data/CMIP6/ScenarioMIP/AWI/AWI-CM-1-1-MR/ssp585/r1i1p1f1/Omon/so/gn
No .nc files found in /maps/rt582/cmipper/.esgpull/data/CMIP6/ScenarioMIP/AWI/AWI-CM-1-1-MR/ssp585/r1i1p1f1/Omon/so/gn
Scanning directory: /maps/rt582/cmipper/.esgpull/data/CMIP6/ScenarioMIP/AWI/AWI-CM-1-1-MR/ssp585/r1i1p1f1/Omon/rsdo/gn
No .nc files found in /maps/rt582/cmipper/.esgpull/data/CMIP6/ScenarioMIP/AWI/AWI-CM-1-1-MR/ssp585/r1i1p1f1/Omon/rsdo/gn
Scanning directory: /maps/rt582/cmipper/.esgpull/data/CMIP6/ScenarioMIP/AWI/AWI-CM-1-1-MR/ssp585/r1i1p1f1/Omon/thetao/gn
No .nc files found in /maps/rt582/cmipper/.esgpull/data/CMIP6/ScenarioMIP/AWI/AWI-CM-1-1-MR/ssp585/r1i1p1f1/Omon/thetao/gn
Scanning directory: /maps/rt582/cmipper/.esgpull/data/CMIP6/ScenarioMIP/AWI/AWI-CM-1-1-MR/ssp585/r1i1p1f1/Omon/tos/gn
No .nc files found in /maps/rt582/cmipper/.esgpull/data/CMIP6/ScenarioMIP/AWI/AWI-CM-1-1-MR/ssp585/r1i1p1f1/Omon/tos/gn
Scanning directory: /maps/rt582/cmipper/.esgpull/data/CMIP6/ScenarioMIP/AWI/AWI-CM-1-1-MR/ssp585/r1i1p1f1/Omon/so/gn/v20181218
No .nc files found in /maps/rt582/cmipper/.esgpull/data/CMIP6/ScenarioMIP/AWI/AWI-CM-1-1-MR/ssp585/r1i1p1f1/Omon/so/gn/v20181218
Scanning directory: /maps/rt582/cmipper/.esgpull/data/CMIP6/ScenarioMIP/AWI/AWI-CM-1-1-MR/ssp585/r1i1p1f1/Omon/so/gn/v20181218/remapped
Skipping directory (filepath contains remapped/processed): /maps/rt582/cmipper/.esgpull/data/CMIP6/ScenarioMIP/AWI/AWI-CM-1-1-MR/ssp585/r1i1p1f1/Omon/so/gn/v20181218/remapped
Scanning directory: /maps/rt582/cmipper/.esgpull/data/CMIP6/ScenarioMIP/AWI/AWI-CM-1-1-MR/ssp585/r1i1p1f1/Omon/rsdo/gn/v20181218
No .nc files found in /maps/rt582/cmipper/.esgpull/data/CMIP6/ScenarioMIP/AWI/AWI-CM-1-1-MR/ssp585/r1i1p1f1/Omon/rsdo/gn/v20181218
Scanning directory: /maps/rt582/cmipper/.esgpull/data/CMIP6/ScenarioMIP/AWI/AWI-CM-1-1-MR/ssp585/r1i1p1f1/Omon/rsdo/gn/v20181218/remapped
Skipping directory (filepath contains remapped/processed): /maps/rt582/cmipper/.esgpull/data/CMIP6/ScenarioMIP/AWI/AWI-CM-1-1-MR/ssp585/r1i1p1f1/Omon/rsdo/gn/v20181218/remapped
Scanning directory: /maps/rt582/cmipper/.esgpull/data/CMIP6/ScenarioMIP/AWI/AWI-CM-1-1-MR/ssp585/r1i1p1f1/Omon/thetao/gn/v20181218
	Remapping 9 files in /maps/rt582/cmipper/.esgpull/data/CMIP6/ScenarioMIP/AWI/AWI-CM-1-1-MR/ssp585/r1i1p1f1/Omon/thetao/gn/v20181218
	Remapping 9 files in /maps/rt582/cmipper/.esgpull/data/CMIP6/ScenarioMIP/AWI/AWI-CM-1-1-MR/ssp585/r1i1p1f1/Omon/thetao/gn/v20181218
	Remapping /maps/rt582/cmipper/.esgpull/data/CMIP6/ScenarioMIP/AWI/AWI-CM-1-1-MR/ssp585/r1i1p1f1/Omon/thetao/gn/v20181218/thetao_Omon_AWI-CM-1-1-MR_ssp585_r1i1p1f1_gn_202101-203012.nc -> /maps/rt582/cmipper/.esgpull/data/CMIP6/ScenarioMIP/AWI/AWI-CM-1-1-MR/ssp585/r1i1p1f1/Omon/thetao/gn/v20181218/remapped/thetao_Omon_AWI-CM-1-1-MR_ssp585_r1i1p1f1_gn_202101-203012.nc
Remapped: /maps/rt582/cmipper/.esgpull/data/CMIP6/ScenarioMIP/AWI/AWI-CM-1-1-MR/ssp585/r1i1p1f1/Omon/thetao/gn/v20181218/thetao_Omon_AWI-CM-1-1-MR_ssp585_r1i1p1f1_gn_202101-203012.nc -> /maps/rt582/cmipper/.esgpull/data/CMIP6/ScenarioMIP/AWI/AWI-CM-1-1-MR/ssp585/r1i1p1f1/Omon/thetao/gn/v20181218/remapped/thetao_Omon_AWI-CM-1-1-MR_ssp585_r1i1p1f1_gn_202101-203012.nc
	Remapping /maps/rt582/cmipper/.esgpull/data/CMIP6/ScenarioMIP/AWI/AWI-CM-1-1-MR/ssp585/r1i1p1f1/Omon/thetao/gn/v20181218/thetao_Omon_AWI-CM-1-1-MR_ssp585_r1i1p1f1_gn_201501-202012.nc -> /maps/rt582/cmipper/.esgpull/data/CMIP6/ScenarioMIP/AWI/AWI-CM-1-1-MR/ssp585/r1i1p1f1/Omon/thetao/gn/v20181218/remapped/thetao_Omon_AWI-CM-1-1-MR_ssp585_r1i1p1f1_gn_201501-202012.nc
Remapped: /maps/rt582/cmipper/.esgpull/data/CMIP6/ScenarioMIP/AWI/AWI-CM-1-1-MR/ssp585/r1i1p1f1/Omon/thetao/gn/v20181218/thetao_Omon_AWI-CM-1-1-MR_ssp585_r1i1p1f1_gn_201501-202012.nc -> /maps/rt582/cmipper/.esgpull/data/CMIP6/ScenarioMIP/AWI/AWI-CM-1-1-MR/ssp585/r1i1p1f1/Omon/thetao/gn/v20181218/remapped/thetao_Omon_AWI-CM-1-1-MR_ssp585_r1i1p1f1_gn_201501-202012.nc
	Remapping /maps/rt582/cmipper/.esgpull/data/CMIP6/ScenarioMIP/AWI/AWI-CM-1-1-MR/ssp585/r1i1p1f1/Omon/thetao/gn/v20181218/thetao_Omon_AWI-CM-1-1-MR_ssp585_r1i1p1f1_gn_205101-206012.nc -> /maps/rt582/cmipper/.esgpull/data/CMIP6/ScenarioMIP/AWI/AWI-CM-1-1-MR/ssp585/r1i1p1f1/Omon/thetao/gn/v20181218/remapped/thetao_Omon_AWI-CM-1-1-MR_ssp585_r1i1p1f1_gn_205101-206012.nc
Remapped: /maps/rt582/cmipper/.esgpull/data/CMIP6/ScenarioMIP/AWI/AWI-CM-1-1-MR/ssp585/r1i1p1f1/Omon/thetao/gn/v20181218/thetao_Omon_AWI-CM-1-1-MR_ssp585_r1i1p1f1_gn_205101-206012.nc -> /maps/rt582/cmipper/.esgpull/data/CMIP6/ScenarioMIP/AWI/AWI-CM-1-1-MR/ssp585/r1i1p1f1/Omon/thetao/gn/v20181218/remapped/thetao_Omon_AWI-CM-1-1-MR_ssp585_r1i1p1f1_gn_205101-206012.nc
	Remapping /maps/rt582/cmipper/.esgpull/data/CMIP6/ScenarioMIP/AWI/AWI-CM-1-1-MR/ssp585/r1i1p1f1/Omon/thetao/gn/v20181218/thetao_Omon_AWI-CM-1-1-MR_ssp585_r1i1p1f1_gn_208101-209012.nc -> /maps/rt582/cmipper/.esgpull/data/CMIP6/ScenarioMIP/AWI/AWI-CM-1-1-MR/ssp585/r1i1p1f1/Omon/thetao/gn/v20181218/remapped/thetao_Omon_AWI-CM-1-1-MR_ssp585_r1i1p1f1_gn_208101-209012.nc
Remapped: /maps/rt582/cmipper/.esgpull/data/CMIP6/ScenarioMIP/AWI/AWI-CM-1-1-MR/ssp585/r1i1p1f1/Omon/thetao/gn/v20181218/thetao_Omon_AWI-CM-1-1-MR_ssp585_r1i1p1f1_gn_208101-209012.nc -> /maps/rt582/cmipper/.esgpull/data/CMIP6/ScenarioMIP/AWI/AWI-CM-1-1-MR/ssp585/r1i1p1f1/Omon/thetao/gn/v20181218/remapped/thetao_Omon_AWI-CM-1-1-MR_ssp585_r1i1p1f1_gn_208101-209012.nc
	Remapping /maps/rt582/cmipper/.esgpull/data/CMIP6/ScenarioMIP/AWI/AWI-CM-1-1-MR/ssp585/r1i1p1f1/Omon/thetao/gn/v20181218/thetao_Omon_AWI-CM-1-1-MR_ssp585_r1i1p1f1_gn_206101-207012.nc -> /maps/rt582/cmipper/.esgpull/data/CMIP6/ScenarioMIP/AWI/AWI-CM-1-1-MR/ssp585/r1i1p1f1/Omon/thetao/gn/v20181218/remapped/thetao_Omon_AWI-CM-1-1-MR_ssp585_r1i1p1f1_gn_206101-207012.nc
Remapped: /maps/rt582/cmipper/.esgpull/data/CMIP6/ScenarioMIP/AWI/AWI-CM-1-1-MR/ssp585/r1i1p1f1/Omon/thetao/gn/v20181218/thetao_Omon_AWI-CM-1-1-MR_ssp585_r1i1p1f1_gn_206101-207012.nc -> /maps/rt582/cmipper/.esgpull/data/CMIP6/ScenarioMIP/AWI/AWI-CM-1-1-MR/ssp585/r1i1p1f1/Omon/thetao/gn/v20181218/remapped/thetao_Omon_AWI-CM-1-1-MR_ssp585_r1i1p1f1_gn_206101-207012.nc
	Remapping /maps/rt582/cmipper/.esgpull/data/CMIP6/ScenarioMIP/AWI/AWI-CM-1-1-MR/ssp585/r1i1p1f1/Omon/thetao/gn/v20181218/thetao_Omon_AWI-CM-1-1-MR_ssp585_r1i1p1f1_gn_207101-208012.nc -> /maps/rt582/cmipper/.esgpull/data/CMIP6/ScenarioMIP/AWI/AWI-CM-1-1-MR/ssp585/r1i1p1f1/Omon/thetao/gn/v20181218/remapped/thetao_Omon_AWI-CM-1-1-MR_ssp585_r1i1p1f1_gn_207101-208012.nc
Remapped: /maps/rt582/cmipper/.esgpull/data/CMIP6/ScenarioMIP/AWI/AWI-CM-1-1-MR/ssp585/r1i1p1f1/Omon/thetao/gn/v20181218/thetao_Omon_AWI-CM-1-1-MR_ssp585_r1i1p1f1_gn_207101-208012.nc -> /maps/rt582/cmipper/.esgpull/data/CMIP6/ScenarioMIP/AWI/AWI-CM-1-1-MR/ssp585/r1i1p1f1/Omon/thetao/gn/v20181218/remapped/thetao_Omon_AWI-CM-1-1-MR_ssp585_r1i1p1f1_gn_207101-208012.nc
	Remapping /maps/rt582/cmipper/.esgpull/data/CMIP6/ScenarioMIP/AWI/AWI-CM-1-1-MR/ssp585/r1i1p1f1/Omon/thetao/gn/v20181218/thetao_Omon_AWI-CM-1-1-MR_ssp585_r1i1p1f1_gn_209101-210012.nc -> /maps/rt582/cmipper/.esgpull/data/CMIP6/ScenarioMIP/AWI/AWI-CM-1-1-MR/ssp585/r1i1p1f1/Omon/thetao/gn/v20181218/remapped/thetao_Omon_AWI-CM-1-1-MR_ssp585_r1i1p1f1_gn_209101-210012.nc
Remapped: /maps/rt582/cmipper/.esgpull/data/CMIP6/ScenarioMIP/AWI/AWI-CM-1-1-MR/ssp585/r1i1p1f1/Omon/thetao/gn/v20181218/thetao_Omon_AWI-CM-1-1-MR_ssp585_r1i1p1f1_gn_209101-210012.nc -> /maps/rt582/cmipper/.esgpull/data/CMIP6/ScenarioMIP/AWI/AWI-CM-1-1-MR/ssp585/r1i1p1f1/Omon/thetao/gn/v20181218/remapped/thetao_Omon_AWI-CM-1-1-MR_ssp585_r1i1p1f1_gn_209101-210012.nc
	Remapping /maps/rt582/cmipper/.esgpull/data/CMIP6/ScenarioMIP/AWI/AWI-CM-1-1-MR/ssp585/r1i1p1f1/Omon/thetao/gn/v20181218/thetao_Omon_AWI-CM-1-1-MR_ssp585_r1i1p1f1_gn_204101-205012.nc -> /maps/rt582/cmipper/.esgpull/data/CMIP6/ScenarioMIP/AWI/AWI-CM-1-1-MR/ssp585/r1i1p1f1/Omon/thetao/gn/v20181218/remapped/thetao_Omon_AWI-CM-1-1-MR_ssp585_r1i1p1f1_gn_204101-205012.nc
Remapped: /maps/rt582/cmipper/.esgpull/data/CMIP6/ScenarioMIP/AWI/AWI-CM-1-1-MR/ssp585/r1i1p1f1/Omon/thetao/gn/v20181218/thetao_Omon_AWI-CM-1-1-MR_ssp585_r1i1p1f1_gn_204101-205012.nc -> /maps/rt582/cmipper/.esgpull/data/CMIP6/ScenarioMIP/AWI/AWI-CM-1-1-MR/ssp585/r1i1p1f1/Omon/thetao/gn/v20181218/remapped/thetao_Omon_AWI-CM-1-1-MR_ssp585_r1i1p1f1_gn_204101-205012.nc
	Remapping /maps/rt582/cmipper/.esgpull/data/CMIP6/ScenarioMIP/AWI/AWI-CM-1-1-MR/ssp585/r1i1p1f1/Omon/thetao/gn/v20181218/thetao_Omon_AWI-CM-1-1-MR_ssp585_r1i1p1f1_gn_203101-204012.nc -> /maps/rt582/cmipper/.esgpull/data/CMIP6/ScenarioMIP/AWI/AWI-CM-1-1-MR/ssp585/r1i1p1f1/Omon/thetao/gn/v20181218/remapped/thetao_Omon_AWI-CM-1-1-MR_ssp585_r1i1p1f1_gn_203101-204012.nc
Remapped: /maps/rt582/cmipper/.esgpull/data/CMIP6/ScenarioMIP/AWI/AWI-CM-1-1-MR/ssp585/r1i1p1f1/Omon/thetao/gn/v20181218/thetao_Omon_AWI-CM-1-1-MR_ssp585_r1i1p1f1_gn_203101-204012.nc -> /maps/rt582/cmipper/.esgpull/data/CMIP6/ScenarioMIP/AWI/AWI-CM-1-1-MR/ssp585/r1i1p1f1/Omon/thetao/gn/v20181218/remapped/thetao_Omon_AWI-CM-1-1-MR_ssp585_r1i1p1f1_gn_203101-204012.nc
Scanning directory: /maps/rt582/cmipper/.esgpull/data/CMIP6/ScenarioMIP/AWI/AWI-CM-1-1-MR/ssp585/r1i1p1f1/Omon/thetao/gn/v20181218/remapped
Skipping directory (filepath contains remapped/processed): /maps/rt582/cmipper/.esgpull/data/CMIP6/ScenarioMIP/AWI/AWI-CM-1-1-MR/ssp585/r1i1p1f1/Omon/thetao/gn/v20181218/remapped
Scanning directory: /maps/rt582/cmipper/.esgpull/data/CMIP6/ScenarioMIP/AWI/AWI-CM-1-1-MR/ssp585/r1i1p1f1/Omon/tos/gn/v20181218
No .nc files found in /maps/rt582/cmipper/.esgpull/data/CMIP6/ScenarioMIP/AWI/AWI-CM-1-1-MR/ssp585/r1i1p1f1/Omon/tos/gn/v20181218
Scanning directory: /maps/rt582/cmipper/.esgpull/data/CMIP6/ScenarioMIP/AWI/AWI-CM-1-1-MR/ssp585/r1i1p1f1/Omon/tos/gn/v20181218/remapped
Skipping directory (filepath contains remapped/processed): /maps/rt582/cmipper/.esgpull/data/CMIP6/ScenarioMIP/AWI/AWI-CM-1-1-MR/ssp585/r1i1p1f1/Omon/tos/gn/v20181218/remapped
Scanning directory: /maps/rt582/cmipper/.esgpull/data/CMIP6/ScenarioMIP/AWI/AWI-CM-1-1-MR/ssp245/r1i1p1f1/Omon
No .nc files found in /maps/rt582/cmipper/.esgpull/data/CMIP6/ScenarioMIP/AWI/AWI-CM-1-1-MR/ssp245/r1i1p1f1/Omon
Scanning directory: /maps/rt582/cmipper/.esgpull/data/CMIP6/ScenarioMIP/AWI/AWI-CM-1-1-MR/ssp245/r1i1p1f1/Omon/tos
No .nc files found in /maps/rt582/cmipper/.esgpull/data/CMIP6/ScenarioMIP/AWI/AWI-CM-1-1-MR/ssp245/r1i1p1f1/Omon/tos
Scanning directory: /maps/rt582/cmipper/.esgpull/data/CMIP6/ScenarioMIP/AWI/AWI-CM-1-1-MR/ssp245/r1i1p1f1/Omon/rsdo
No .nc files found in /maps/rt582/cmipper/.esgpull/data/CMIP6/ScenarioMIP/AWI/AWI-CM-1-1-MR/ssp245/r1i1p1f1/Omon/rsdo
Scanning directory: /maps/rt582/cmipper/.esgpull/data/CMIP6/ScenarioMIP/AWI/AWI-CM-1-1-MR/ssp245/r1i1p1f1/Omon/so
No .nc files found in /maps/rt582/cmipper/.esgpull/data/CMIP6/ScenarioMIP/AWI/AWI-CM-1-1-MR/ssp245/r1i1p1f1/Omon/so
Scanning directory: /maps/rt582/cmipper/.esgpull/data/CMIP6/ScenarioMIP/AWI/AWI-CM-1-1-MR/ssp245/r1i1p1f1/Omon/tos/gn
No .nc files found in /maps/rt582/cmipper/.esgpull/data/CMIP6/ScenarioMIP/AWI/AWI-CM-1-1-MR/ssp245/r1i1p1f1/Omon/tos/gn
Scanning directory: /maps/rt582/cmipper/.esgpull/data/CMIP6/ScenarioMIP/AWI/AWI-CM-1-1-MR/ssp245/r1i1p1f1/Omon/rsdo/gn
No .nc files found in /maps/rt582/cmipper/.esgpull/data/CMIP6/ScenarioMIP/AWI/AWI-CM-1-1-MR/ssp245/r1i1p1f1/Omon/rsdo/gn
Scanning directory: /maps/rt582/cmipper/.esgpull/data/CMIP6/ScenarioMIP/AWI/AWI-CM-1-1-MR/ssp245/r1i1p1f1/Omon/so/gn
No .nc files found in /maps/rt582/cmipper/.esgpull/data/CMIP6/ScenarioMIP/AWI/AWI-CM-1-1-MR/ssp245/r1i1p1f1/Omon/so/gn
Scanning directory: /maps/rt582/cmipper/.esgpull/data/CMIP6/ScenarioMIP/AWI/AWI-CM-1-1-MR/ssp245/r1i1p1f1/Omon/tos/gn/v20181218
No .nc files found in /maps/rt582/cmipper/.esgpull/data/CMIP6/ScenarioMIP/AWI/AWI-CM-1-1-MR/ssp245/r1i1p1f1/Omon/tos/gn/v20181218
Scanning directory: /maps/rt582/cmipper/.esgpull/data/CMIP6/ScenarioMIP/AWI/AWI-CM-1-1-MR/ssp245/r1i1p1f1/Omon/tos/gn/v20181218/remapped
Skipping directory (filepath contains remapped/processed): /maps/rt582/cmipper/.esgpull/data/CMIP6/ScenarioMIP/AWI/AWI-CM-1-1-MR/ssp245/r1i1p1f1/Omon/tos/gn/v20181218/remapped
Scanning directory: /maps/rt582/cmipper/.esgpull/data/CMIP6/ScenarioMIP/AWI/AWI-CM-1-1-MR/ssp245/r1i1p1f1/Omon/rsdo/gn/v20181218
No .nc files found in /maps/rt582/cmipper/.esgpull/data/CMIP6/ScenarioMIP/AWI/AWI-CM-1-1-MR/ssp245/r1i1p1f1/Omon/rsdo/gn/v20181218
Scanning directory: /maps/rt582/cmipper/.esgpull/data/CMIP6/ScenarioMIP/AWI/AWI-CM-1-1-MR/ssp245/r1i1p1f1/Omon/rsdo/gn/v20181218/remapped
Skipping directory (filepath contains remapped/processed): /maps/rt582/cmipper/.esgpull/data/CMIP6/ScenarioMIP/AWI/AWI-CM-1-1-MR/ssp245/r1i1p1f1/Omon/rsdo/gn/v20181218/remapped
Scanning directory: /maps/rt582/cmipper/.esgpull/data/CMIP6/ScenarioMIP/AWI/AWI-CM-1-1-MR/ssp245/r1i1p1f1/Omon/so/gn/v20181218
No .nc files found in /maps/rt582/cmipper/.esgpull/data/CMIP6/ScenarioMIP/AWI/AWI-CM-1-1-MR/ssp245/r1i1p1f1/Omon/so/gn/v20181218
Scanning directory: /maps/rt582/cmipper/.esgpull/data/CMIP6/ScenarioMIP/AWI/AWI-CM-1-1-MR/ssp245/r1i1p1f1/Omon/so/gn/v20181218/remapped
Skipping directory (filepath contains remapped/processed): /maps/rt582/cmipper/.esgpull/data/CMIP6/ScenarioMIP/AWI/AWI-CM-1-1-MR/ssp245/r1i1p1f1/Omon/so/gn/v20181218/remapped
Scanning directory: /maps/rt582/cmipper/.esgpull/data/CMIP6/ScenarioMIP/AWI/AWI-CM-1-1-MR/ssp370/r1i1p1f1/Omon
No .nc files found in /maps/rt582/cmipper/.esgpull/data/CMIP6/ScenarioMIP/AWI/AWI-CM-1-1-MR/ssp370/r1i1p1f1/Omon
Scanning directory: /maps/rt582/cmipper/.esgpull/data/CMIP6/ScenarioMIP/AWI/AWI-CM-1-1-MR/ssp370/r1i1p1f1/Omon/so
No .nc files found in /maps/rt582/cmipper/.esgpull/data/CMIP6/ScenarioMIP/AWI/AWI-CM-1-1-MR/ssp370/r1i1p1f1/Omon/so
Scanning directory: /maps/rt582/cmipper/.esgpull/data/CMIP6/ScenarioMIP/AWI/AWI-CM-1-1-MR/ssp370/r1i1p1f1/Omon/thetao
No .nc files found in /maps/rt582/cmipper/.esgpull/data/CMIP6/ScenarioMIP/AWI/AWI-CM-1-1-MR/ssp370/r1i1p1f1/Omon/thetao
Scanning directory: /maps/rt582/cmipper/.esgpull/data/CMIP6/ScenarioMIP/AWI/AWI-CM-1-1-MR/ssp370/r1i1p1f1/Omon/rsdo
No .nc files found in /maps/rt582/cmipper/.esgpull/data/CMIP6/ScenarioMIP/AWI/AWI-CM-1-1-MR/ssp370/r1i1p1f1/Omon/rsdo
Scanning directory: /maps/rt582/cmipper/.esgpull/data/CMIP6/ScenarioMIP/AWI/AWI-CM-1-1-MR/ssp370/r1i1p1f1/Omon/tos
No .nc files found in /maps/rt582/cmipper/.esgpull/data/CMIP6/ScenarioMIP/AWI/AWI-CM-1-1-MR/ssp370/r1i1p1f1/Omon/tos
Scanning directory: /maps/rt582/cmipper/.esgpull/data/CMIP6/ScenarioMIP/AWI/AWI-CM-1-1-MR/ssp370/r1i1p1f1/Omon/so/gn
No .nc files found in /maps/rt582/cmipper/.esgpull/data/CMIP6/ScenarioMIP/AWI/AWI-CM-1-1-MR/ssp370/r1i1p1f1/Omon/so/gn
Scanning directory: /maps/rt582/cmipper/.esgpull/data/CMIP6/ScenarioMIP/AWI/AWI-CM-1-1-MR/ssp370/r1i1p1f1/Omon/thetao/gn
No .nc files found in /maps/rt582/cmipper/.esgpull/data/CMIP6/ScenarioMIP/AWI/AWI-CM-1-1-MR/ssp370/r1i1p1f1/Omon/thetao/gn
Scanning directory: /maps/rt582/cmipper/.esgpull/data/CMIP6/ScenarioMIP/AWI/AWI-CM-1-1-MR/ssp370/r1i1p1f1/Omon/rsdo/gn
No .nc files found in /maps/rt582/cmipper/.esgpull/data/CMIP6/ScenarioMIP/AWI/AWI-CM-1-1-MR/ssp370/r1i1p1f1/Omon/rsdo/gn
Scanning directory: /maps/rt582/cmipper/.esgpull/data/CMIP6/ScenarioMIP/AWI/AWI-CM-1-1-MR/ssp370/r1i1p1f1/Omon/tos/gn
No .nc files found in /maps/rt582/cmipper/.esgpull/data/CMIP6/ScenarioMIP/AWI/AWI-CM-1-1-MR/ssp370/r1i1p1f1/Omon/tos/gn
Scanning directory: /maps/rt582/cmipper/.esgpull/data/CMIP6/ScenarioMIP/AWI/AWI-CM-1-1-MR/ssp370/r1i1p1f1/Omon/so/gn/v20181218
No .nc files found in /maps/rt582/cmipper/.esgpull/data/CMIP6/ScenarioMIP/AWI/AWI-CM-1-1-MR/ssp370/r1i1p1f1/Omon/so/gn/v20181218
Scanning directory: /maps/rt582/cmipper/.esgpull/data/CMIP6/ScenarioMIP/AWI/AWI-CM-1-1-MR/ssp370/r1i1p1f1/Omon/so/gn/v20181218/remapped
Skipping directory (filepath contains remapped/processed): /maps/rt582/cmipper/.esgpull/data/CMIP6/ScenarioMIP/AWI/AWI-CM-1-1-MR/ssp370/r1i1p1f1/Omon/so/gn/v20181218/remapped
Scanning directory: /maps/rt582/cmipper/.esgpull/data/CMIP6/ScenarioMIP/AWI/AWI-CM-1-1-MR/ssp370/r1i1p1f1/Omon/thetao/gn/v20181218
	Remapping 9 files in /maps/rt582/cmipper/.esgpull/data/CMIP6/ScenarioMIP/AWI/AWI-CM-1-1-MR/ssp370/r1i1p1f1/Omon/thetao/gn/v20181218
	Remapping 9 files in /maps/rt582/cmipper/.esgpull/data/CMIP6/ScenarioMIP/AWI/AWI-CM-1-1-MR/ssp370/r1i1p1f1/Omon/thetao/gn/v20181218
	Remapping /maps/rt582/cmipper/.esgpull/data/CMIP6/ScenarioMIP/AWI/AWI-CM-1-1-MR/ssp370/r1i1p1f1/Omon/thetao/gn/v20181218/thetao_Omon_AWI-CM-1-1-MR_ssp370_r1i1p1f1_gn_205101-206012.nc -> /maps/rt582/cmipper/.esgpull/data/CMIP6/ScenarioMIP/AWI/AWI-CM-1-1-MR/ssp370/r1i1p1f1/Omon/thetao/gn/v20181218/remapped/thetao_Omon_AWI-CM-1-1-MR_ssp370_r1i1p1f1_gn_205101-206012.nc
Remapped: /maps/rt582/cmipper/.esgpull/data/CMIP6/ScenarioMIP/AWI/AWI-CM-1-1-MR/ssp370/r1i1p1f1/Omon/thetao/gn/v20181218/thetao_Omon_AWI-CM-1-1-MR_ssp370_r1i1p1f1_gn_205101-206012.nc -> /maps/rt582/cmipper/.esgpull/data/CMIP6/ScenarioMIP/AWI/AWI-CM-1-1-MR/ssp370/r1i1p1f1/Omon/thetao/gn/v20181218/remapped/thetao_Omon_AWI-CM-1-1-MR_ssp370_r1i1p1f1_gn_205101-206012.nc
	Remapping /maps/rt582/cmipper/.esgpull/data/CMIP6/ScenarioMIP/AWI/AWI-CM-1-1-MR/ssp370/r1i1p1f1/Omon/thetao/gn/v20181218/thetao_Omon_AWI-CM-1-1-MR_ssp370_r1i1p1f1_gn_206101-207012.nc -> /maps/rt582/cmipper/.esgpull/data/CMIP6/ScenarioMIP/AWI/AWI-CM-1-1-MR/ssp370/r1i1p1f1/Omon/thetao/gn/v20181218/remapped/thetao_Omon_AWI-CM-1-1-MR_ssp370_r1i1p1f1_gn_206101-207012.nc
Remapped: /maps/rt582/cmipper/.esgpull/data/CMIP6/ScenarioMIP/AWI/AWI-CM-1-1-MR/ssp370/r1i1p1f1/Omon/thetao/gn/v20181218/thetao_Omon_AWI-CM-1-1-MR_ssp370_r1i1p1f1_gn_206101-207012.nc -> /maps/rt582/cmipper/.esgpull/data/CMIP6/ScenarioMIP/AWI/AWI-CM-1-1-MR/ssp370/r1i1p1f1/Omon/thetao/gn/v20181218/remapped/thetao_Omon_AWI-CM-1-1-MR_ssp370_r1i1p1f1_gn_206101-207012.nc
	Remapping /maps/rt582/cmipper/.esgpull/data/CMIP6/ScenarioMIP/AWI/AWI-CM-1-1-MR/ssp370/r1i1p1f1/Omon/thetao/gn/v20181218/thetao_Omon_AWI-CM-1-1-MR_ssp370_r1i1p1f1_gn_208101-209012.nc -> /maps/rt582/cmipper/.esgpull/data/CMIP6/ScenarioMIP/AWI/AWI-CM-1-1-MR/ssp370/r1i1p1f1/Omon/thetao/gn/v20181218/remapped/thetao_Omon_AWI-CM-1-1-MR_ssp370_r1i1p1f1_gn_208101-209012.nc
Remapped: /maps/rt582/cmipper/.esgpull/data/CMIP6/ScenarioMIP/AWI/AWI-CM-1-1-MR/ssp370/r1i1p1f1/Omon/thetao/gn/v20181218/thetao_Omon_AWI-CM-1-1-MR_ssp370_r1i1p1f1_gn_208101-209012.nc -> /maps/rt582/cmipper/.esgpull/data/CMIP6/ScenarioMIP/AWI/AWI-CM-1-1-MR/ssp370/r1i1p1f1/Omon/thetao/gn/v20181218/remapped/thetao_Omon_AWI-CM-1-1-MR_ssp370_r1i1p1f1_gn_208101-209012.nc
	Remapping /maps/rt582/cmipper/.esgpull/data/CMIP6/ScenarioMIP/AWI/AWI-CM-1-1-MR/ssp370/r1i1p1f1/Omon/thetao/gn/v20181218/thetao_Omon_AWI-CM-1-1-MR_ssp370_r1i1p1f1_gn_209101-210012.nc -> /maps/rt582/cmipper/.esgpull/data/CMIP6/ScenarioMIP/AWI/AWI-CM-1-1-MR/ssp370/r1i1p1f1/Omon/thetao/gn/v20181218/remapped/thetao_Omon_AWI-CM-1-1-MR_ssp370_r1i1p1f1_gn_209101-210012.nc
Remapped: /maps/rt582/cmipper/.esgpull/data/CMIP6/ScenarioMIP/AWI/AWI-CM-1-1-MR/ssp370/r1i1p1f1/Omon/thetao/gn/v20181218/thetao_Omon_AWI-CM-1-1-MR_ssp370_r1i1p1f1_gn_209101-210012.nc -> /maps/rt582/cmipper/.esgpull/data/CMIP6/ScenarioMIP/AWI/AWI-CM-1-1-MR/ssp370/r1i1p1f1/Omon/thetao/gn/v20181218/remapped/thetao_Omon_AWI-CM-1-1-MR_ssp370_r1i1p1f1_gn_209101-210012.nc
Traceback (most recent call last):
  File "/maps/rt582/cmipper/cmipper/directory_processing.py", line 217, in <module>
    pipeline.run()
object address  : 0x785ce090da20
object refcount : 3
object type     : 0x5bc86fccfe20
object type name: KeyboardInterrupt
object repr     : KeyboardInterrupt()
lost sys.stderr
cdo    remapcon: YAC first order conservative weights from unstructured (830305) to lonlat (1440x720) grid
cdo    remapcon: YAC first order conservative weights from unstructured (830305) to lonlat (1440x720) grid
cdo    remapcon: YAC first order conservative weights from unstructured (830305) to lonlat (1440x720) grid
cdo    remapcon: YAC first order conservative weights from unstructured (830305) to lonlat (1440x720) grid
cdo    remapcon: YAC first order conservative weights from unstructured (830305) to lonlat (1440x720) grid
cdo    remapcon: YAC first order conservative weights from curvilinear (360x300) to lonlat (1440x720) grid, with source mask (69782)
cdo    remapcon: YAC first order conservative weights from curvilinear (360x300) to lonlat (1440x720) grid, with source mask (69782)
cdo    remapcon: YAC first order conservative weights from curvilinear (360x300) to lonlat (1440x720) grid, with source mask (69782)
cdo    remapcon: YAC first order conservative weights from curvilinear (360x300) to lonlat (1440x720) grid, with source mask (69782)
cdo    remapcon: YAC first order conservative weights from curvilinear (360x300) to lonlat (1440x720) grid, with source mask (69782)
cdo    remapcon: YAC first order conservative weights from curvilinear (360x300) to lonlat (1440x720) grid, with source mask (69782)
cdo    remapcon: YAC first order conservative weights from curvilinear (360x300) to lonlat (1440x720) grid, with source mask (69782)
cdo    remapcon: YAC first order conservative weights from curvilinear (360x300) to lonlat (1440x720) grid, with source mask (69782)
cdo    remapcon: YAC first order conservative weights from curvilinear (360x300) to lonlat (1440x720) grid, with source mask (69782)
cdo    remapcon: YAC first order conservative weights from curvilinear (360x300) to lonlat (1440x720) grid, with source mask (69782)
cdo    remapcon: YAC first order conservative weights from curvilinear (360x300) to lonlat (1440x720) grid, with source mask (69782)
cdo    remapcon: YAC first order conservative weights from curvilinear (360x300) to lonlat (1440x720) grid, with source mask (69782)
cdo    remapcon: YAC first order conservative weights from curvilinear (360x300) to lonlat (1440x720) grid, with source mask (69782)
cdo    remapcon: YAC first order conservative weights from curvilinear (360x300) to lonlat (1440x720) grid, with source mask (69782)
cdo    remapcon: YAC first order conservative weights from curvilinear (360x300) to lonlat (1440x720) grid, with source mask (69782)
cdo    remapcon: YAC first order conservative weights from curvilinear (360x300) to lonlat (1440x720) grid, with source mask (69782)
cdo    remapcon: YAC first order conservative weights from curvilinear (360x300) to lonlat (1440x720) grid, with source mask (69782)
cdo    remapcon: YAC first order conservative weights from curvilinear (360x300) to lonlat (1440x720) grid, with source mask (69782)
cdo    remapcon: YAC first order conservative weights from curvilinear (360x300) to lonlat (1440x720) grid, with source mask (69782)
cdo    remapcon: YAC first order conservative weights from curvilinear (360x300) to lonlat (1440x720) grid, with source mask (69782)
cdo    remapcon: YAC first order conservative weights from curvilinear (360x300) to lonlat (1440x720) grid, with source mask (69782)
cdo    remapcon: YAC first order conservative weights from curvilinear (360x300) to lonlat (1440x720) grid, with source mask (69782)
cdo    remapcon: YAC first order conservative weights from curvilinear (360x300) to lonlat (1440x720) grid, with source mask (69782)
cdo    remapcon: YAC first order conservative weights from curvilinear (360x300) to lonlat (1440x720) grid, with source mask (69782)
cdo    remapcon: YAC first order conservative weights from curvilinear (360x300) to lonlat (1440x720) grid, with source mask (69782)
cdo    remapcon: YAC first order conservative weights from curvilinear (360x300) to lonlat (1440x720) grid, with source mask (69782)
cdo    remapcon: YAC first order conservative weights from curvilinear (360x300) to lonlat (1440x720) grid, with source mask (69782)
cdo    remapcon: YAC first order conservative weights from curvilinear (360x300) to lonlat (1440x720) grid, with source mask (69782)
cdo    remapcon: YAC first order conservative weights from curvilinear (360x300) to lonlat (1440x720) grid, with source mask (69782)
cdo    remapcon: YAC first order conservative weights from curvilinear (360x300) to lonlat (1440x720) grid, with source mask (69782)
cdo    remapcon: YAC first order conservative weights from curvilinear (360x300) to lonlat (1440x720) grid, with source mask (69782)
cdo    remapcon: YAC first order conservative weights from curvilinear (360x300) to lonlat (1440x720) grid, with source mask (69782)
cdo    remapcon: YAC first order conservative weights from curvilinear (360x300) to lonlat (1440x720) grid, with source mask (69782)
cdo    remapcon: YAC first order conservative weights from curvilinear (360x300) to lonlat (1440x720) grid, with source mask (69782)
cdo    remapcon: YAC first order conservative weights from curvilinear (360x300) to lonlat (1440x720) grid, with source mask (69782)
cdo    remapcon: YAC first order conservative weights from curvilinear (360x300) to lonlat (1440x720) grid, with source mask (69782)
cdo    remapcon: YAC first order conservative weights from curvilinear (360x300) to lonlat (1440x720) grid, with source mask (69782)
cdo    remapcon: YAC first order conservative weights from curvilinear (360x300) to lonlat (1440x720) grid, with source mask (69782)
cdo    remapcon: YAC first order conservative weights from curvilinear (360x300) to lonlat (1440x720) grid, with source mask (69782)
cdo    remapcon: YAC first order conservative weights from curvilinear (360x300) to lonlat (1440x720) grid, with source mask (69782)
cdo    remapcon: YAC first order conservative weights from curvilinear (360x300) to lonlat (1440x720) grid, with source mask (69782)
cdo    remapcon: YAC first order conservative weights from curvilinear (360x300) to lonlat (1440x720) grid, with source mask (69782)
cdo    remapcon: YAC first order conservative weights from curvilinear (360x300) to lonlat (1440x720) grid, with source mask (69782)
cdo    remapcon: YAC first order conservative weights from curvilinear (360x300) to lonlat (1440x720) grid, with source mask (69782)
cdo    remapcon: YAC first order conservative weights from curvilinear (360x300) to lonlat (1440x720) grid, with source mask (69782)
cdo    remapcon: YAC first order conservative weights from curvilinear (360x300) to lonlat (1440x720) grid, with source mask (69782)
cdo    remapcon: YAC first order conservative weights from curvilinear (360x300) to lonlat (1440x720) grid, with source mask (69782)
cdo    remapcon: YAC first order conservative weights from curvilinear (360x300) to lonlat (1440x720) grid, with source mask (69782)
cdo    remapcon: YAC first order conservative weights from curvilinear (360x300) to lonlat (1440x720) grid, with source mask (69782)
cdo    remapcon: YAC first order conservative weights from curvilinear (360x300) to lonlat (1440x720) grid, with source mask (69782)
cdo    remapcon: YAC first order conservative weights from curvilinear (360x300) to lonlat (1440x720) grid, with source mask (69782)
cdo    remapcon: YAC first order conservative weights from curvilinear (360x300) to lonlat (1440x720) grid, with source mask (69782)
cdo    remapcon: YAC first order conservative weights from curvilinear (360x300) to lonlat (1440x720) grid, with source mask (69782)
cdo    remapcon: YAC first order conservative weights from curvilinear (360x300) to lonlat (1440x720) grid, with source mask (69782)
Scanning directory: /maps/rt582/cmipper/.esgpull/data/CMIP6/CMIP
No .nc files found in /maps/rt582/cmipper/.esgpull/data/CMIP6/CMIP
Scanning directory: /maps/rt582/cmipper/.esgpull/data/CMIP6/ScenarioMIP
No .nc files found in /maps/rt582/cmipper/.esgpull/data/CMIP6/ScenarioMIP
Scanning directory: /maps/rt582/cmipper/.esgpull/data/CMIP6/CMIP/CSIRO
No .nc files found in /maps/rt582/cmipper/.esgpull/data/CMIP6/CMIP/CSIRO
Scanning directory: /maps/rt582/cmipper/.esgpull/data/CMIP6/CMIP/AWI
No .nc files found in /maps/rt582/cmipper/.esgpull/data/CMIP6/CMIP/AWI
Scanning directory: /maps/rt582/cmipper/.esgpull/data/CMIP6/ScenarioMIP/AWI
No .nc files found in /maps/rt582/cmipper/.esgpull/data/CMIP6/ScenarioMIP/AWI
Scanning directory: /maps/rt582/cmipper/.esgpull/data/CMIP6/ScenarioMIP/CSIRO
No .nc files found in /maps/rt582/cmipper/.esgpull/data/CMIP6/ScenarioMIP/CSIRO
Scanning directory: /maps/rt582/cmipper/.esgpull/data/CMIP6/CMIP/CSIRO/ACCESS-ESM1-5
No .nc files found in /maps/rt582/cmipper/.esgpull/data/CMIP6/CMIP/CSIRO/ACCESS-ESM1-5
Scanning directory: /maps/rt582/cmipper/.esgpull/data/CMIP6/CMIP/AWI/AWI-CM-1-1-MR
No .nc files found in /maps/rt582/cmipper/.esgpull/data/CMIP6/CMIP/AWI/AWI-CM-1-1-MR
Scanning directory: /maps/rt582/cmipper/.esgpull/data/CMIP6/CMIP/CSIRO/ACCESS-ESM1-5/historical
No .nc files found in /maps/rt582/cmipper/.esgpull/data/CMIP6/CMIP/CSIRO/ACCESS-ESM1-5/historical
Scanning directory: /maps/rt582/cmipper/.esgpull/data/CMIP6/CMIP/CSIRO/ACCESS-ESM1-5/historical/r1i1p1f1
No .nc files found in /maps/rt582/cmipper/.esgpull/data/CMIP6/CMIP/CSIRO/ACCESS-ESM1-5/historical/r1i1p1f1
Scanning directory: /maps/rt582/cmipper/.esgpull/data/CMIP6/CMIP/CSIRO/ACCESS-ESM1-5/historical/r1i1p1f1/Omon
No .nc files found in /maps/rt582/cmipper/.esgpull/data/CMIP6/CMIP/CSIRO/ACCESS-ESM1-5/historical/r1i1p1f1/Omon
Scanning directory: /maps/rt582/cmipper/.esgpull/data/CMIP6/CMIP/CSIRO/ACCESS-ESM1-5/historical/r1i1p1f1/Omon/arag
No .nc files found in /maps/rt582/cmipper/.esgpull/data/CMIP6/CMIP/CSIRO/ACCESS-ESM1-5/historical/r1i1p1f1/Omon/arag
Scanning directory: /maps/rt582/cmipper/.esgpull/data/CMIP6/CMIP/CSIRO/ACCESS-ESM1-5/historical/r1i1p1f1/Omon/arag/gn
No .nc files found in /maps/rt582/cmipper/.esgpull/data/CMIP6/CMIP/CSIRO/ACCESS-ESM1-5/historical/r1i1p1f1/Omon/arag/gn
Scanning directory: /maps/rt582/cmipper/.esgpull/data/CMIP6/CMIP/CSIRO/ACCESS-ESM1-5/historical/r1i1p1f1/Omon/arag/gn/v20191115
No .nc files found in /maps/rt582/cmipper/.esgpull/data/CMIP6/CMIP/CSIRO/ACCESS-ESM1-5/historical/r1i1p1f1/Omon/arag/gn/v20191115
Scanning directory: /maps/rt582/cmipper/.esgpull/data/CMIP6/CMIP/CSIRO/ACCESS-ESM1-5/historical/r1i1p1f1/Omon/arag/gn/v20191115/remapped
Skipping directory (filepath contains remapped/processed): /maps/rt582/cmipper/.esgpull/data/CMIP6/CMIP/CSIRO/ACCESS-ESM1-5/historical/r1i1p1f1/Omon/arag/gn/v20191115/remapped
Scanning directory: /maps/rt582/cmipper/.esgpull/data/CMIP6/CMIP/AWI/AWI-CM-1-1-MR/historical
No .nc files found in /maps/rt582/cmipper/.esgpull/data/CMIP6/CMIP/AWI/AWI-CM-1-1-MR/historical
Scanning directory: /maps/rt582/cmipper/.esgpull/data/CMIP6/CMIP/AWI/AWI-CM-1-1-MR/historical/r1i1p1f1
No .nc files found in /maps/rt582/cmipper/.esgpull/data/CMIP6/CMIP/AWI/AWI-CM-1-1-MR/historical/r1i1p1f1
Scanning directory: /maps/rt582/cmipper/.esgpull/data/CMIP6/CMIP/AWI/AWI-CM-1-1-MR/historical/r1i1p1f1/Omon
No .nc files found in /maps/rt582/cmipper/.esgpull/data/CMIP6/CMIP/AWI/AWI-CM-1-1-MR/historical/r1i1p1f1/Omon
Scanning directory: /maps/rt582/cmipper/.esgpull/data/CMIP6/CMIP/AWI/AWI-CM-1-1-MR/historical/r1i1p1f1/Omon/so
No .nc files found in /maps/rt582/cmipper/.esgpull/data/CMIP6/CMIP/AWI/AWI-CM-1-1-MR/historical/r1i1p1f1/Omon/so
Scanning directory: /maps/rt582/cmipper/.esgpull/data/CMIP6/CMIP/AWI/AWI-CM-1-1-MR/historical/r1i1p1f1/Omon/thetao
No .nc files found in /maps/rt582/cmipper/.esgpull/data/CMIP6/CMIP/AWI/AWI-CM-1-1-MR/historical/r1i1p1f1/Omon/thetao
Scanning directory: /maps/rt582/cmipper/.esgpull/data/CMIP6/CMIP/AWI/AWI-CM-1-1-MR/historical/r1i1p1f1/Omon/tos
No .nc files found in /maps/rt582/cmipper/.esgpull/data/CMIP6/CMIP/AWI/AWI-CM-1-1-MR/historical/r1i1p1f1/Omon/tos
Scanning directory: /maps/rt582/cmipper/.esgpull/data/CMIP6/CMIP/AWI/AWI-CM-1-1-MR/historical/r1i1p1f1/Omon/rsdo
No .nc files found in /maps/rt582/cmipper/.esgpull/data/CMIP6/CMIP/AWI/AWI-CM-1-1-MR/historical/r1i1p1f1/Omon/rsdo
Scanning directory: /maps/rt582/cmipper/.esgpull/data/CMIP6/CMIP/AWI/AWI-CM-1-1-MR/historical/r1i1p1f1/Omon/so/gn
No .nc files found in /maps/rt582/cmipper/.esgpull/data/CMIP6/CMIP/AWI/AWI-CM-1-1-MR/historical/r1i1p1f1/Omon/so/gn
Scanning directory: /maps/rt582/cmipper/.esgpull/data/CMIP6/CMIP/AWI/AWI-CM-1-1-MR/historical/r1i1p1f1/Omon/thetao/gn
No .nc files found in /maps/rt582/cmipper/.esgpull/data/CMIP6/CMIP/AWI/AWI-CM-1-1-MR/historical/r1i1p1f1/Omon/thetao/gn
Scanning directory: /maps/rt582/cmipper/.esgpull/data/CMIP6/CMIP/AWI/AWI-CM-1-1-MR/historical/r1i1p1f1/Omon/tos/gn
No .nc files found in /maps/rt582/cmipper/.esgpull/data/CMIP6/CMIP/AWI/AWI-CM-1-1-MR/historical/r1i1p1f1/Omon/tos/gn
Scanning directory: /maps/rt582/cmipper/.esgpull/data/CMIP6/CMIP/AWI/AWI-CM-1-1-MR/historical/r1i1p1f1/Omon/rsdo/gn
No .nc files found in /maps/rt582/cmipper/.esgpull/data/CMIP6/CMIP/AWI/AWI-CM-1-1-MR/historical/r1i1p1f1/Omon/rsdo/gn
Scanning directory: /maps/rt582/cmipper/.esgpull/data/CMIP6/CMIP/AWI/AWI-CM-1-1-MR/historical/r1i1p1f1/Omon/so/gn/v20181218
No .nc files found in /maps/rt582/cmipper/.esgpull/data/CMIP6/CMIP/AWI/AWI-CM-1-1-MR/historical/r1i1p1f1/Omon/so/gn/v20181218
Scanning directory: /maps/rt582/cmipper/.esgpull/data/CMIP6/CMIP/AWI/AWI-CM-1-1-MR/historical/r1i1p1f1/Omon/so/gn/v20181218/remapped
Skipping directory (filepath contains remapped/processed): /maps/rt582/cmipper/.esgpull/data/CMIP6/CMIP/AWI/AWI-CM-1-1-MR/historical/r1i1p1f1/Omon/so/gn/v20181218/remapped
Scanning directory: /maps/rt582/cmipper/.esgpull/data/CMIP6/CMIP/AWI/AWI-CM-1-1-MR/historical/r1i1p1f1/Omon/thetao/gn/v20181218
No .nc files found in /maps/rt582/cmipper/.esgpull/data/CMIP6/CMIP/AWI/AWI-CM-1-1-MR/historical/r1i1p1f1/Omon/thetao/gn/v20181218
Scanning directory: /maps/rt582/cmipper/.esgpull/data/CMIP6/CMIP/AWI/AWI-CM-1-1-MR/historical/r1i1p1f1/Omon/thetao/gn/v20181218/remapped
Skipping directory (filepath contains remapped/processed): /maps/rt582/cmipper/.esgpull/data/CMIP6/CMIP/AWI/AWI-CM-1-1-MR/historical/r1i1p1f1/Omon/thetao/gn/v20181218/remapped
Scanning directory: /maps/rt582/cmipper/.esgpull/data/CMIP6/CMIP/AWI/AWI-CM-1-1-MR/historical/r1i1p1f1/Omon/tos/gn/v20181218
No .nc files found in /maps/rt582/cmipper/.esgpull/data/CMIP6/CMIP/AWI/AWI-CM-1-1-MR/historical/r1i1p1f1/Omon/tos/gn/v20181218
Scanning directory: /maps/rt582/cmipper/.esgpull/data/CMIP6/CMIP/AWI/AWI-CM-1-1-MR/historical/r1i1p1f1/Omon/tos/gn/v20181218/remapped
Skipping directory (filepath contains remapped/processed): /maps/rt582/cmipper/.esgpull/data/CMIP6/CMIP/AWI/AWI-CM-1-1-MR/historical/r1i1p1f1/Omon/tos/gn/v20181218/remapped
Scanning directory: /maps/rt582/cmipper/.esgpull/data/CMIP6/CMIP/AWI/AWI-CM-1-1-MR/historical/r1i1p1f1/Omon/rsdo/gn/v20181218
No .nc files found in /maps/rt582/cmipper/.esgpull/data/CMIP6/CMIP/AWI/AWI-CM-1-1-MR/historical/r1i1p1f1/Omon/rsdo/gn/v20181218
Scanning directory: /maps/rt582/cmipper/.esgpull/data/CMIP6/CMIP/AWI/AWI-CM-1-1-MR/historical/r1i1p1f1/Omon/rsdo/gn/v20181218/remapped
Skipping directory (filepath contains remapped/processed): /maps/rt582/cmipper/.esgpull/data/CMIP6/CMIP/AWI/AWI-CM-1-1-MR/historical/r1i1p1f1/Omon/rsdo/gn/v20181218/remapped
Scanning directory: /maps/rt582/cmipper/.esgpull/data/CMIP6/ScenarioMIP/AWI/AWI-CM-1-1-MR
No .nc files found in /maps/rt582/cmipper/.esgpull/data/CMIP6/ScenarioMIP/AWI/AWI-CM-1-1-MR
Scanning directory: /maps/rt582/cmipper/.esgpull/data/CMIP6/ScenarioMIP/CSIRO/ACCESS-ESM1-5
No .nc files found in /maps/rt582/cmipper/.esgpull/data/CMIP6/ScenarioMIP/CSIRO/ACCESS-ESM1-5
Scanning directory: /maps/rt582/cmipper/.esgpull/data/CMIP6/ScenarioMIP/AWI/AWI-CM-1-1-MR/ssp126
No .nc files found in /maps/rt582/cmipper/.esgpull/data/CMIP6/ScenarioMIP/AWI/AWI-CM-1-1-MR/ssp126
Scanning directory: /maps/rt582/cmipper/.esgpull/data/CMIP6/ScenarioMIP/AWI/AWI-CM-1-1-MR/ssp585
No .nc files found in /maps/rt582/cmipper/.esgpull/data/CMIP6/ScenarioMIP/AWI/AWI-CM-1-1-MR/ssp585
Scanning directory: /maps/rt582/cmipper/.esgpull/data/CMIP6/ScenarioMIP/AWI/AWI-CM-1-1-MR/ssp245
No .nc files found in /maps/rt582/cmipper/.esgpull/data/CMIP6/ScenarioMIP/AWI/AWI-CM-1-1-MR/ssp245
Scanning directory: /maps/rt582/cmipper/.esgpull/data/CMIP6/ScenarioMIP/AWI/AWI-CM-1-1-MR/ssp370
No .nc files found in /maps/rt582/cmipper/.esgpull/data/CMIP6/ScenarioMIP/AWI/AWI-CM-1-1-MR/ssp370
Scanning directory: /maps/rt582/cmipper/.esgpull/data/CMIP6/ScenarioMIP/AWI/AWI-CM-1-1-MR/ssp126/r1i1p1f1
No .nc files found in /maps/rt582/cmipper/.esgpull/data/CMIP6/ScenarioMIP/AWI/AWI-CM-1-1-MR/ssp126/r1i1p1f1
Scanning directory: /maps/rt582/cmipper/.esgpull/data/CMIP6/ScenarioMIP/AWI/AWI-CM-1-1-MR/ssp585/r1i1p1f1
No .nc files found in /maps/rt582/cmipper/.esgpull/data/CMIP6/ScenarioMIP/AWI/AWI-CM-1-1-MR/ssp585/r1i1p1f1
Scanning directory: /maps/rt582/cmipper/.esgpull/data/CMIP6/ScenarioMIP/AWI/AWI-CM-1-1-MR/ssp245/r1i1p1f1
No .nc files found in /maps/rt582/cmipper/.esgpull/data/CMIP6/ScenarioMIP/AWI/AWI-CM-1-1-MR/ssp245/r1i1p1f1
Scanning directory: /maps/rt582/cmipper/.esgpull/data/CMIP6/ScenarioMIP/AWI/AWI-CM-1-1-MR/ssp370/r1i1p1f1
No .nc files found in /maps/rt582/cmipper/.esgpull/data/CMIP6/ScenarioMIP/AWI/AWI-CM-1-1-MR/ssp370/r1i1p1f1
Scanning directory: /maps/rt582/cmipper/.esgpull/data/CMIP6/ScenarioMIP/AWI/AWI-CM-1-1-MR/ssp126/r1i1p1f1/Omon
No .nc files found in /maps/rt582/cmipper/.esgpull/data/CMIP6/ScenarioMIP/AWI/AWI-CM-1-1-MR/ssp126/r1i1p1f1/Omon
Scanning directory: /maps/rt582/cmipper/.esgpull/data/CMIP6/ScenarioMIP/AWI/AWI-CM-1-1-MR/ssp126/r1i1p1f1/Omon/so
No .nc files found in /maps/rt582/cmipper/.esgpull/data/CMIP6/ScenarioMIP/AWI/AWI-CM-1-1-MR/ssp126/r1i1p1f1/Omon/so
Scanning directory: /maps/rt582/cmipper/.esgpull/data/CMIP6/ScenarioMIP/AWI/AWI-CM-1-1-MR/ssp126/r1i1p1f1/Omon/rsdo
No .nc files found in /maps/rt582/cmipper/.esgpull/data/CMIP6/ScenarioMIP/AWI/AWI-CM-1-1-MR/ssp126/r1i1p1f1/Omon/rsdo
Scanning directory: /maps/rt582/cmipper/.esgpull/data/CMIP6/ScenarioMIP/AWI/AWI-CM-1-1-MR/ssp126/r1i1p1f1/Omon/tos
No .nc files found in /maps/rt582/cmipper/.esgpull/data/CMIP6/ScenarioMIP/AWI/AWI-CM-1-1-MR/ssp126/r1i1p1f1/Omon/tos
Scanning directory: /maps/rt582/cmipper/.esgpull/data/CMIP6/ScenarioMIP/AWI/AWI-CM-1-1-MR/ssp126/r1i1p1f1/Omon/so/gn
No .nc files found in /maps/rt582/cmipper/.esgpull/data/CMIP6/ScenarioMIP/AWI/AWI-CM-1-1-MR/ssp126/r1i1p1f1/Omon/so/gn
Scanning directory: /maps/rt582/cmipper/.esgpull/data/CMIP6/ScenarioMIP/AWI/AWI-CM-1-1-MR/ssp126/r1i1p1f1/Omon/rsdo/gn
No .nc files found in /maps/rt582/cmipper/.esgpull/data/CMIP6/ScenarioMIP/AWI/AWI-CM-1-1-MR/ssp126/r1i1p1f1/Omon/rsdo/gn
Scanning directory: /maps/rt582/cmipper/.esgpull/data/CMIP6/ScenarioMIP/AWI/AWI-CM-1-1-MR/ssp126/r1i1p1f1/Omon/tos/gn
No .nc files found in /maps/rt582/cmipper/.esgpull/data/CMIP6/ScenarioMIP/AWI/AWI-CM-1-1-MR/ssp126/r1i1p1f1/Omon/tos/gn
Scanning directory: /maps/rt582/cmipper/.esgpull/data/CMIP6/ScenarioMIP/AWI/AWI-CM-1-1-MR/ssp126/r1i1p1f1/Omon/so/gn/v20181218
No .nc files found in /maps/rt582/cmipper/.esgpull/data/CMIP6/ScenarioMIP/AWI/AWI-CM-1-1-MR/ssp126/r1i1p1f1/Omon/so/gn/v20181218
Scanning directory: /maps/rt582/cmipper/.esgpull/data/CMIP6/ScenarioMIP/AWI/AWI-CM-1-1-MR/ssp126/r1i1p1f1/Omon/so/gn/v20181218/remapped
Skipping directory (filepath contains remapped/processed): /maps/rt582/cmipper/.esgpull/data/CMIP6/ScenarioMIP/AWI/AWI-CM-1-1-MR/ssp126/r1i1p1f1/Omon/so/gn/v20181218/remapped
Scanning directory: /maps/rt582/cmipper/.esgpull/data/CMIP6/ScenarioMIP/AWI/AWI-CM-1-1-MR/ssp126/r1i1p1f1/Omon/rsdo/gn/v20181218
No .nc files found in /maps/rt582/cmipper/.esgpull/data/CMIP6/ScenarioMIP/AWI/AWI-CM-1-1-MR/ssp126/r1i1p1f1/Omon/rsdo/gn/v20181218
Scanning directory: /maps/rt582/cmipper/.esgpull/data/CMIP6/ScenarioMIP/AWI/AWI-CM-1-1-MR/ssp126/r1i1p1f1/Omon/rsdo/gn/v20181218/remapped
Skipping directory (filepath contains remapped/processed): /maps/rt582/cmipper/.esgpull/data/CMIP6/ScenarioMIP/AWI/AWI-CM-1-1-MR/ssp126/r1i1p1f1/Omon/rsdo/gn/v20181218/remapped
Scanning directory: /maps/rt582/cmipper/.esgpull/data/CMIP6/ScenarioMIP/AWI/AWI-CM-1-1-MR/ssp126/r1i1p1f1/Omon/tos/gn/v20181218
No .nc files found in /maps/rt582/cmipper/.esgpull/data/CMIP6/ScenarioMIP/AWI/AWI-CM-1-1-MR/ssp126/r1i1p1f1/Omon/tos/gn/v20181218
Scanning directory: /maps/rt582/cmipper/.esgpull/data/CMIP6/ScenarioMIP/AWI/AWI-CM-1-1-MR/ssp126/r1i1p1f1/Omon/tos/gn/v20181218/remapped
Skipping directory (filepath contains remapped/processed): /maps/rt582/cmipper/.esgpull/data/CMIP6/ScenarioMIP/AWI/AWI-CM-1-1-MR/ssp126/r1i1p1f1/Omon/tos/gn/v20181218/remapped
Scanning directory: /maps/rt582/cmipper/.esgpull/data/CMIP6/ScenarioMIP/AWI/AWI-CM-1-1-MR/ssp585/r1i1p1f1/Omon
No .nc files found in /maps/rt582/cmipper/.esgpull/data/CMIP6/ScenarioMIP/AWI/AWI-CM-1-1-MR/ssp585/r1i1p1f1/Omon
Scanning directory: /maps/rt582/cmipper/.esgpull/data/CMIP6/ScenarioMIP/AWI/AWI-CM-1-1-MR/ssp585/r1i1p1f1/Omon/so
No .nc files found in /maps/rt582/cmipper/.esgpull/data/CMIP6/ScenarioMIP/AWI/AWI-CM-1-1-MR/ssp585/r1i1p1f1/Omon/so
Scanning directory: /maps/rt582/cmipper/.esgpull/data/CMIP6/ScenarioMIP/AWI/AWI-CM-1-1-MR/ssp585/r1i1p1f1/Omon/rsdo
No .nc files found in /maps/rt582/cmipper/.esgpull/data/CMIP6/ScenarioMIP/AWI/AWI-CM-1-1-MR/ssp585/r1i1p1f1/Omon/rsdo
Scanning directory: /maps/rt582/cmipper/.esgpull/data/CMIP6/ScenarioMIP/AWI/AWI-CM-1-1-MR/ssp585/r1i1p1f1/Omon/thetao
No .nc files found in /maps/rt582/cmipper/.esgpull/data/CMIP6/ScenarioMIP/AWI/AWI-CM-1-1-MR/ssp585/r1i1p1f1/Omon/thetao
Scanning directory: /maps/rt582/cmipper/.esgpull/data/CMIP6/ScenarioMIP/AWI/AWI-CM-1-1-MR/ssp585/r1i1p1f1/Omon/tos
No .nc files found in /maps/rt582/cmipper/.esgpull/data/CMIP6/ScenarioMIP/AWI/AWI-CM-1-1-MR/ssp585/r1i1p1f1/Omon/tos
Scanning directory: /maps/rt582/cmipper/.esgpull/data/CMIP6/ScenarioMIP/AWI/AWI-CM-1-1-MR/ssp585/r1i1p1f1/Omon/so/gn
No .nc files found in /maps/rt582/cmipper/.esgpull/data/CMIP6/ScenarioMIP/AWI/AWI-CM-1-1-MR/ssp585/r1i1p1f1/Omon/so/gn
Scanning directory: /maps/rt582/cmipper/.esgpull/data/CMIP6/ScenarioMIP/AWI/AWI-CM-1-1-MR/ssp585/r1i1p1f1/Omon/rsdo/gn
No .nc files found in /maps/rt582/cmipper/.esgpull/data/CMIP6/ScenarioMIP/AWI/AWI-CM-1-1-MR/ssp585/r1i1p1f1/Omon/rsdo/gn
Scanning directory: /maps/rt582/cmipper/.esgpull/data/CMIP6/ScenarioMIP/AWI/AWI-CM-1-1-MR/ssp585/r1i1p1f1/Omon/thetao/gn
No .nc files found in /maps/rt582/cmipper/.esgpull/data/CMIP6/ScenarioMIP/AWI/AWI-CM-1-1-MR/ssp585/r1i1p1f1/Omon/thetao/gn
Scanning directory: /maps/rt582/cmipper/.esgpull/data/CMIP6/ScenarioMIP/AWI/AWI-CM-1-1-MR/ssp585/r1i1p1f1/Omon/tos/gn
No .nc files found in /maps/rt582/cmipper/.esgpull/data/CMIP6/ScenarioMIP/AWI/AWI-CM-1-1-MR/ssp585/r1i1p1f1/Omon/tos/gn
Scanning directory: /maps/rt582/cmipper/.esgpull/data/CMIP6/ScenarioMIP/AWI/AWI-CM-1-1-MR/ssp585/r1i1p1f1/Omon/so/gn/v20181218
No .nc files found in /maps/rt582/cmipper/.esgpull/data/CMIP6/ScenarioMIP/AWI/AWI-CM-1-1-MR/ssp585/r1i1p1f1/Omon/so/gn/v20181218
Scanning directory: /maps/rt582/cmipper/.esgpull/data/CMIP6/ScenarioMIP/AWI/AWI-CM-1-1-MR/ssp585/r1i1p1f1/Omon/so/gn/v20181218/remapped
Skipping directory (filepath contains remapped/processed): /maps/rt582/cmipper/.esgpull/data/CMIP6/ScenarioMIP/AWI/AWI-CM-1-1-MR/ssp585/r1i1p1f1/Omon/so/gn/v20181218/remapped
Scanning directory: /maps/rt582/cmipper/.esgpull/data/CMIP6/ScenarioMIP/AWI/AWI-CM-1-1-MR/ssp585/r1i1p1f1/Omon/rsdo/gn/v20181218
No .nc files found in /maps/rt582/cmipper/.esgpull/data/CMIP6/ScenarioMIP/AWI/AWI-CM-1-1-MR/ssp585/r1i1p1f1/Omon/rsdo/gn/v20181218
Scanning directory: /maps/rt582/cmipper/.esgpull/data/CMIP6/ScenarioMIP/AWI/AWI-CM-1-1-MR/ssp585/r1i1p1f1/Omon/rsdo/gn/v20181218/remapped
Skipping directory (filepath contains remapped/processed): /maps/rt582/cmipper/.esgpull/data/CMIP6/ScenarioMIP/AWI/AWI-CM-1-1-MR/ssp585/r1i1p1f1/Omon/rsdo/gn/v20181218/remapped
Scanning directory: /maps/rt582/cmipper/.esgpull/data/CMIP6/ScenarioMIP/AWI/AWI-CM-1-1-MR/ssp585/r1i1p1f1/Omon/thetao/gn/v20181218
No .nc files found in /maps/rt582/cmipper/.esgpull/data/CMIP6/ScenarioMIP/AWI/AWI-CM-1-1-MR/ssp585/r1i1p1f1/Omon/thetao/gn/v20181218
Scanning directory: /maps/rt582/cmipper/.esgpull/data/CMIP6/ScenarioMIP/AWI/AWI-CM-1-1-MR/ssp585/r1i1p1f1/Omon/thetao/gn/v20181218/remapped
Skipping directory (filepath contains remapped/processed): /maps/rt582/cmipper/.esgpull/data/CMIP6/ScenarioMIP/AWI/AWI-CM-1-1-MR/ssp585/r1i1p1f1/Omon/thetao/gn/v20181218/remapped
Scanning directory: /maps/rt582/cmipper/.esgpull/data/CMIP6/ScenarioMIP/AWI/AWI-CM-1-1-MR/ssp585/r1i1p1f1/Omon/tos/gn/v20181218
No .nc files found in /maps/rt582/cmipper/.esgpull/data/CMIP6/ScenarioMIP/AWI/AWI-CM-1-1-MR/ssp585/r1i1p1f1/Omon/tos/gn/v20181218
Scanning directory: /maps/rt582/cmipper/.esgpull/data/CMIP6/ScenarioMIP/AWI/AWI-CM-1-1-MR/ssp585/r1i1p1f1/Omon/tos/gn/v20181218/remapped
Skipping directory (filepath contains remapped/processed): /maps/rt582/cmipper/.esgpull/data/CMIP6/ScenarioMIP/AWI/AWI-CM-1-1-MR/ssp585/r1i1p1f1/Omon/tos/gn/v20181218/remapped
Scanning directory: /maps/rt582/cmipper/.esgpull/data/CMIP6/ScenarioMIP/AWI/AWI-CM-1-1-MR/ssp245/r1i1p1f1/Omon
No .nc files found in /maps/rt582/cmipper/.esgpull/data/CMIP6/ScenarioMIP/AWI/AWI-CM-1-1-MR/ssp245/r1i1p1f1/Omon
Scanning directory: /maps/rt582/cmipper/.esgpull/data/CMIP6/ScenarioMIP/AWI/AWI-CM-1-1-MR/ssp245/r1i1p1f1/Omon/tos
No .nc files found in /maps/rt582/cmipper/.esgpull/data/CMIP6/ScenarioMIP/AWI/AWI-CM-1-1-MR/ssp245/r1i1p1f1/Omon/tos
Scanning directory: /maps/rt582/cmipper/.esgpull/data/CMIP6/ScenarioMIP/AWI/AWI-CM-1-1-MR/ssp245/r1i1p1f1/Omon/rsdo
No .nc files found in /maps/rt582/cmipper/.esgpull/data/CMIP6/ScenarioMIP/AWI/AWI-CM-1-1-MR/ssp245/r1i1p1f1/Omon/rsdo
Scanning directory: /maps/rt582/cmipper/.esgpull/data/CMIP6/ScenarioMIP/AWI/AWI-CM-1-1-MR/ssp245/r1i1p1f1/Omon/so
No .nc files found in /maps/rt582/cmipper/.esgpull/data/CMIP6/ScenarioMIP/AWI/AWI-CM-1-1-MR/ssp245/r1i1p1f1/Omon/so
Scanning directory: /maps/rt582/cmipper/.esgpull/data/CMIP6/ScenarioMIP/AWI/AWI-CM-1-1-MR/ssp245/r1i1p1f1/Omon/tos/gn
No .nc files found in /maps/rt582/cmipper/.esgpull/data/CMIP6/ScenarioMIP/AWI/AWI-CM-1-1-MR/ssp245/r1i1p1f1/Omon/tos/gn
Scanning directory: /maps/rt582/cmipper/.esgpull/data/CMIP6/ScenarioMIP/AWI/AWI-CM-1-1-MR/ssp245/r1i1p1f1/Omon/rsdo/gn
No .nc files found in /maps/rt582/cmipper/.esgpull/data/CMIP6/ScenarioMIP/AWI/AWI-CM-1-1-MR/ssp245/r1i1p1f1/Omon/rsdo/gn
Scanning directory: /maps/rt582/cmipper/.esgpull/data/CMIP6/ScenarioMIP/AWI/AWI-CM-1-1-MR/ssp245/r1i1p1f1/Omon/so/gn
No .nc files found in /maps/rt582/cmipper/.esgpull/data/CMIP6/ScenarioMIP/AWI/AWI-CM-1-1-MR/ssp245/r1i1p1f1/Omon/so/gn
Scanning directory: /maps/rt582/cmipper/.esgpull/data/CMIP6/ScenarioMIP/AWI/AWI-CM-1-1-MR/ssp245/r1i1p1f1/Omon/tos/gn/v20181218
No .nc files found in /maps/rt582/cmipper/.esgpull/data/CMIP6/ScenarioMIP/AWI/AWI-CM-1-1-MR/ssp245/r1i1p1f1/Omon/tos/gn/v20181218
Scanning directory: /maps/rt582/cmipper/.esgpull/data/CMIP6/ScenarioMIP/AWI/AWI-CM-1-1-MR/ssp245/r1i1p1f1/Omon/tos/gn/v20181218/remapped
Skipping directory (filepath contains remapped/processed): /maps/rt582/cmipper/.esgpull/data/CMIP6/ScenarioMIP/AWI/AWI-CM-1-1-MR/ssp245/r1i1p1f1/Omon/tos/gn/v20181218/remapped
Scanning directory: /maps/rt582/cmipper/.esgpull/data/CMIP6/ScenarioMIP/AWI/AWI-CM-1-1-MR/ssp245/r1i1p1f1/Omon/rsdo/gn/v20181218
No .nc files found in /maps/rt582/cmipper/.esgpull/data/CMIP6/ScenarioMIP/AWI/AWI-CM-1-1-MR/ssp245/r1i1p1f1/Omon/rsdo/gn/v20181218
Scanning directory: /maps/rt582/cmipper/.esgpull/data/CMIP6/ScenarioMIP/AWI/AWI-CM-1-1-MR/ssp245/r1i1p1f1/Omon/rsdo/gn/v20181218/remapped
Skipping directory (filepath contains remapped/processed): /maps/rt582/cmipper/.esgpull/data/CMIP6/ScenarioMIP/AWI/AWI-CM-1-1-MR/ssp245/r1i1p1f1/Omon/rsdo/gn/v20181218/remapped
Scanning directory: /maps/rt582/cmipper/.esgpull/data/CMIP6/ScenarioMIP/AWI/AWI-CM-1-1-MR/ssp245/r1i1p1f1/Omon/so/gn/v20181218
No .nc files found in /maps/rt582/cmipper/.esgpull/data/CMIP6/ScenarioMIP/AWI/AWI-CM-1-1-MR/ssp245/r1i1p1f1/Omon/so/gn/v20181218
Scanning directory: /maps/rt582/cmipper/.esgpull/data/CMIP6/ScenarioMIP/AWI/AWI-CM-1-1-MR/ssp245/r1i1p1f1/Omon/so/gn/v20181218/remapped
Skipping directory (filepath contains remapped/processed): /maps/rt582/cmipper/.esgpull/data/CMIP6/ScenarioMIP/AWI/AWI-CM-1-1-MR/ssp245/r1i1p1f1/Omon/so/gn/v20181218/remapped
Scanning directory: /maps/rt582/cmipper/.esgpull/data/CMIP6/ScenarioMIP/AWI/AWI-CM-1-1-MR/ssp370/r1i1p1f1/Omon
No .nc files found in /maps/rt582/cmipper/.esgpull/data/CMIP6/ScenarioMIP/AWI/AWI-CM-1-1-MR/ssp370/r1i1p1f1/Omon
Scanning directory: /maps/rt582/cmipper/.esgpull/data/CMIP6/ScenarioMIP/AWI/AWI-CM-1-1-MR/ssp370/r1i1p1f1/Omon/so
No .nc files found in /maps/rt582/cmipper/.esgpull/data/CMIP6/ScenarioMIP/AWI/AWI-CM-1-1-MR/ssp370/r1i1p1f1/Omon/so
Scanning directory: /maps/rt582/cmipper/.esgpull/data/CMIP6/ScenarioMIP/AWI/AWI-CM-1-1-MR/ssp370/r1i1p1f1/Omon/thetao
No .nc files found in /maps/rt582/cmipper/.esgpull/data/CMIP6/ScenarioMIP/AWI/AWI-CM-1-1-MR/ssp370/r1i1p1f1/Omon/thetao
Scanning directory: /maps/rt582/cmipper/.esgpull/data/CMIP6/ScenarioMIP/AWI/AWI-CM-1-1-MR/ssp370/r1i1p1f1/Omon/rsdo
No .nc files found in /maps/rt582/cmipper/.esgpull/data/CMIP6/ScenarioMIP/AWI/AWI-CM-1-1-MR/ssp370/r1i1p1f1/Omon/rsdo
Scanning directory: /maps/rt582/cmipper/.esgpull/data/CMIP6/ScenarioMIP/AWI/AWI-CM-1-1-MR/ssp370/r1i1p1f1/Omon/tos
No .nc files found in /maps/rt582/cmipper/.esgpull/data/CMIP6/ScenarioMIP/AWI/AWI-CM-1-1-MR/ssp370/r1i1p1f1/Omon/tos
Scanning directory: /maps/rt582/cmipper/.esgpull/data/CMIP6/ScenarioMIP/AWI/AWI-CM-1-1-MR/ssp370/r1i1p1f1/Omon/so/gn
No .nc files found in /maps/rt582/cmipper/.esgpull/data/CMIP6/ScenarioMIP/AWI/AWI-CM-1-1-MR/ssp370/r1i1p1f1/Omon/so/gn
Scanning directory: /maps/rt582/cmipper/.esgpull/data/CMIP6/ScenarioMIP/AWI/AWI-CM-1-1-MR/ssp370/r1i1p1f1/Omon/thetao/gn
No .nc files found in /maps/rt582/cmipper/.esgpull/data/CMIP6/ScenarioMIP/AWI/AWI-CM-1-1-MR/ssp370/r1i1p1f1/Omon/thetao/gn
Scanning directory: /maps/rt582/cmipper/.esgpull/data/CMIP6/ScenarioMIP/AWI/AWI-CM-1-1-MR/ssp370/r1i1p1f1/Omon/rsdo/gn
No .nc files found in /maps/rt582/cmipper/.esgpull/data/CMIP6/ScenarioMIP/AWI/AWI-CM-1-1-MR/ssp370/r1i1p1f1/Omon/rsdo/gn
Scanning directory: /maps/rt582/cmipper/.esgpull/data/CMIP6/ScenarioMIP/AWI/AWI-CM-1-1-MR/ssp370/r1i1p1f1/Omon/tos/gn
No .nc files found in /maps/rt582/cmipper/.esgpull/data/CMIP6/ScenarioMIP/AWI/AWI-CM-1-1-MR/ssp370/r1i1p1f1/Omon/tos/gn
Scanning directory: /maps/rt582/cmipper/.esgpull/data/CMIP6/ScenarioMIP/AWI/AWI-CM-1-1-MR/ssp370/r1i1p1f1/Omon/so/gn/v20181218
No .nc files found in /maps/rt582/cmipper/.esgpull/data/CMIP6/ScenarioMIP/AWI/AWI-CM-1-1-MR/ssp370/r1i1p1f1/Omon/so/gn/v20181218
Scanning directory: /maps/rt582/cmipper/.esgpull/data/CMIP6/ScenarioMIP/AWI/AWI-CM-1-1-MR/ssp370/r1i1p1f1/Omon/so/gn/v20181218/remapped
Skipping directory (filepath contains remapped/processed): /maps/rt582/cmipper/.esgpull/data/CMIP6/ScenarioMIP/AWI/AWI-CM-1-1-MR/ssp370/r1i1p1f1/Omon/so/gn/v20181218/remapped
Scanning directory: /maps/rt582/cmipper/.esgpull/data/CMIP6/ScenarioMIP/AWI/AWI-CM-1-1-MR/ssp370/r1i1p1f1/Omon/thetao/gn/v20181218
	Remapping 5 files in /maps/rt582/cmipper/.esgpull/data/CMIP6/ScenarioMIP/AWI/AWI-CM-1-1-MR/ssp370/r1i1p1f1/Omon/thetao/gn/v20181218
	Remapping 5 files in /maps/rt582/cmipper/.esgpull/data/CMIP6/ScenarioMIP/AWI/AWI-CM-1-1-MR/ssp370/r1i1p1f1/Omon/thetao/gn/v20181218
	Remapping /maps/rt582/cmipper/.esgpull/data/CMIP6/ScenarioMIP/AWI/AWI-CM-1-1-MR/ssp370/r1i1p1f1/Omon/thetao/gn/v20181218/thetao_Omon_AWI-CM-1-1-MR_ssp370_r1i1p1f1_gn_207101-208012.nc -> /maps/rt582/cmipper/.esgpull/data/CMIP6/ScenarioMIP/AWI/AWI-CM-1-1-MR/ssp370/r1i1p1f1/Omon/thetao/gn/v20181218/remapped/thetao_Omon_AWI-CM-1-1-MR_ssp370_r1i1p1f1_gn_207101-208012.nc
Remapped: /maps/rt582/cmipper/.esgpull/data/CMIP6/ScenarioMIP/AWI/AWI-CM-1-1-MR/ssp370/r1i1p1f1/Omon/thetao/gn/v20181218/thetao_Omon_AWI-CM-1-1-MR_ssp370_r1i1p1f1_gn_207101-208012.nc -> /maps/rt582/cmipper/.esgpull/data/CMIP6/ScenarioMIP/AWI/AWI-CM-1-1-MR/ssp370/r1i1p1f1/Omon/thetao/gn/v20181218/remapped/thetao_Omon_AWI-CM-1-1-MR_ssp370_r1i1p1f1_gn_207101-208012.nc
	Remapping /maps/rt582/cmipper/.esgpull/data/CMIP6/ScenarioMIP/AWI/AWI-CM-1-1-MR/ssp370/r1i1p1f1/Omon/thetao/gn/v20181218/thetao_Omon_AWI-CM-1-1-MR_ssp370_r1i1p1f1_gn_203101-204012.nc -> /maps/rt582/cmipper/.esgpull/data/CMIP6/ScenarioMIP/AWI/AWI-CM-1-1-MR/ssp370/r1i1p1f1/Omon/thetao/gn/v20181218/remapped/thetao_Omon_AWI-CM-1-1-MR_ssp370_r1i1p1f1_gn_203101-204012.nc
Remapped: /maps/rt582/cmipper/.esgpull/data/CMIP6/ScenarioMIP/AWI/AWI-CM-1-1-MR/ssp370/r1i1p1f1/Omon/thetao/gn/v20181218/thetao_Omon_AWI-CM-1-1-MR_ssp370_r1i1p1f1_gn_203101-204012.nc -> /maps/rt582/cmipper/.esgpull/data/CMIP6/ScenarioMIP/AWI/AWI-CM-1-1-MR/ssp370/r1i1p1f1/Omon/thetao/gn/v20181218/remapped/thetao_Omon_AWI-CM-1-1-MR_ssp370_r1i1p1f1_gn_203101-204012.nc
	Remapping /maps/rt582/cmipper/.esgpull/data/CMIP6/ScenarioMIP/AWI/AWI-CM-1-1-MR/ssp370/r1i1p1f1/Omon/thetao/gn/v20181218/thetao_Omon_AWI-CM-1-1-MR_ssp370_r1i1p1f1_gn_204101-205012.nc -> /maps/rt582/cmipper/.esgpull/data/CMIP6/ScenarioMIP/AWI/AWI-CM-1-1-MR/ssp370/r1i1p1f1/Omon/thetao/gn/v20181218/remapped/thetao_Omon_AWI-CM-1-1-MR_ssp370_r1i1p1f1_gn_204101-205012.nc
Remapped: /maps/rt582/cmipper/.esgpull/data/CMIP6/ScenarioMIP/AWI/AWI-CM-1-1-MR/ssp370/r1i1p1f1/Omon/thetao/gn/v20181218/thetao_Omon_AWI-CM-1-1-MR_ssp370_r1i1p1f1_gn_204101-205012.nc -> /maps/rt582/cmipper/.esgpull/data/CMIP6/ScenarioMIP/AWI/AWI-CM-1-1-MR/ssp370/r1i1p1f1/Omon/thetao/gn/v20181218/remapped/thetao_Omon_AWI-CM-1-1-MR_ssp370_r1i1p1f1_gn_204101-205012.nc
	Remapping /maps/rt582/cmipper/.esgpull/data/CMIP6/ScenarioMIP/AWI/AWI-CM-1-1-MR/ssp370/r1i1p1f1/Omon/thetao/gn/v20181218/thetao_Omon_AWI-CM-1-1-MR_ssp370_r1i1p1f1_gn_202101-203012.nc -> /maps/rt582/cmipper/.esgpull/data/CMIP6/ScenarioMIP/AWI/AWI-CM-1-1-MR/ssp370/r1i1p1f1/Omon/thetao/gn/v20181218/remapped/thetao_Omon_AWI-CM-1-1-MR_ssp370_r1i1p1f1_gn_202101-203012.nc
Remapped: /maps/rt582/cmipper/.esgpull/data/CMIP6/ScenarioMIP/AWI/AWI-CM-1-1-MR/ssp370/r1i1p1f1/Omon/thetao/gn/v20181218/thetao_Omon_AWI-CM-1-1-MR_ssp370_r1i1p1f1_gn_202101-203012.nc -> /maps/rt582/cmipper/.esgpull/data/CMIP6/ScenarioMIP/AWI/AWI-CM-1-1-MR/ssp370/r1i1p1f1/Omon/thetao/gn/v20181218/remapped/thetao_Omon_AWI-CM-1-1-MR_ssp370_r1i1p1f1_gn_202101-203012.nc
	Remapping /maps/rt582/cmipper/.esgpull/data/CMIP6/ScenarioMIP/AWI/AWI-CM-1-1-MR/ssp370/r1i1p1f1/Omon/thetao/gn/v20181218/thetao_Omon_AWI-CM-1-1-MR_ssp370_r1i1p1f1_gn_201501-202012.nc -> /maps/rt582/cmipper/.esgpull/data/CMIP6/ScenarioMIP/AWI/AWI-CM-1-1-MR/ssp370/r1i1p1f1/Omon/thetao/gn/v20181218/remapped/thetao_Omon_AWI-CM-1-1-MR_ssp370_r1i1p1f1_gn_201501-202012.nc
Remapped: /maps/rt582/cmipper/.esgpull/data/CMIP6/ScenarioMIP/AWI/AWI-CM-1-1-MR/ssp370/r1i1p1f1/Omon/thetao/gn/v20181218/thetao_Omon_AWI-CM-1-1-MR_ssp370_r1i1p1f1_gn_201501-202012.nc -> /maps/rt582/cmipper/.esgpull/data/CMIP6/ScenarioMIP/AWI/AWI-CM-1-1-MR/ssp370/r1i1p1f1/Omon/thetao/gn/v20181218/remapped/thetao_Omon_AWI-CM-1-1-MR_ssp370_r1i1p1f1_gn_201501-202012.nc
Scanning directory: /maps/rt582/cmipper/.esgpull/data/CMIP6/ScenarioMIP/AWI/AWI-CM-1-1-MR/ssp370/r1i1p1f1/Omon/thetao/gn/v20181218/remapped
Skipping directory (filepath contains remapped/processed): /maps/rt582/cmipper/.esgpull/data/CMIP6/ScenarioMIP/AWI/AWI-CM-1-1-MR/ssp370/r1i1p1f1/Omon/thetao/gn/v20181218/remapped
Scanning directory: /maps/rt582/cmipper/.esgpull/data/CMIP6/ScenarioMIP/AWI/AWI-CM-1-1-MR/ssp370/r1i1p1f1/Omon/rsdo/gn/v20181218
No .nc files found in /maps/rt582/cmipper/.esgpull/data/CMIP6/ScenarioMIP/AWI/AWI-CM-1-1-MR/ssp370/r1i1p1f1/Omon/rsdo/gn/v20181218
Scanning directory: /maps/rt582/cmipper/.esgpull/data/CMIP6/ScenarioMIP/AWI/AWI-CM-1-1-MR/ssp370/r1i1p1f1/Omon/rsdo/gn/v20181218/remapped
Skipping directory (filepath contains remapped/processed): /maps/rt582/cmipper/.esgpull/data/CMIP6/ScenarioMIP/AWI/AWI-CM-1-1-MR/ssp370/r1i1p1f1/Omon/rsdo/gn/v20181218/remapped
Scanning directory: /maps/rt582/cmipper/.esgpull/data/CMIP6/ScenarioMIP/AWI/AWI-CM-1-1-MR/ssp370/r1i1p1f1/Omon/tos/gn/v20181218
No .nc files found in /maps/rt582/cmipper/.esgpull/data/CMIP6/ScenarioMIP/AWI/AWI-CM-1-1-MR/ssp370/r1i1p1f1/Omon/tos/gn/v20181218
Scanning directory: /maps/rt582/cmipper/.esgpull/data/CMIP6/ScenarioMIP/AWI/AWI-CM-1-1-MR/ssp370/r1i1p1f1/Omon/tos/gn/v20181218/remapped
Skipping directory (filepath contains remapped/processed): /maps/rt582/cmipper/.esgpull/data/CMIP6/ScenarioMIP/AWI/AWI-CM-1-1-MR/ssp370/r1i1p1f1/Omon/tos/gn/v20181218/remapped
Scanning directory: /maps/rt582/cmipper/.esgpull/data/CMIP6/ScenarioMIP/CSIRO/ACCESS-ESM1-5/ssp585
No .nc files found in /maps/rt582/cmipper/.esgpull/data/CMIP6/ScenarioMIP/CSIRO/ACCESS-ESM1-5/ssp585
Scanning directory: /maps/rt582/cmipper/.esgpull/data/CMIP6/ScenarioMIP/CSIRO/ACCESS-ESM1-5/ssp126
No .nc files found in /maps/rt582/cmipper/.esgpull/data/CMIP6/ScenarioMIP/CSIRO/ACCESS-ESM1-5/ssp126
Scanning directory: /maps/rt582/cmipper/.esgpull/data/CMIP6/ScenarioMIP/CSIRO/ACCESS-ESM1-5/ssp370
No .nc files found in /maps/rt582/cmipper/.esgpull/data/CMIP6/ScenarioMIP/CSIRO/ACCESS-ESM1-5/ssp370
Scanning directory: /maps/rt582/cmipper/.esgpull/data/CMIP6/ScenarioMIP/CSIRO/ACCESS-ESM1-5/ssp245
No .nc files found in /maps/rt582/cmipper/.esgpull/data/CMIP6/ScenarioMIP/CSIRO/ACCESS-ESM1-5/ssp245
Scanning directory: /maps/rt582/cmipper/.esgpull/data/CMIP6/ScenarioMIP/CSIRO/ACCESS-ESM1-5/ssp585/r1i1p1f1
No .nc files found in /maps/rt582/cmipper/.esgpull/data/CMIP6/ScenarioMIP/CSIRO/ACCESS-ESM1-5/ssp585/r1i1p1f1
Scanning directory: /maps/rt582/cmipper/.esgpull/data/CMIP6/ScenarioMIP/CSIRO/ACCESS-ESM1-5/ssp126/r1i1p1f1
No .nc files found in /maps/rt582/cmipper/.esgpull/data/CMIP6/ScenarioMIP/CSIRO/ACCESS-ESM1-5/ssp126/r1i1p1f1
Scanning directory: /maps/rt582/cmipper/.esgpull/data/CMIP6/ScenarioMIP/CSIRO/ACCESS-ESM1-5/ssp370/r1i1p1f1
No .nc files found in /maps/rt582/cmipper/.esgpull/data/CMIP6/ScenarioMIP/CSIRO/ACCESS-ESM1-5/ssp370/r1i1p1f1
Scanning directory: /maps/rt582/cmipper/.esgpull/data/CMIP6/ScenarioMIP/CSIRO/ACCESS-ESM1-5/ssp245/r1i1p1f1
No .nc files found in /maps/rt582/cmipper/.esgpull/data/CMIP6/ScenarioMIP/CSIRO/ACCESS-ESM1-5/ssp245/r1i1p1f1
Scanning directory: /maps/rt582/cmipper/.esgpull/data/CMIP6/ScenarioMIP/CSIRO/ACCESS-ESM1-5/ssp585/r1i1p1f1/Omon
No .nc files found in /maps/rt582/cmipper/.esgpull/data/CMIP6/ScenarioMIP/CSIRO/ACCESS-ESM1-5/ssp585/r1i1p1f1/Omon
Scanning directory: /maps/rt582/cmipper/.esgpull/data/CMIP6/ScenarioMIP/CSIRO/ACCESS-ESM1-5/ssp585/r1i1p1f1/Omon/arag
No .nc files found in /maps/rt582/cmipper/.esgpull/data/CMIP6/ScenarioMIP/CSIRO/ACCESS-ESM1-5/ssp585/r1i1p1f1/Omon/arag
Scanning directory: /maps/rt582/cmipper/.esgpull/data/CMIP6/ScenarioMIP/CSIRO/ACCESS-ESM1-5/ssp585/r1i1p1f1/Omon/po4
No .nc files found in /maps/rt582/cmipper/.esgpull/data/CMIP6/ScenarioMIP/CSIRO/ACCESS-ESM1-5/ssp585/r1i1p1f1/Omon/po4
Scanning directory: /maps/rt582/cmipper/.esgpull/data/CMIP6/ScenarioMIP/CSIRO/ACCESS-ESM1-5/ssp585/r1i1p1f1/Omon/no3
No .nc files found in /maps/rt582/cmipper/.esgpull/data/CMIP6/ScenarioMIP/CSIRO/ACCESS-ESM1-5/ssp585/r1i1p1f1/Omon/no3
Scanning directory: /maps/rt582/cmipper/.esgpull/data/CMIP6/ScenarioMIP/CSIRO/ACCESS-ESM1-5/ssp585/r1i1p1f1/Omon/arag/gn
No .nc files found in /maps/rt582/cmipper/.esgpull/data/CMIP6/ScenarioMIP/CSIRO/ACCESS-ESM1-5/ssp585/r1i1p1f1/Omon/arag/gn
Scanning directory: /maps/rt582/cmipper/.esgpull/data/CMIP6/ScenarioMIP/CSIRO/ACCESS-ESM1-5/ssp585/r1i1p1f1/Omon/po4/gn
No .nc files found in /maps/rt582/cmipper/.esgpull/data/CMIP6/ScenarioMIP/CSIRO/ACCESS-ESM1-5/ssp585/r1i1p1f1/Omon/po4/gn
Scanning directory: /maps/rt582/cmipper/.esgpull/data/CMIP6/ScenarioMIP/CSIRO/ACCESS-ESM1-5/ssp585/r1i1p1f1/Omon/no3/gn
No .nc files found in /maps/rt582/cmipper/.esgpull/data/CMIP6/ScenarioMIP/CSIRO/ACCESS-ESM1-5/ssp585/r1i1p1f1/Omon/no3/gn
Scanning directory: /maps/rt582/cmipper/.esgpull/data/CMIP6/ScenarioMIP/CSIRO/ACCESS-ESM1-5/ssp585/r1i1p1f1/Omon/arag/gn/v20210318
	Remapping 7 files in /maps/rt582/cmipper/.esgpull/data/CMIP6/ScenarioMIP/CSIRO/ACCESS-ESM1-5/ssp585/r1i1p1f1/Omon/arag/gn/v20210318
	Remapping 7 files in /maps/rt582/cmipper/.esgpull/data/CMIP6/ScenarioMIP/CSIRO/ACCESS-ESM1-5/ssp585/r1i1p1f1/Omon/arag/gn/v20210318
	Remapping /maps/rt582/cmipper/.esgpull/data/CMIP6/ScenarioMIP/CSIRO/ACCESS-ESM1-5/ssp585/r1i1p1f1/Omon/arag/gn/v20210318/arag_Omon_ACCESS-ESM1-5_ssp585_r1i1p1f1_gn_226101-227012.nc -> /maps/rt582/cmipper/.esgpull/data/CMIP6/ScenarioMIP/CSIRO/ACCESS-ESM1-5/ssp585/r1i1p1f1/Omon/arag/gn/v20210318/remapped/arag_Omon_ACCESS-ESM1-5_ssp585_r1i1p1f1_gn_226101-227012.nc
Remapped: /maps/rt582/cmipper/.esgpull/data/CMIP6/ScenarioMIP/CSIRO/ACCESS-ESM1-5/ssp585/r1i1p1f1/Omon/arag/gn/v20210318/arag_Omon_ACCESS-ESM1-5_ssp585_r1i1p1f1_gn_226101-227012.nc -> /maps/rt582/cmipper/.esgpull/data/CMIP6/ScenarioMIP/CSIRO/ACCESS-ESM1-5/ssp585/r1i1p1f1/Omon/arag/gn/v20210318/remapped/arag_Omon_ACCESS-ESM1-5_ssp585_r1i1p1f1_gn_226101-227012.nc
	Remapping /maps/rt582/cmipper/.esgpull/data/CMIP6/ScenarioMIP/CSIRO/ACCESS-ESM1-5/ssp585/r1i1p1f1/Omon/arag/gn/v20210318/arag_Omon_ACCESS-ESM1-5_ssp585_r1i1p1f1_gn_228101-229012.nc -> /maps/rt582/cmipper/.esgpull/data/CMIP6/ScenarioMIP/CSIRO/ACCESS-ESM1-5/ssp585/r1i1p1f1/Omon/arag/gn/v20210318/remapped/arag_Omon_ACCESS-ESM1-5_ssp585_r1i1p1f1_gn_228101-229012.nc
Remapped: /maps/rt582/cmipper/.esgpull/data/CMIP6/ScenarioMIP/CSIRO/ACCESS-ESM1-5/ssp585/r1i1p1f1/Omon/arag/gn/v20210318/arag_Omon_ACCESS-ESM1-5_ssp585_r1i1p1f1_gn_228101-229012.nc -> /maps/rt582/cmipper/.esgpull/data/CMIP6/ScenarioMIP/CSIRO/ACCESS-ESM1-5/ssp585/r1i1p1f1/Omon/arag/gn/v20210318/remapped/arag_Omon_ACCESS-ESM1-5_ssp585_r1i1p1f1_gn_228101-229012.nc
	Remapping /maps/rt582/cmipper/.esgpull/data/CMIP6/ScenarioMIP/CSIRO/ACCESS-ESM1-5/ssp585/r1i1p1f1/Omon/arag/gn/v20210318/arag_Omon_ACCESS-ESM1-5_ssp585_r1i1p1f1_gn_208501-209412.nc -> /maps/rt582/cmipper/.esgpull/data/CMIP6/ScenarioMIP/CSIRO/ACCESS-ESM1-5/ssp585/r1i1p1f1/Omon/arag/gn/v20210318/remapped/arag_Omon_ACCESS-ESM1-5_ssp585_r1i1p1f1_gn_208501-209412.nc
Remapped: /maps/rt582/cmipper/.esgpull/data/CMIP6/ScenarioMIP/CSIRO/ACCESS-ESM1-5/ssp585/r1i1p1f1/Omon/arag/gn/v20210318/arag_Omon_ACCESS-ESM1-5_ssp585_r1i1p1f1_gn_208501-209412.nc -> /maps/rt582/cmipper/.esgpull/data/CMIP6/ScenarioMIP/CSIRO/ACCESS-ESM1-5/ssp585/r1i1p1f1/Omon/arag/gn/v20210318/remapped/arag_Omon_ACCESS-ESM1-5_ssp585_r1i1p1f1_gn_208501-209412.nc
	Remapping /maps/rt582/cmipper/.esgpull/data/CMIP6/ScenarioMIP/CSIRO/ACCESS-ESM1-5/ssp585/r1i1p1f1/Omon/arag/gn/v20210318/arag_Omon_ACCESS-ESM1-5_ssp585_r1i1p1f1_gn_205501-206412.nc -> /maps/rt582/cmipper/.esgpull/data/CMIP6/ScenarioMIP/CSIRO/ACCESS-ESM1-5/ssp585/r1i1p1f1/Omon/arag/gn/v20210318/remapped/arag_Omon_ACCESS-ESM1-5_ssp585_r1i1p1f1_gn_205501-206412.nc
Remapped: /maps/rt582/cmipper/.esgpull/data/CMIP6/ScenarioMIP/CSIRO/ACCESS-ESM1-5/ssp585/r1i1p1f1/Omon/arag/gn/v20210318/arag_Omon_ACCESS-ESM1-5_ssp585_r1i1p1f1_gn_205501-206412.nc -> /maps/rt582/cmipper/.esgpull/data/CMIP6/ScenarioMIP/CSIRO/ACCESS-ESM1-5/ssp585/r1i1p1f1/Omon/arag/gn/v20210318/remapped/arag_Omon_ACCESS-ESM1-5_ssp585_r1i1p1f1_gn_205501-206412.nc
	Remapping /maps/rt582/cmipper/.esgpull/data/CMIP6/ScenarioMIP/CSIRO/ACCESS-ESM1-5/ssp585/r1i1p1f1/Omon/arag/gn/v20210318/arag_Omon_ACCESS-ESM1-5_ssp585_r1i1p1f1_gn_225101-226012.nc -> /maps/rt582/cmipper/.esgpull/data/CMIP6/ScenarioMIP/CSIRO/ACCESS-ESM1-5/ssp585/r1i1p1f1/Omon/arag/gn/v20210318/remapped/arag_Omon_ACCESS-ESM1-5_ssp585_r1i1p1f1_gn_225101-226012.nc
Remapped: /maps/rt582/cmipper/.esgpull/data/CMIP6/ScenarioMIP/CSIRO/ACCESS-ESM1-5/ssp585/r1i1p1f1/Omon/arag/gn/v20210318/arag_Omon_ACCESS-ESM1-5_ssp585_r1i1p1f1_gn_225101-226012.nc -> /maps/rt582/cmipper/.esgpull/data/CMIP6/ScenarioMIP/CSIRO/ACCESS-ESM1-5/ssp585/r1i1p1f1/Omon/arag/gn/v20210318/remapped/arag_Omon_ACCESS-ESM1-5_ssp585_r1i1p1f1_gn_225101-226012.nc
	Remapping /maps/rt582/cmipper/.esgpull/data/CMIP6/ScenarioMIP/CSIRO/ACCESS-ESM1-5/ssp585/r1i1p1f1/Omon/arag/gn/v20210318/arag_Omon_ACCESS-ESM1-5_ssp585_r1i1p1f1_gn_227101-228012.nc -> /maps/rt582/cmipper/.esgpull/data/CMIP6/ScenarioMIP/CSIRO/ACCESS-ESM1-5/ssp585/r1i1p1f1/Omon/arag/gn/v20210318/remapped/arag_Omon_ACCESS-ESM1-5_ssp585_r1i1p1f1_gn_227101-228012.nc
Remapped: /maps/rt582/cmipper/.esgpull/data/CMIP6/ScenarioMIP/CSIRO/ACCESS-ESM1-5/ssp585/r1i1p1f1/Omon/arag/gn/v20210318/arag_Omon_ACCESS-ESM1-5_ssp585_r1i1p1f1_gn_227101-228012.nc -> /maps/rt582/cmipper/.esgpull/data/CMIP6/ScenarioMIP/CSIRO/ACCESS-ESM1-5/ssp585/r1i1p1f1/Omon/arag/gn/v20210318/remapped/arag_Omon_ACCESS-ESM1-5_ssp585_r1i1p1f1_gn_227101-228012.nc
	Remapping /maps/rt582/cmipper/.esgpull/data/CMIP6/ScenarioMIP/CSIRO/ACCESS-ESM1-5/ssp585/r1i1p1f1/Omon/arag/gn/v20210318/arag_Omon_ACCESS-ESM1-5_ssp585_r1i1p1f1_gn_207501-208412.nc -> /maps/rt582/cmipper/.esgpull/data/CMIP6/ScenarioMIP/CSIRO/ACCESS-ESM1-5/ssp585/r1i1p1f1/Omon/arag/gn/v20210318/remapped/arag_Omon_ACCESS-ESM1-5_ssp585_r1i1p1f1_gn_207501-208412.nc
Remapped: /maps/rt582/cmipper/.esgpull/data/CMIP6/ScenarioMIP/CSIRO/ACCESS-ESM1-5/ssp585/r1i1p1f1/Omon/arag/gn/v20210318/arag_Omon_ACCESS-ESM1-5_ssp585_r1i1p1f1_gn_207501-208412.nc -> /maps/rt582/cmipper/.esgpull/data/CMIP6/ScenarioMIP/CSIRO/ACCESS-ESM1-5/ssp585/r1i1p1f1/Omon/arag/gn/v20210318/remapped/arag_Omon_ACCESS-ESM1-5_ssp585_r1i1p1f1_gn_207501-208412.nc
Scanning directory: /maps/rt582/cmipper/.esgpull/data/CMIP6/ScenarioMIP/CSIRO/ACCESS-ESM1-5/ssp585/r1i1p1f1/Omon/arag/gn/v20210318/remapped
Skipping directory (filepath contains remapped/processed): /maps/rt582/cmipper/.esgpull/data/CMIP6/ScenarioMIP/CSIRO/ACCESS-ESM1-5/ssp585/r1i1p1f1/Omon/arag/gn/v20210318/remapped
Scanning directory: /maps/rt582/cmipper/.esgpull/data/CMIP6/ScenarioMIP/CSIRO/ACCESS-ESM1-5/ssp585/r1i1p1f1/Omon/po4/gn/v20210318
	Remapping 7 files in /maps/rt582/cmipper/.esgpull/data/CMIP6/ScenarioMIP/CSIRO/ACCESS-ESM1-5/ssp585/r1i1p1f1/Omon/po4/gn/v20210318
	Remapping 7 files in /maps/rt582/cmipper/.esgpull/data/CMIP6/ScenarioMIP/CSIRO/ACCESS-ESM1-5/ssp585/r1i1p1f1/Omon/po4/gn/v20210318
	Remapping /maps/rt582/cmipper/.esgpull/data/CMIP6/ScenarioMIP/CSIRO/ACCESS-ESM1-5/ssp585/r1i1p1f1/Omon/po4/gn/v20210318/po4_Omon_ACCESS-ESM1-5_ssp585_r1i1p1f1_gn_214101-215012.nc -> /maps/rt582/cmipper/.esgpull/data/CMIP6/ScenarioMIP/CSIRO/ACCESS-ESM1-5/ssp585/r1i1p1f1/Omon/po4/gn/v20210318/remapped/po4_Omon_ACCESS-ESM1-5_ssp585_r1i1p1f1_gn_214101-215012.nc
Remapped: /maps/rt582/cmipper/.esgpull/data/CMIP6/ScenarioMIP/CSIRO/ACCESS-ESM1-5/ssp585/r1i1p1f1/Omon/po4/gn/v20210318/po4_Omon_ACCESS-ESM1-5_ssp585_r1i1p1f1_gn_214101-215012.nc -> /maps/rt582/cmipper/.esgpull/data/CMIP6/ScenarioMIP/CSIRO/ACCESS-ESM1-5/ssp585/r1i1p1f1/Omon/po4/gn/v20210318/remapped/po4_Omon_ACCESS-ESM1-5_ssp585_r1i1p1f1_gn_214101-215012.nc
	Remapping /maps/rt582/cmipper/.esgpull/data/CMIP6/ScenarioMIP/CSIRO/ACCESS-ESM1-5/ssp585/r1i1p1f1/Omon/po4/gn/v20210318/po4_Omon_ACCESS-ESM1-5_ssp585_r1i1p1f1_gn_219101-220012.nc -> /maps/rt582/cmipper/.esgpull/data/CMIP6/ScenarioMIP/CSIRO/ACCESS-ESM1-5/ssp585/r1i1p1f1/Omon/po4/gn/v20210318/remapped/po4_Omon_ACCESS-ESM1-5_ssp585_r1i1p1f1_gn_219101-220012.nc
Remapped: /maps/rt582/cmipper/.esgpull/data/CMIP6/ScenarioMIP/CSIRO/ACCESS-ESM1-5/ssp585/r1i1p1f1/Omon/po4/gn/v20210318/po4_Omon_ACCESS-ESM1-5_ssp585_r1i1p1f1_gn_219101-220012.nc -> /maps/rt582/cmipper/.esgpull/data/CMIP6/ScenarioMIP/CSIRO/ACCESS-ESM1-5/ssp585/r1i1p1f1/Omon/po4/gn/v20210318/remapped/po4_Omon_ACCESS-ESM1-5_ssp585_r1i1p1f1_gn_219101-220012.nc
	Remapping /maps/rt582/cmipper/.esgpull/data/CMIP6/ScenarioMIP/CSIRO/ACCESS-ESM1-5/ssp585/r1i1p1f1/Omon/po4/gn/v20210318/po4_Omon_ACCESS-ESM1-5_ssp585_r1i1p1f1_gn_226101-227012.nc -> /maps/rt582/cmipper/.esgpull/data/CMIP6/ScenarioMIP/CSIRO/ACCESS-ESM1-5/ssp585/r1i1p1f1/Omon/po4/gn/v20210318/remapped/po4_Omon_ACCESS-ESM1-5_ssp585_r1i1p1f1_gn_226101-227012.nc
Remapped: /maps/rt582/cmipper/.esgpull/data/CMIP6/ScenarioMIP/CSIRO/ACCESS-ESM1-5/ssp585/r1i1p1f1/Omon/po4/gn/v20210318/po4_Omon_ACCESS-ESM1-5_ssp585_r1i1p1f1_gn_226101-227012.nc -> /maps/rt582/cmipper/.esgpull/data/CMIP6/ScenarioMIP/CSIRO/ACCESS-ESM1-5/ssp585/r1i1p1f1/Omon/po4/gn/v20210318/remapped/po4_Omon_ACCESS-ESM1-5_ssp585_r1i1p1f1_gn_226101-227012.nc
	Remapping /maps/rt582/cmipper/.esgpull/data/CMIP6/ScenarioMIP/CSIRO/ACCESS-ESM1-5/ssp585/r1i1p1f1/Omon/po4/gn/v20210318/po4_Omon_ACCESS-ESM1-5_ssp585_r1i1p1f1_gn_216101-217012.nc -> /maps/rt582/cmipper/.esgpull/data/CMIP6/ScenarioMIP/CSIRO/ACCESS-ESM1-5/ssp585/r1i1p1f1/Omon/po4/gn/v20210318/remapped/po4_Omon_ACCESS-ESM1-5_ssp585_r1i1p1f1_gn_216101-217012.nc
Remapped: /maps/rt582/cmipper/.esgpull/data/CMIP6/ScenarioMIP/CSIRO/ACCESS-ESM1-5/ssp585/r1i1p1f1/Omon/po4/gn/v20210318/po4_Omon_ACCESS-ESM1-5_ssp585_r1i1p1f1_gn_216101-217012.nc -> /maps/rt582/cmipper/.esgpull/data/CMIP6/ScenarioMIP/CSIRO/ACCESS-ESM1-5/ssp585/r1i1p1f1/Omon/po4/gn/v20210318/remapped/po4_Omon_ACCESS-ESM1-5_ssp585_r1i1p1f1_gn_216101-217012.nc
	Remapping /maps/rt582/cmipper/.esgpull/data/CMIP6/ScenarioMIP/CSIRO/ACCESS-ESM1-5/ssp585/r1i1p1f1/Omon/po4/gn/v20210318/po4_Omon_ACCESS-ESM1-5_ssp585_r1i1p1f1_gn_207501-208412.nc -> /maps/rt582/cmipper/.esgpull/data/CMIP6/ScenarioMIP/CSIRO/ACCESS-ESM1-5/ssp585/r1i1p1f1/Omon/po4/gn/v20210318/remapped/po4_Omon_ACCESS-ESM1-5_ssp585_r1i1p1f1_gn_207501-208412.nc
Remapped: /maps/rt582/cmipper/.esgpull/data/CMIP6/ScenarioMIP/CSIRO/ACCESS-ESM1-5/ssp585/r1i1p1f1/Omon/po4/gn/v20210318/po4_Omon_ACCESS-ESM1-5_ssp585_r1i1p1f1_gn_207501-208412.nc -> /maps/rt582/cmipper/.esgpull/data/CMIP6/ScenarioMIP/CSIRO/ACCESS-ESM1-5/ssp585/r1i1p1f1/Omon/po4/gn/v20210318/remapped/po4_Omon_ACCESS-ESM1-5_ssp585_r1i1p1f1_gn_207501-208412.nc
	Remapping /maps/rt582/cmipper/.esgpull/data/CMIP6/ScenarioMIP/CSIRO/ACCESS-ESM1-5/ssp585/r1i1p1f1/Omon/po4/gn/v20210318/po4_Omon_ACCESS-ESM1-5_ssp585_r1i1p1f1_gn_223101-224012.nc -> /maps/rt582/cmipper/.esgpull/data/CMIP6/ScenarioMIP/CSIRO/ACCESS-ESM1-5/ssp585/r1i1p1f1/Omon/po4/gn/v20210318/remapped/po4_Omon_ACCESS-ESM1-5_ssp585_r1i1p1f1_gn_223101-224012.nc
Remapped: /maps/rt582/cmipper/.esgpull/data/CMIP6/ScenarioMIP/CSIRO/ACCESS-ESM1-5/ssp585/r1i1p1f1/Omon/po4/gn/v20210318/po4_Omon_ACCESS-ESM1-5_ssp585_r1i1p1f1_gn_223101-224012.nc -> /maps/rt582/cmipper/.esgpull/data/CMIP6/ScenarioMIP/CSIRO/ACCESS-ESM1-5/ssp585/r1i1p1f1/Omon/po4/gn/v20210318/remapped/po4_Omon_ACCESS-ESM1-5_ssp585_r1i1p1f1_gn_223101-224012.nc
	Remapping /maps/rt582/cmipper/.esgpull/data/CMIP6/ScenarioMIP/CSIRO/ACCESS-ESM1-5/ssp585/r1i1p1f1/Omon/po4/gn/v20210318/po4_Omon_ACCESS-ESM1-5_ssp585_r1i1p1f1_gn_215101-216012.nc -> /maps/rt582/cmipper/.esgpull/data/CMIP6/ScenarioMIP/CSIRO/ACCESS-ESM1-5/ssp585/r1i1p1f1/Omon/po4/gn/v20210318/remapped/po4_Omon_ACCESS-ESM1-5_ssp585_r1i1p1f1_gn_215101-216012.nc
Remapped: /maps/rt582/cmipper/.esgpull/data/CMIP6/ScenarioMIP/CSIRO/ACCESS-ESM1-5/ssp585/r1i1p1f1/Omon/po4/gn/v20210318/po4_Omon_ACCESS-ESM1-5_ssp585_r1i1p1f1_gn_215101-216012.nc -> /maps/rt582/cmipper/.esgpull/data/CMIP6/ScenarioMIP/CSIRO/ACCESS-ESM1-5/ssp585/r1i1p1f1/Omon/po4/gn/v20210318/remapped/po4_Omon_ACCESS-ESM1-5_ssp585_r1i1p1f1_gn_215101-216012.nc
Scanning directory: /maps/rt582/cmipper/.esgpull/data/CMIP6/ScenarioMIP/CSIRO/ACCESS-ESM1-5/ssp585/r1i1p1f1/Omon/po4/gn/v20210318/remapped
Skipping directory (filepath contains remapped/processed): /maps/rt582/cmipper/.esgpull/data/CMIP6/ScenarioMIP/CSIRO/ACCESS-ESM1-5/ssp585/r1i1p1f1/Omon/po4/gn/v20210318/remapped
Scanning directory: /maps/rt582/cmipper/.esgpull/data/CMIP6/ScenarioMIP/CSIRO/ACCESS-ESM1-5/ssp585/r1i1p1f1/Omon/no3/gn/v20210318
	Remapping 5 files in /maps/rt582/cmipper/.esgpull/data/CMIP6/ScenarioMIP/CSIRO/ACCESS-ESM1-5/ssp585/r1i1p1f1/Omon/no3/gn/v20210318
	Remapping 5 files in /maps/rt582/cmipper/.esgpull/data/CMIP6/ScenarioMIP/CSIRO/ACCESS-ESM1-5/ssp585/r1i1p1f1/Omon/no3/gn/v20210318
	Remapping /maps/rt582/cmipper/.esgpull/data/CMIP6/ScenarioMIP/CSIRO/ACCESS-ESM1-5/ssp585/r1i1p1f1/Omon/no3/gn/v20210318/no3_Omon_ACCESS-ESM1-5_ssp585_r1i1p1f1_gn_225101-226012.nc -> /maps/rt582/cmipper/.esgpull/data/CMIP6/ScenarioMIP/CSIRO/ACCESS-ESM1-5/ssp585/r1i1p1f1/Omon/no3/gn/v20210318/remapped/no3_Omon_ACCESS-ESM1-5_ssp585_r1i1p1f1_gn_225101-226012.nc
Remapped: /maps/rt582/cmipper/.esgpull/data/CMIP6/ScenarioMIP/CSIRO/ACCESS-ESM1-5/ssp585/r1i1p1f1/Omon/no3/gn/v20210318/no3_Omon_ACCESS-ESM1-5_ssp585_r1i1p1f1_gn_225101-226012.nc -> /maps/rt582/cmipper/.esgpull/data/CMIP6/ScenarioMIP/CSIRO/ACCESS-ESM1-5/ssp585/r1i1p1f1/Omon/no3/gn/v20210318/remapped/no3_Omon_ACCESS-ESM1-5_ssp585_r1i1p1f1_gn_225101-226012.nc
/maps/rt582/cmipper/.esgpull/data/CMIP6/ScenarioMIP/CSIRO/ACCESS-ESM1-5/ssp585/r1i1p1f1/Omon/no3/gn/v20210318/remapped/no3_Omon_ACCESS-ESM1-5_ssp585_r1i1p1f1_gn_217101-218012.nc already exists. Skipping...
	Remapping /maps/rt582/cmipper/.esgpull/data/CMIP6/ScenarioMIP/CSIRO/ACCESS-ESM1-5/ssp585/r1i1p1f1/Omon/no3/gn/v20210318/no3_Omon_ACCESS-ESM1-5_ssp585_r1i1p1f1_gn_229101-230012.nc -> /maps/rt582/cmipper/.esgpull/data/CMIP6/ScenarioMIP/CSIRO/ACCESS-ESM1-5/ssp585/r1i1p1f1/Omon/no3/gn/v20210318/remapped/no3_Omon_ACCESS-ESM1-5_ssp585_r1i1p1f1_gn_229101-230012.nc
Remapped: /maps/rt582/cmipper/.esgpull/data/CMIP6/ScenarioMIP/CSIRO/ACCESS-ESM1-5/ssp585/r1i1p1f1/Omon/no3/gn/v20210318/no3_Omon_ACCESS-ESM1-5_ssp585_r1i1p1f1_gn_229101-230012.nc -> /maps/rt582/cmipper/.esgpull/data/CMIP6/ScenarioMIP/CSIRO/ACCESS-ESM1-5/ssp585/r1i1p1f1/Omon/no3/gn/v20210318/remapped/no3_Omon_ACCESS-ESM1-5_ssp585_r1i1p1f1_gn_229101-230012.nc
	Remapping /maps/rt582/cmipper/.esgpull/data/CMIP6/ScenarioMIP/CSIRO/ACCESS-ESM1-5/ssp585/r1i1p1f1/Omon/no3/gn/v20210318/no3_Omon_ACCESS-ESM1-5_ssp585_r1i1p1f1_gn_215101-216012.nc -> /maps/rt582/cmipper/.esgpull/data/CMIP6/ScenarioMIP/CSIRO/ACCESS-ESM1-5/ssp585/r1i1p1f1/Omon/no3/gn/v20210318/remapped/no3_Omon_ACCESS-ESM1-5_ssp585_r1i1p1f1_gn_215101-216012.nc
Remapped: /maps/rt582/cmipper/.esgpull/data/CMIP6/ScenarioMIP/CSIRO/ACCESS-ESM1-5/ssp585/r1i1p1f1/Omon/no3/gn/v20210318/no3_Omon_ACCESS-ESM1-5_ssp585_r1i1p1f1_gn_215101-216012.nc -> /maps/rt582/cmipper/.esgpull/data/CMIP6/ScenarioMIP/CSIRO/ACCESS-ESM1-5/ssp585/r1i1p1f1/Omon/no3/gn/v20210318/remapped/no3_Omon_ACCESS-ESM1-5_ssp585_r1i1p1f1_gn_215101-216012.nc
	Remapping /maps/rt582/cmipper/.esgpull/data/CMIP6/ScenarioMIP/CSIRO/ACCESS-ESM1-5/ssp585/r1i1p1f1/Omon/no3/gn/v20210318/no3_Omon_ACCESS-ESM1-5_ssp585_r1i1p1f1_gn_223101-224012.nc -> /maps/rt582/cmipper/.esgpull/data/CMIP6/ScenarioMIP/CSIRO/ACCESS-ESM1-5/ssp585/r1i1p1f1/Omon/no3/gn/v20210318/remapped/no3_Omon_ACCESS-ESM1-5_ssp585_r1i1p1f1_gn_223101-224012.nc
Remapped: /maps/rt582/cmipper/.esgpull/data/CMIP6/ScenarioMIP/CSIRO/ACCESS-ESM1-5/ssp585/r1i1p1f1/Omon/no3/gn/v20210318/no3_Omon_ACCESS-ESM1-5_ssp585_r1i1p1f1_gn_223101-224012.nc -> /maps/rt582/cmipper/.esgpull/data/CMIP6/ScenarioMIP/CSIRO/ACCESS-ESM1-5/ssp585/r1i1p1f1/Omon/no3/gn/v20210318/remapped/no3_Omon_ACCESS-ESM1-5_ssp585_r1i1p1f1_gn_223101-224012.nc
Scanning directory: /maps/rt582/cmipper/.esgpull/data/CMIP6/ScenarioMIP/CSIRO/ACCESS-ESM1-5/ssp585/r1i1p1f1/Omon/no3/gn/v20210318/remapped
Skipping directory (filepath contains remapped/processed): /maps/rt582/cmipper/.esgpull/data/CMIP6/ScenarioMIP/CSIRO/ACCESS-ESM1-5/ssp585/r1i1p1f1/Omon/no3/gn/v20210318/remapped
Scanning directory: /maps/rt582/cmipper/.esgpull/data/CMIP6/ScenarioMIP/CSIRO/ACCESS-ESM1-5/ssp126/r1i1p1f1/Omon
No .nc files found in /maps/rt582/cmipper/.esgpull/data/CMIP6/ScenarioMIP/CSIRO/ACCESS-ESM1-5/ssp126/r1i1p1f1/Omon
Scanning directory: /maps/rt582/cmipper/.esgpull/data/CMIP6/ScenarioMIP/CSIRO/ACCESS-ESM1-5/ssp126/r1i1p1f1/Omon/po4
No .nc files found in /maps/rt582/cmipper/.esgpull/data/CMIP6/ScenarioMIP/CSIRO/ACCESS-ESM1-5/ssp126/r1i1p1f1/Omon/po4
Scanning directory: /maps/rt582/cmipper/.esgpull/data/CMIP6/ScenarioMIP/CSIRO/ACCESS-ESM1-5/ssp126/r1i1p1f1/Omon/no3
No .nc files found in /maps/rt582/cmipper/.esgpull/data/CMIP6/ScenarioMIP/CSIRO/ACCESS-ESM1-5/ssp126/r1i1p1f1/Omon/no3
Scanning directory: /maps/rt582/cmipper/.esgpull/data/CMIP6/ScenarioMIP/CSIRO/ACCESS-ESM1-5/ssp126/r1i1p1f1/Omon/arag
No .nc files found in /maps/rt582/cmipper/.esgpull/data/CMIP6/ScenarioMIP/CSIRO/ACCESS-ESM1-5/ssp126/r1i1p1f1/Omon/arag
Scanning directory: /maps/rt582/cmipper/.esgpull/data/CMIP6/ScenarioMIP/CSIRO/ACCESS-ESM1-5/ssp126/r1i1p1f1/Omon/po4/gn
No .nc files found in /maps/rt582/cmipper/.esgpull/data/CMIP6/ScenarioMIP/CSIRO/ACCESS-ESM1-5/ssp126/r1i1p1f1/Omon/po4/gn
Scanning directory: /maps/rt582/cmipper/.esgpull/data/CMIP6/ScenarioMIP/CSIRO/ACCESS-ESM1-5/ssp126/r1i1p1f1/Omon/no3/gn
No .nc files found in /maps/rt582/cmipper/.esgpull/data/CMIP6/ScenarioMIP/CSIRO/ACCESS-ESM1-5/ssp126/r1i1p1f1/Omon/no3/gn
Scanning directory: /maps/rt582/cmipper/.esgpull/data/CMIP6/ScenarioMIP/CSIRO/ACCESS-ESM1-5/ssp126/r1i1p1f1/Omon/arag/gn
No .nc files found in /maps/rt582/cmipper/.esgpull/data/CMIP6/ScenarioMIP/CSIRO/ACCESS-ESM1-5/ssp126/r1i1p1f1/Omon/arag/gn
Scanning directory: /maps/rt582/cmipper/.esgpull/data/CMIP6/ScenarioMIP/CSIRO/ACCESS-ESM1-5/ssp126/r1i1p1f1/Omon/po4/gn/v20210318
	Remapping 8 files in /maps/rt582/cmipper/.esgpull/data/CMIP6/ScenarioMIP/CSIRO/ACCESS-ESM1-5/ssp126/r1i1p1f1/Omon/po4/gn/v20210318
	Remapping 8 files in /maps/rt582/cmipper/.esgpull/data/CMIP6/ScenarioMIP/CSIRO/ACCESS-ESM1-5/ssp126/r1i1p1f1/Omon/po4/gn/v20210318
	Remapping /maps/rt582/cmipper/.esgpull/data/CMIP6/ScenarioMIP/CSIRO/ACCESS-ESM1-5/ssp126/r1i1p1f1/Omon/po4/gn/v20210318/po4_Omon_ACCESS-ESM1-5_ssp126_r1i1p1f1_gn_221101-222012.nc -> /maps/rt582/cmipper/.esgpull/data/CMIP6/ScenarioMIP/CSIRO/ACCESS-ESM1-5/ssp126/r1i1p1f1/Omon/po4/gn/v20210318/remapped/po4_Omon_ACCESS-ESM1-5_ssp126_r1i1p1f1_gn_221101-222012.nc
Remapped: /maps/rt582/cmipper/.esgpull/data/CMIP6/ScenarioMIP/CSIRO/ACCESS-ESM1-5/ssp126/r1i1p1f1/Omon/po4/gn/v20210318/po4_Omon_ACCESS-ESM1-5_ssp126_r1i1p1f1_gn_221101-222012.nc -> /maps/rt582/cmipper/.esgpull/data/CMIP6/ScenarioMIP/CSIRO/ACCESS-ESM1-5/ssp126/r1i1p1f1/Omon/po4/gn/v20210318/remapped/po4_Omon_ACCESS-ESM1-5_ssp126_r1i1p1f1_gn_221101-222012.nc
	Remapping /maps/rt582/cmipper/.esgpull/data/CMIP6/ScenarioMIP/CSIRO/ACCESS-ESM1-5/ssp126/r1i1p1f1/Omon/po4/gn/v20210318/po4_Omon_ACCESS-ESM1-5_ssp126_r1i1p1f1_gn_218101-219012.nc -> /maps/rt582/cmipper/.esgpull/data/CMIP6/ScenarioMIP/CSIRO/ACCESS-ESM1-5/ssp126/r1i1p1f1/Omon/po4/gn/v20210318/remapped/po4_Omon_ACCESS-ESM1-5_ssp126_r1i1p1f1_gn_218101-219012.nc
Remapped: /maps/rt582/cmipper/.esgpull/data/CMIP6/ScenarioMIP/CSIRO/ACCESS-ESM1-5/ssp126/r1i1p1f1/Omon/po4/gn/v20210318/po4_Omon_ACCESS-ESM1-5_ssp126_r1i1p1f1_gn_218101-219012.nc -> /maps/rt582/cmipper/.esgpull/data/CMIP6/ScenarioMIP/CSIRO/ACCESS-ESM1-5/ssp126/r1i1p1f1/Omon/po4/gn/v20210318/remapped/po4_Omon_ACCESS-ESM1-5_ssp126_r1i1p1f1_gn_218101-219012.nc
	Remapping /maps/rt582/cmipper/.esgpull/data/CMIP6/ScenarioMIP/CSIRO/ACCESS-ESM1-5/ssp126/r1i1p1f1/Omon/po4/gn/v20210318/po4_Omon_ACCESS-ESM1-5_ssp126_r1i1p1f1_gn_227101-228012.nc -> /maps/rt582/cmipper/.esgpull/data/CMIP6/ScenarioMIP/CSIRO/ACCESS-ESM1-5/ssp126/r1i1p1f1/Omon/po4/gn/v20210318/remapped/po4_Omon_ACCESS-ESM1-5_ssp126_r1i1p1f1_gn_227101-228012.nc
Remapped: /maps/rt582/cmipper/.esgpull/data/CMIP6/ScenarioMIP/CSIRO/ACCESS-ESM1-5/ssp126/r1i1p1f1/Omon/po4/gn/v20210318/po4_Omon_ACCESS-ESM1-5_ssp126_r1i1p1f1_gn_227101-228012.nc -> /maps/rt582/cmipper/.esgpull/data/CMIP6/ScenarioMIP/CSIRO/ACCESS-ESM1-5/ssp126/r1i1p1f1/Omon/po4/gn/v20210318/remapped/po4_Omon_ACCESS-ESM1-5_ssp126_r1i1p1f1_gn_227101-228012.nc
	Remapping /maps/rt582/cmipper/.esgpull/data/CMIP6/ScenarioMIP/CSIRO/ACCESS-ESM1-5/ssp126/r1i1p1f1/Omon/po4/gn/v20210318/po4_Omon_ACCESS-ESM1-5_ssp126_r1i1p1f1_gn_224101-225012.nc -> /maps/rt582/cmipper/.esgpull/data/CMIP6/ScenarioMIP/CSIRO/ACCESS-ESM1-5/ssp126/r1i1p1f1/Omon/po4/gn/v20210318/remapped/po4_Omon_ACCESS-ESM1-5_ssp126_r1i1p1f1_gn_224101-225012.nc
Remapped: /maps/rt582/cmipper/.esgpull/data/CMIP6/ScenarioMIP/CSIRO/ACCESS-ESM1-5/ssp126/r1i1p1f1/Omon/po4/gn/v20210318/po4_Omon_ACCESS-ESM1-5_ssp126_r1i1p1f1_gn_224101-225012.nc -> /maps/rt582/cmipper/.esgpull/data/CMIP6/ScenarioMIP/CSIRO/ACCESS-ESM1-5/ssp126/r1i1p1f1/Omon/po4/gn/v20210318/remapped/po4_Omon_ACCESS-ESM1-5_ssp126_r1i1p1f1_gn_224101-225012.nc
	Remapping /maps/rt582/cmipper/.esgpull/data/CMIP6/ScenarioMIP/CSIRO/ACCESS-ESM1-5/ssp126/r1i1p1f1/Omon/po4/gn/v20210318/po4_Omon_ACCESS-ESM1-5_ssp126_r1i1p1f1_gn_215101-216012.nc -> /maps/rt582/cmipper/.esgpull/data/CMIP6/ScenarioMIP/CSIRO/ACCESS-ESM1-5/ssp126/r1i1p1f1/Omon/po4/gn/v20210318/remapped/po4_Omon_ACCESS-ESM1-5_ssp126_r1i1p1f1_gn_215101-216012.nc
Remapped: /maps/rt582/cmipper/.esgpull/data/CMIP6/ScenarioMIP/CSIRO/ACCESS-ESM1-5/ssp126/r1i1p1f1/Omon/po4/gn/v20210318/po4_Omon_ACCESS-ESM1-5_ssp126_r1i1p1f1_gn_215101-216012.nc -> /maps/rt582/cmipper/.esgpull/data/CMIP6/ScenarioMIP/CSIRO/ACCESS-ESM1-5/ssp126/r1i1p1f1/Omon/po4/gn/v20210318/remapped/po4_Omon_ACCESS-ESM1-5_ssp126_r1i1p1f1_gn_215101-216012.nc
	Remapping /maps/rt582/cmipper/.esgpull/data/CMIP6/ScenarioMIP/CSIRO/ACCESS-ESM1-5/ssp126/r1i1p1f1/Omon/po4/gn/v20210318/po4_Omon_ACCESS-ESM1-5_ssp126_r1i1p1f1_gn_225101-226012.nc -> /maps/rt582/cmipper/.esgpull/data/CMIP6/ScenarioMIP/CSIRO/ACCESS-ESM1-5/ssp126/r1i1p1f1/Omon/po4/gn/v20210318/remapped/po4_Omon_ACCESS-ESM1-5_ssp126_r1i1p1f1_gn_225101-226012.nc
Remapped: /maps/rt582/cmipper/.esgpull/data/CMIP6/ScenarioMIP/CSIRO/ACCESS-ESM1-5/ssp126/r1i1p1f1/Omon/po4/gn/v20210318/po4_Omon_ACCESS-ESM1-5_ssp126_r1i1p1f1_gn_225101-226012.nc -> /maps/rt582/cmipper/.esgpull/data/CMIP6/ScenarioMIP/CSIRO/ACCESS-ESM1-5/ssp126/r1i1p1f1/Omon/po4/gn/v20210318/remapped/po4_Omon_ACCESS-ESM1-5_ssp126_r1i1p1f1_gn_225101-226012.nc
	Remapping /maps/rt582/cmipper/.esgpull/data/CMIP6/ScenarioMIP/CSIRO/ACCESS-ESM1-5/ssp126/r1i1p1f1/Omon/po4/gn/v20210318/po4_Omon_ACCESS-ESM1-5_ssp126_r1i1p1f1_gn_213101-214012.nc -> /maps/rt582/cmipper/.esgpull/data/CMIP6/ScenarioMIP/CSIRO/ACCESS-ESM1-5/ssp126/r1i1p1f1/Omon/po4/gn/v20210318/remapped/po4_Omon_ACCESS-ESM1-5_ssp126_r1i1p1f1_gn_213101-214012.nc
Remapped: /maps/rt582/cmipper/.esgpull/data/CMIP6/ScenarioMIP/CSIRO/ACCESS-ESM1-5/ssp126/r1i1p1f1/Omon/po4/gn/v20210318/po4_Omon_ACCESS-ESM1-5_ssp126_r1i1p1f1_gn_213101-214012.nc -> /maps/rt582/cmipper/.esgpull/data/CMIP6/ScenarioMIP/CSIRO/ACCESS-ESM1-5/ssp126/r1i1p1f1/Omon/po4/gn/v20210318/remapped/po4_Omon_ACCESS-ESM1-5_ssp126_r1i1p1f1_gn_213101-214012.nc
	Remapping /maps/rt582/cmipper/.esgpull/data/CMIP6/ScenarioMIP/CSIRO/ACCESS-ESM1-5/ssp126/r1i1p1f1/Omon/po4/gn/v20210318/po4_Omon_ACCESS-ESM1-5_ssp126_r1i1p1f1_gn_217101-218012.nc -> /maps/rt582/cmipper/.esgpull/data/CMIP6/ScenarioMIP/CSIRO/ACCESS-ESM1-5/ssp126/r1i1p1f1/Omon/po4/gn/v20210318/remapped/po4_Omon_ACCESS-ESM1-5_ssp126_r1i1p1f1_gn_217101-218012.nc
Remapped: /maps/rt582/cmipper/.esgpull/data/CMIP6/ScenarioMIP/CSIRO/ACCESS-ESM1-5/ssp126/r1i1p1f1/Omon/po4/gn/v20210318/po4_Omon_ACCESS-ESM1-5_ssp126_r1i1p1f1_gn_217101-218012.nc -> /maps/rt582/cmipper/.esgpull/data/CMIP6/ScenarioMIP/CSIRO/ACCESS-ESM1-5/ssp126/r1i1p1f1/Omon/po4/gn/v20210318/remapped/po4_Omon_ACCESS-ESM1-5_ssp126_r1i1p1f1_gn_217101-218012.nc
Scanning directory: /maps/rt582/cmipper/.esgpull/data/CMIP6/ScenarioMIP/CSIRO/ACCESS-ESM1-5/ssp126/r1i1p1f1/Omon/po4/gn/v20210318/remapped
Skipping directory (filepath contains remapped/processed): /maps/rt582/cmipper/.esgpull/data/CMIP6/ScenarioMIP/CSIRO/ACCESS-ESM1-5/ssp126/r1i1p1f1/Omon/po4/gn/v20210318/remapped
Scanning directory: /maps/rt582/cmipper/.esgpull/data/CMIP6/ScenarioMIP/CSIRO/ACCESS-ESM1-5/ssp126/r1i1p1f1/Omon/no3/gn/v20210318
	Remapping 10 files in /maps/rt582/cmipper/.esgpull/data/CMIP6/ScenarioMIP/CSIRO/ACCESS-ESM1-5/ssp126/r1i1p1f1/Omon/no3/gn/v20210318
	Remapping 10 files in /maps/rt582/cmipper/.esgpull/data/CMIP6/ScenarioMIP/CSIRO/ACCESS-ESM1-5/ssp126/r1i1p1f1/Omon/no3/gn/v20210318
	Remapping /maps/rt582/cmipper/.esgpull/data/CMIP6/ScenarioMIP/CSIRO/ACCESS-ESM1-5/ssp126/r1i1p1f1/Omon/no3/gn/v20210318/no3_Omon_ACCESS-ESM1-5_ssp126_r1i1p1f1_gn_214101-215012.nc -> /maps/rt582/cmipper/.esgpull/data/CMIP6/ScenarioMIP/CSIRO/ACCESS-ESM1-5/ssp126/r1i1p1f1/Omon/no3/gn/v20210318/remapped/no3_Omon_ACCESS-ESM1-5_ssp126_r1i1p1f1_gn_214101-215012.nc
Remapped: /maps/rt582/cmipper/.esgpull/data/CMIP6/ScenarioMIP/CSIRO/ACCESS-ESM1-5/ssp126/r1i1p1f1/Omon/no3/gn/v20210318/no3_Omon_ACCESS-ESM1-5_ssp126_r1i1p1f1_gn_214101-215012.nc -> /maps/rt582/cmipper/.esgpull/data/CMIP6/ScenarioMIP/CSIRO/ACCESS-ESM1-5/ssp126/r1i1p1f1/Omon/no3/gn/v20210318/remapped/no3_Omon_ACCESS-ESM1-5_ssp126_r1i1p1f1_gn_214101-215012.nc
	Remapping /maps/rt582/cmipper/.esgpull/data/CMIP6/ScenarioMIP/CSIRO/ACCESS-ESM1-5/ssp126/r1i1p1f1/Omon/no3/gn/v20210318/no3_Omon_ACCESS-ESM1-5_ssp126_r1i1p1f1_gn_217101-218012.nc -> /maps/rt582/cmipper/.esgpull/data/CMIP6/ScenarioMIP/CSIRO/ACCESS-ESM1-5/ssp126/r1i1p1f1/Omon/no3/gn/v20210318/remapped/no3_Omon_ACCESS-ESM1-5_ssp126_r1i1p1f1_gn_217101-218012.nc
Remapped: /maps/rt582/cmipper/.esgpull/data/CMIP6/ScenarioMIP/CSIRO/ACCESS-ESM1-5/ssp126/r1i1p1f1/Omon/no3/gn/v20210318/no3_Omon_ACCESS-ESM1-5_ssp126_r1i1p1f1_gn_217101-218012.nc -> /maps/rt582/cmipper/.esgpull/data/CMIP6/ScenarioMIP/CSIRO/ACCESS-ESM1-5/ssp126/r1i1p1f1/Omon/no3/gn/v20210318/remapped/no3_Omon_ACCESS-ESM1-5_ssp126_r1i1p1f1_gn_217101-218012.nc
	Remapping /maps/rt582/cmipper/.esgpull/data/CMIP6/ScenarioMIP/CSIRO/ACCESS-ESM1-5/ssp126/r1i1p1f1/Omon/no3/gn/v20210318/no3_Omon_ACCESS-ESM1-5_ssp126_r1i1p1f1_gn_228101-229012.nc -> /maps/rt582/cmipper/.esgpull/data/CMIP6/ScenarioMIP/CSIRO/ACCESS-ESM1-5/ssp126/r1i1p1f1/Omon/no3/gn/v20210318/remapped/no3_Omon_ACCESS-ESM1-5_ssp126_r1i1p1f1_gn_228101-229012.nc
Remapped: /maps/rt582/cmipper/.esgpull/data/CMIP6/ScenarioMIP/CSIRO/ACCESS-ESM1-5/ssp126/r1i1p1f1/Omon/no3/gn/v20210318/no3_Omon_ACCESS-ESM1-5_ssp126_r1i1p1f1_gn_228101-229012.nc -> /maps/rt582/cmipper/.esgpull/data/CMIP6/ScenarioMIP/CSIRO/ACCESS-ESM1-5/ssp126/r1i1p1f1/Omon/no3/gn/v20210318/remapped/no3_Omon_ACCESS-ESM1-5_ssp126_r1i1p1f1_gn_228101-229012.nc
	Remapping /maps/rt582/cmipper/.esgpull/data/CMIP6/ScenarioMIP/CSIRO/ACCESS-ESM1-5/ssp126/r1i1p1f1/Omon/no3/gn/v20210318/no3_Omon_ACCESS-ESM1-5_ssp126_r1i1p1f1_gn_218101-219012.nc -> /maps/rt582/cmipper/.esgpull/data/CMIP6/ScenarioMIP/CSIRO/ACCESS-ESM1-5/ssp126/r1i1p1f1/Omon/no3/gn/v20210318/remapped/no3_Omon_ACCESS-ESM1-5_ssp126_r1i1p1f1_gn_218101-219012.nc
Remapped: /maps/rt582/cmipper/.esgpull/data/CMIP6/ScenarioMIP/CSIRO/ACCESS-ESM1-5/ssp126/r1i1p1f1/Omon/no3/gn/v20210318/no3_Omon_ACCESS-ESM1-5_ssp126_r1i1p1f1_gn_218101-219012.nc -> /maps/rt582/cmipper/.esgpull/data/CMIP6/ScenarioMIP/CSIRO/ACCESS-ESM1-5/ssp126/r1i1p1f1/Omon/no3/gn/v20210318/remapped/no3_Omon_ACCESS-ESM1-5_ssp126_r1i1p1f1_gn_218101-219012.nc
	Remapping /maps/rt582/cmipper/.esgpull/data/CMIP6/ScenarioMIP/CSIRO/ACCESS-ESM1-5/ssp126/r1i1p1f1/Omon/no3/gn/v20210318/no3_Omon_ACCESS-ESM1-5_ssp126_r1i1p1f1_gn_223101-224012.nc -> /maps/rt582/cmipper/.esgpull/data/CMIP6/ScenarioMIP/CSIRO/ACCESS-ESM1-5/ssp126/r1i1p1f1/Omon/no3/gn/v20210318/remapped/no3_Omon_ACCESS-ESM1-5_ssp126_r1i1p1f1_gn_223101-224012.nc
Remapped: /maps/rt582/cmipper/.esgpull/data/CMIP6/ScenarioMIP/CSIRO/ACCESS-ESM1-5/ssp126/r1i1p1f1/Omon/no3/gn/v20210318/no3_Omon_ACCESS-ESM1-5_ssp126_r1i1p1f1_gn_223101-224012.nc -> /maps/rt582/cmipper/.esgpull/data/CMIP6/ScenarioMIP/CSIRO/ACCESS-ESM1-5/ssp126/r1i1p1f1/Omon/no3/gn/v20210318/remapped/no3_Omon_ACCESS-ESM1-5_ssp126_r1i1p1f1_gn_223101-224012.nc
	Remapping /maps/rt582/cmipper/.esgpull/data/CMIP6/ScenarioMIP/CSIRO/ACCESS-ESM1-5/ssp126/r1i1p1f1/Omon/no3/gn/v20210318/no3_Omon_ACCESS-ESM1-5_ssp126_r1i1p1f1_gn_215101-216012.nc -> /maps/rt582/cmipper/.esgpull/data/CMIP6/ScenarioMIP/CSIRO/ACCESS-ESM1-5/ssp126/r1i1p1f1/Omon/no3/gn/v20210318/remapped/no3_Omon_ACCESS-ESM1-5_ssp126_r1i1p1f1_gn_215101-216012.nc
Remapped: /maps/rt582/cmipper/.esgpull/data/CMIP6/ScenarioMIP/CSIRO/ACCESS-ESM1-5/ssp126/r1i1p1f1/Omon/no3/gn/v20210318/no3_Omon_ACCESS-ESM1-5_ssp126_r1i1p1f1_gn_215101-216012.nc -> /maps/rt582/cmipper/.esgpull/data/CMIP6/ScenarioMIP/CSIRO/ACCESS-ESM1-5/ssp126/r1i1p1f1/Omon/no3/gn/v20210318/remapped/no3_Omon_ACCESS-ESM1-5_ssp126_r1i1p1f1_gn_215101-216012.nc
	Remapping /maps/rt582/cmipper/.esgpull/data/CMIP6/ScenarioMIP/CSIRO/ACCESS-ESM1-5/ssp126/r1i1p1f1/Omon/no3/gn/v20210318/no3_Omon_ACCESS-ESM1-5_ssp126_r1i1p1f1_gn_204501-205412.nc -> /maps/rt582/cmipper/.esgpull/data/CMIP6/ScenarioMIP/CSIRO/ACCESS-ESM1-5/ssp126/r1i1p1f1/Omon/no3/gn/v20210318/remapped/no3_Omon_ACCESS-ESM1-5_ssp126_r1i1p1f1_gn_204501-205412.nc
Remapped: /maps/rt582/cmipper/.esgpull/data/CMIP6/ScenarioMIP/CSIRO/ACCESS-ESM1-5/ssp126/r1i1p1f1/Omon/no3/gn/v20210318/no3_Omon_ACCESS-ESM1-5_ssp126_r1i1p1f1_gn_204501-205412.nc -> /maps/rt582/cmipper/.esgpull/data/CMIP6/ScenarioMIP/CSIRO/ACCESS-ESM1-5/ssp126/r1i1p1f1/Omon/no3/gn/v20210318/remapped/no3_Omon_ACCESS-ESM1-5_ssp126_r1i1p1f1_gn_204501-205412.nc
	Remapping /maps/rt582/cmipper/.esgpull/data/CMIP6/ScenarioMIP/CSIRO/ACCESS-ESM1-5/ssp126/r1i1p1f1/Omon/no3/gn/v20210318/no3_Omon_ACCESS-ESM1-5_ssp126_r1i1p1f1_gn_222101-223012.nc -> /maps/rt582/cmipper/.esgpull/data/CMIP6/ScenarioMIP/CSIRO/ACCESS-ESM1-5/ssp126/r1i1p1f1/Omon/no3/gn/v20210318/remapped/no3_Omon_ACCESS-ESM1-5_ssp126_r1i1p1f1_gn_222101-223012.nc
Remapped: /maps/rt582/cmipper/.esgpull/data/CMIP6/ScenarioMIP/CSIRO/ACCESS-ESM1-5/ssp126/r1i1p1f1/Omon/no3/gn/v20210318/no3_Omon_ACCESS-ESM1-5_ssp126_r1i1p1f1_gn_222101-223012.nc -> /maps/rt582/cmipper/.esgpull/data/CMIP6/ScenarioMIP/CSIRO/ACCESS-ESM1-5/ssp126/r1i1p1f1/Omon/no3/gn/v20210318/remapped/no3_Omon_ACCESS-ESM1-5_ssp126_r1i1p1f1_gn_222101-223012.nc
	Remapping /maps/rt582/cmipper/.esgpull/data/CMIP6/ScenarioMIP/CSIRO/ACCESS-ESM1-5/ssp126/r1i1p1f1/Omon/no3/gn/v20210318/no3_Omon_ACCESS-ESM1-5_ssp126_r1i1p1f1_gn_221101-222012.nc -> /maps/rt582/cmipper/.esgpull/data/CMIP6/ScenarioMIP/CSIRO/ACCESS-ESM1-5/ssp126/r1i1p1f1/Omon/no3/gn/v20210318/remapped/no3_Omon_ACCESS-ESM1-5_ssp126_r1i1p1f1_gn_221101-222012.nc
Remapped: /maps/rt582/cmipper/.esgpull/data/CMIP6/ScenarioMIP/CSIRO/ACCESS-ESM1-5/ssp126/r1i1p1f1/Omon/no3/gn/v20210318/no3_Omon_ACCESS-ESM1-5_ssp126_r1i1p1f1_gn_221101-222012.nc -> /maps/rt582/cmipper/.esgpull/data/CMIP6/ScenarioMIP/CSIRO/ACCESS-ESM1-5/ssp126/r1i1p1f1/Omon/no3/gn/v20210318/remapped/no3_Omon_ACCESS-ESM1-5_ssp126_r1i1p1f1_gn_221101-222012.nc
/maps/rt582/cmipper/.esgpull/data/CMIP6/ScenarioMIP/CSIRO/ACCESS-ESM1-5/ssp126/r1i1p1f1/Omon/no3/gn/v20210318/remapped/no3_Omon_ACCESS-ESM1-5_ssp126_r1i1p1f1_gn_220101-221012.nc already exists. Skipping...
Scanning directory: /maps/rt582/cmipper/.esgpull/data/CMIP6/ScenarioMIP/CSIRO/ACCESS-ESM1-5/ssp126/r1i1p1f1/Omon/no3/gn/v20210318/remapped
Skipping directory (filepath contains remapped/processed): /maps/rt582/cmipper/.esgpull/data/CMIP6/ScenarioMIP/CSIRO/ACCESS-ESM1-5/ssp126/r1i1p1f1/Omon/no3/gn/v20210318/remapped
Scanning directory: /maps/rt582/cmipper/.esgpull/data/CMIP6/ScenarioMIP/CSIRO/ACCESS-ESM1-5/ssp126/r1i1p1f1/Omon/arag/gn/v20210318
	Remapping 5 files in /maps/rt582/cmipper/.esgpull/data/CMIP6/ScenarioMIP/CSIRO/ACCESS-ESM1-5/ssp126/r1i1p1f1/Omon/arag/gn/v20210318
	Remapping 5 files in /maps/rt582/cmipper/.esgpull/data/CMIP6/ScenarioMIP/CSIRO/ACCESS-ESM1-5/ssp126/r1i1p1f1/Omon/arag/gn/v20210318
	Remapping /maps/rt582/cmipper/.esgpull/data/CMIP6/ScenarioMIP/CSIRO/ACCESS-ESM1-5/ssp126/r1i1p1f1/Omon/arag/gn/v20210318/arag_Omon_ACCESS-ESM1-5_ssp126_r1i1p1f1_gn_226101-227012.nc -> /maps/rt582/cmipper/.esgpull/data/CMIP6/ScenarioMIP/CSIRO/ACCESS-ESM1-5/ssp126/r1i1p1f1/Omon/arag/gn/v20210318/remapped/arag_Omon_ACCESS-ESM1-5_ssp126_r1i1p1f1_gn_226101-227012.nc
Remapped: /maps/rt582/cmipper/.esgpull/data/CMIP6/ScenarioMIP/CSIRO/ACCESS-ESM1-5/ssp126/r1i1p1f1/Omon/arag/gn/v20210318/arag_Omon_ACCESS-ESM1-5_ssp126_r1i1p1f1_gn_226101-227012.nc -> /maps/rt582/cmipper/.esgpull/data/CMIP6/ScenarioMIP/CSIRO/ACCESS-ESM1-5/ssp126/r1i1p1f1/Omon/arag/gn/v20210318/remapped/arag_Omon_ACCESS-ESM1-5_ssp126_r1i1p1f1_gn_226101-227012.nc
	Remapping /maps/rt582/cmipper/.esgpull/data/CMIP6/ScenarioMIP/CSIRO/ACCESS-ESM1-5/ssp126/r1i1p1f1/Omon/arag/gn/v20210318/arag_Omon_ACCESS-ESM1-5_ssp126_r1i1p1f1_gn_228101-229012.nc -> /maps/rt582/cmipper/.esgpull/data/CMIP6/ScenarioMIP/CSIRO/ACCESS-ESM1-5/ssp126/r1i1p1f1/Omon/arag/gn/v20210318/remapped/arag_Omon_ACCESS-ESM1-5_ssp126_r1i1p1f1_gn_228101-229012.nc
Remapped: /maps/rt582/cmipper/.esgpull/data/CMIP6/ScenarioMIP/CSIRO/ACCESS-ESM1-5/ssp126/r1i1p1f1/Omon/arag/gn/v20210318/arag_Omon_ACCESS-ESM1-5_ssp126_r1i1p1f1_gn_228101-229012.nc -> /maps/rt582/cmipper/.esgpull/data/CMIP6/ScenarioMIP/CSIRO/ACCESS-ESM1-5/ssp126/r1i1p1f1/Omon/arag/gn/v20210318/remapped/arag_Omon_ACCESS-ESM1-5_ssp126_r1i1p1f1_gn_228101-229012.nc
	Remapping /maps/rt582/cmipper/.esgpull/data/CMIP6/ScenarioMIP/CSIRO/ACCESS-ESM1-5/ssp126/r1i1p1f1/Omon/arag/gn/v20210318/arag_Omon_ACCESS-ESM1-5_ssp126_r1i1p1f1_gn_227101-228012.nc -> /maps/rt582/cmipper/.esgpull/data/CMIP6/ScenarioMIP/CSIRO/ACCESS-ESM1-5/ssp126/r1i1p1f1/Omon/arag/gn/v20210318/remapped/arag_Omon_ACCESS-ESM1-5_ssp126_r1i1p1f1_gn_227101-228012.nc
Remapped: /maps/rt582/cmipper/.esgpull/data/CMIP6/ScenarioMIP/CSIRO/ACCESS-ESM1-5/ssp126/r1i1p1f1/Omon/arag/gn/v20210318/arag_Omon_ACCESS-ESM1-5_ssp126_r1i1p1f1_gn_227101-228012.nc -> /maps/rt582/cmipper/.esgpull/data/CMIP6/ScenarioMIP/CSIRO/ACCESS-ESM1-5/ssp126/r1i1p1f1/Omon/arag/gn/v20210318/remapped/arag_Omon_ACCESS-ESM1-5_ssp126_r1i1p1f1_gn_227101-228012.nc
	Remapping /maps/rt582/cmipper/.esgpull/data/CMIP6/ScenarioMIP/CSIRO/ACCESS-ESM1-5/ssp126/r1i1p1f1/Omon/arag/gn/v20210318/arag_Omon_ACCESS-ESM1-5_ssp126_r1i1p1f1_gn_229101-230012.nc -> /maps/rt582/cmipper/.esgpull/data/CMIP6/ScenarioMIP/CSIRO/ACCESS-ESM1-5/ssp126/r1i1p1f1/Omon/arag/gn/v20210318/remapped/arag_Omon_ACCESS-ESM1-5_ssp126_r1i1p1f1_gn_229101-230012.nc
Remapped: /maps/rt582/cmipper/.esgpull/data/CMIP6/ScenarioMIP/CSIRO/ACCESS-ESM1-5/ssp126/r1i1p1f1/Omon/arag/gn/v20210318/arag_Omon_ACCESS-ESM1-5_ssp126_r1i1p1f1_gn_229101-230012.nc -> /maps/rt582/cmipper/.esgpull/data/CMIP6/ScenarioMIP/CSIRO/ACCESS-ESM1-5/ssp126/r1i1p1f1/Omon/arag/gn/v20210318/remapped/arag_Omon_ACCESS-ESM1-5_ssp126_r1i1p1f1_gn_229101-230012.nc
	Remapping /maps/rt582/cmipper/.esgpull/data/CMIP6/ScenarioMIP/CSIRO/ACCESS-ESM1-5/ssp126/r1i1p1f1/Omon/arag/gn/v20210318/arag_Omon_ACCESS-ESM1-5_ssp126_r1i1p1f1_gn_216101-217012.nc -> /maps/rt582/cmipper/.esgpull/data/CMIP6/ScenarioMIP/CSIRO/ACCESS-ESM1-5/ssp126/r1i1p1f1/Omon/arag/gn/v20210318/remapped/arag_Omon_ACCESS-ESM1-5_ssp126_r1i1p1f1_gn_216101-217012.nc
Remapped: /maps/rt582/cmipper/.esgpull/data/CMIP6/ScenarioMIP/CSIRO/ACCESS-ESM1-5/ssp126/r1i1p1f1/Omon/arag/gn/v20210318/arag_Omon_ACCESS-ESM1-5_ssp126_r1i1p1f1_gn_216101-217012.nc -> /maps/rt582/cmipper/.esgpull/data/CMIP6/ScenarioMIP/CSIRO/ACCESS-ESM1-5/ssp126/r1i1p1f1/Omon/arag/gn/v20210318/remapped/arag_Omon_ACCESS-ESM1-5_ssp126_r1i1p1f1_gn_216101-217012.nc
Scanning directory: /maps/rt582/cmipper/.esgpull/data/CMIP6/ScenarioMIP/CSIRO/ACCESS-ESM1-5/ssp126/r1i1p1f1/Omon/arag/gn/v20210318/remapped
Skipping directory (filepath contains remapped/processed): /maps/rt582/cmipper/.esgpull/data/CMIP6/ScenarioMIP/CSIRO/ACCESS-ESM1-5/ssp126/r1i1p1f1/Omon/arag/gn/v20210318/remapped
Scanning directory: /maps/rt582/cmipper/.esgpull/data/CMIP6/ScenarioMIP/CSIRO/ACCESS-ESM1-5/ssp370/r1i1p1f1/Omon
No .nc files found in /maps/rt582/cmipper/.esgpull/data/CMIP6/ScenarioMIP/CSIRO/ACCESS-ESM1-5/ssp370/r1i1p1f1/Omon
Scanning directory: /maps/rt582/cmipper/.esgpull/data/CMIP6/ScenarioMIP/CSIRO/ACCESS-ESM1-5/ssp370/r1i1p1f1/Omon/po4
No .nc files found in /maps/rt582/cmipper/.esgpull/data/CMIP6/ScenarioMIP/CSIRO/ACCESS-ESM1-5/ssp370/r1i1p1f1/Omon/po4
Scanning directory: /maps/rt582/cmipper/.esgpull/data/CMIP6/ScenarioMIP/CSIRO/ACCESS-ESM1-5/ssp370/r1i1p1f1/Omon/no3
No .nc files found in /maps/rt582/cmipper/.esgpull/data/CMIP6/ScenarioMIP/CSIRO/ACCESS-ESM1-5/ssp370/r1i1p1f1/Omon/no3
Scanning directory: /maps/rt582/cmipper/.esgpull/data/CMIP6/ScenarioMIP/CSIRO/ACCESS-ESM1-5/ssp370/r1i1p1f1/Omon/arag
No .nc files found in /maps/rt582/cmipper/.esgpull/data/CMIP6/ScenarioMIP/CSIRO/ACCESS-ESM1-5/ssp370/r1i1p1f1/Omon/arag
Scanning directory: /maps/rt582/cmipper/.esgpull/data/CMIP6/ScenarioMIP/CSIRO/ACCESS-ESM1-5/ssp370/r1i1p1f1/Omon/po4/gn
No .nc files found in /maps/rt582/cmipper/.esgpull/data/CMIP6/ScenarioMIP/CSIRO/ACCESS-ESM1-5/ssp370/r1i1p1f1/Omon/po4/gn
Scanning directory: /maps/rt582/cmipper/.esgpull/data/CMIP6/ScenarioMIP/CSIRO/ACCESS-ESM1-5/ssp370/r1i1p1f1/Omon/no3/gn
No .nc files found in /maps/rt582/cmipper/.esgpull/data/CMIP6/ScenarioMIP/CSIRO/ACCESS-ESM1-5/ssp370/r1i1p1f1/Omon/no3/gn
Scanning directory: /maps/rt582/cmipper/.esgpull/data/CMIP6/ScenarioMIP/CSIRO/ACCESS-ESM1-5/ssp370/r1i1p1f1/Omon/arag/gn
No .nc files found in /maps/rt582/cmipper/.esgpull/data/CMIP6/ScenarioMIP/CSIRO/ACCESS-ESM1-5/ssp370/r1i1p1f1/Omon/arag/gn
Scanning directory: /maps/rt582/cmipper/.esgpull/data/CMIP6/ScenarioMIP/CSIRO/ACCESS-ESM1-5/ssp370/r1i1p1f1/Omon/po4/gn/v20191115
	Remapping 2 files in /maps/rt582/cmipper/.esgpull/data/CMIP6/ScenarioMIP/CSIRO/ACCESS-ESM1-5/ssp370/r1i1p1f1/Omon/po4/gn/v20191115
	Remapping 2 files in /maps/rt582/cmipper/.esgpull/data/CMIP6/ScenarioMIP/CSIRO/ACCESS-ESM1-5/ssp370/r1i1p1f1/Omon/po4/gn/v20191115
	Remapping /maps/rt582/cmipper/.esgpull/data/CMIP6/ScenarioMIP/CSIRO/ACCESS-ESM1-5/ssp370/r1i1p1f1/Omon/po4/gn/v20191115/po4_Omon_ACCESS-ESM1-5_ssp370_r1i1p1f1_gn_208501-209412.nc -> /maps/rt582/cmipper/.esgpull/data/CMIP6/ScenarioMIP/CSIRO/ACCESS-ESM1-5/ssp370/r1i1p1f1/Omon/po4/gn/v20191115/remapped/po4_Omon_ACCESS-ESM1-5_ssp370_r1i1p1f1_gn_208501-209412.nc
Remapped: /maps/rt582/cmipper/.esgpull/data/CMIP6/ScenarioMIP/CSIRO/ACCESS-ESM1-5/ssp370/r1i1p1f1/Omon/po4/gn/v20191115/po4_Omon_ACCESS-ESM1-5_ssp370_r1i1p1f1_gn_208501-209412.nc -> /maps/rt582/cmipper/.esgpull/data/CMIP6/ScenarioMIP/CSIRO/ACCESS-ESM1-5/ssp370/r1i1p1f1/Omon/po4/gn/v20191115/remapped/po4_Omon_ACCESS-ESM1-5_ssp370_r1i1p1f1_gn_208501-209412.nc
	Remapping /maps/rt582/cmipper/.esgpull/data/CMIP6/ScenarioMIP/CSIRO/ACCESS-ESM1-5/ssp370/r1i1p1f1/Omon/po4/gn/v20191115/po4_Omon_ACCESS-ESM1-5_ssp370_r1i1p1f1_gn_209501-210012.nc -> /maps/rt582/cmipper/.esgpull/data/CMIP6/ScenarioMIP/CSIRO/ACCESS-ESM1-5/ssp370/r1i1p1f1/Omon/po4/gn/v20191115/remapped/po4_Omon_ACCESS-ESM1-5_ssp370_r1i1p1f1_gn_209501-210012.nc
Remapped: /maps/rt582/cmipper/.esgpull/data/CMIP6/ScenarioMIP/CSIRO/ACCESS-ESM1-5/ssp370/r1i1p1f1/Omon/po4/gn/v20191115/po4_Omon_ACCESS-ESM1-5_ssp370_r1i1p1f1_gn_209501-210012.nc -> /maps/rt582/cmipper/.esgpull/data/CMIP6/ScenarioMIP/CSIRO/ACCESS-ESM1-5/ssp370/r1i1p1f1/Omon/po4/gn/v20191115/remapped/po4_Omon_ACCESS-ESM1-5_ssp370_r1i1p1f1_gn_209501-210012.nc
Scanning directory: /maps/rt582/cmipper/.esgpull/data/CMIP6/ScenarioMIP/CSIRO/ACCESS-ESM1-5/ssp370/r1i1p1f1/Omon/po4/gn/v20191115/remapped
Skipping directory (filepath contains remapped/processed): /maps/rt582/cmipper/.esgpull/data/CMIP6/ScenarioMIP/CSIRO/ACCESS-ESM1-5/ssp370/r1i1p1f1/Omon/po4/gn/v20191115/remapped
Scanning directory: /maps/rt582/cmipper/.esgpull/data/CMIP6/ScenarioMIP/CSIRO/ACCESS-ESM1-5/ssp370/r1i1p1f1/Omon/no3/gn/v20191115
	Remapping 3 files in /maps/rt582/cmipper/.esgpull/data/CMIP6/ScenarioMIP/CSIRO/ACCESS-ESM1-5/ssp370/r1i1p1f1/Omon/no3/gn/v20191115
	Remapping 3 files in /maps/rt582/cmipper/.esgpull/data/CMIP6/ScenarioMIP/CSIRO/ACCESS-ESM1-5/ssp370/r1i1p1f1/Omon/no3/gn/v20191115
	Remapping /maps/rt582/cmipper/.esgpull/data/CMIP6/ScenarioMIP/CSIRO/ACCESS-ESM1-5/ssp370/r1i1p1f1/Omon/no3/gn/v20191115/no3_Omon_ACCESS-ESM1-5_ssp370_r1i1p1f1_gn_201501-202412.nc -> /maps/rt582/cmipper/.esgpull/data/CMIP6/ScenarioMIP/CSIRO/ACCESS-ESM1-5/ssp370/r1i1p1f1/Omon/no3/gn/v20191115/remapped/no3_Omon_ACCESS-ESM1-5_ssp370_r1i1p1f1_gn_201501-202412.nc
Remapped: /maps/rt582/cmipper/.esgpull/data/CMIP6/ScenarioMIP/CSIRO/ACCESS-ESM1-5/ssp370/r1i1p1f1/Omon/no3/gn/v20191115/no3_Omon_ACCESS-ESM1-5_ssp370_r1i1p1f1_gn_201501-202412.nc -> /maps/rt582/cmipper/.esgpull/data/CMIP6/ScenarioMIP/CSIRO/ACCESS-ESM1-5/ssp370/r1i1p1f1/Omon/no3/gn/v20191115/remapped/no3_Omon_ACCESS-ESM1-5_ssp370_r1i1p1f1_gn_201501-202412.nc
	Remapping /maps/rt582/cmipper/.esgpull/data/CMIP6/ScenarioMIP/CSIRO/ACCESS-ESM1-5/ssp370/r1i1p1f1/Omon/no3/gn/v20191115/no3_Omon_ACCESS-ESM1-5_ssp370_r1i1p1f1_gn_203501-204412.nc -> /maps/rt582/cmipper/.esgpull/data/CMIP6/ScenarioMIP/CSIRO/ACCESS-ESM1-5/ssp370/r1i1p1f1/Omon/no3/gn/v20191115/remapped/no3_Omon_ACCESS-ESM1-5_ssp370_r1i1p1f1_gn_203501-204412.nc
Remapped: /maps/rt582/cmipper/.esgpull/data/CMIP6/ScenarioMIP/CSIRO/ACCESS-ESM1-5/ssp370/r1i1p1f1/Omon/no3/gn/v20191115/no3_Omon_ACCESS-ESM1-5_ssp370_r1i1p1f1_gn_203501-204412.nc -> /maps/rt582/cmipper/.esgpull/data/CMIP6/ScenarioMIP/CSIRO/ACCESS-ESM1-5/ssp370/r1i1p1f1/Omon/no3/gn/v20191115/remapped/no3_Omon_ACCESS-ESM1-5_ssp370_r1i1p1f1_gn_203501-204412.nc
	Remapping /maps/rt582/cmipper/.esgpull/data/CMIP6/ScenarioMIP/CSIRO/ACCESS-ESM1-5/ssp370/r1i1p1f1/Omon/no3/gn/v20191115/no3_Omon_ACCESS-ESM1-5_ssp370_r1i1p1f1_gn_208501-209412.nc -> /maps/rt582/cmipper/.esgpull/data/CMIP6/ScenarioMIP/CSIRO/ACCESS-ESM1-5/ssp370/r1i1p1f1/Omon/no3/gn/v20191115/remapped/no3_Omon_ACCESS-ESM1-5_ssp370_r1i1p1f1_gn_208501-209412.nc
Remapped: /maps/rt582/cmipper/.esgpull/data/CMIP6/ScenarioMIP/CSIRO/ACCESS-ESM1-5/ssp370/r1i1p1f1/Omon/no3/gn/v20191115/no3_Omon_ACCESS-ESM1-5_ssp370_r1i1p1f1_gn_208501-209412.nc -> /maps/rt582/cmipper/.esgpull/data/CMIP6/ScenarioMIP/CSIRO/ACCESS-ESM1-5/ssp370/r1i1p1f1/Omon/no3/gn/v20191115/remapped/no3_Omon_ACCESS-ESM1-5_ssp370_r1i1p1f1_gn_208501-209412.nc
Scanning directory: /maps/rt582/cmipper/.esgpull/data/CMIP6/ScenarioMIP/CSIRO/ACCESS-ESM1-5/ssp370/r1i1p1f1/Omon/no3/gn/v20191115/remapped
Skipping directory (filepath contains remapped/processed): /maps/rt582/cmipper/.esgpull/data/CMIP6/ScenarioMIP/CSIRO/ACCESS-ESM1-5/ssp370/r1i1p1f1/Omon/no3/gn/v20191115/remapped
Scanning directory: /maps/rt582/cmipper/.esgpull/data/CMIP6/ScenarioMIP/CSIRO/ACCESS-ESM1-5/ssp370/r1i1p1f1/Omon/arag/gn/v20191115
	Remapping 4 files in /maps/rt582/cmipper/.esgpull/data/CMIP6/ScenarioMIP/CSIRO/ACCESS-ESM1-5/ssp370/r1i1p1f1/Omon/arag/gn/v20191115
	Remapping 4 files in /maps/rt582/cmipper/.esgpull/data/CMIP6/ScenarioMIP/CSIRO/ACCESS-ESM1-5/ssp370/r1i1p1f1/Omon/arag/gn/v20191115
	Remapping /maps/rt582/cmipper/.esgpull/data/CMIP6/ScenarioMIP/CSIRO/ACCESS-ESM1-5/ssp370/r1i1p1f1/Omon/arag/gn/v20191115/arag_Omon_ACCESS-ESM1-5_ssp370_r1i1p1f1_gn_203501-204412.nc -> /maps/rt582/cmipper/.esgpull/data/CMIP6/ScenarioMIP/CSIRO/ACCESS-ESM1-5/ssp370/r1i1p1f1/Omon/arag/gn/v20191115/remapped/arag_Omon_ACCESS-ESM1-5_ssp370_r1i1p1f1_gn_203501-204412.nc
Remapped: /maps/rt582/cmipper/.esgpull/data/CMIP6/ScenarioMIP/CSIRO/ACCESS-ESM1-5/ssp370/r1i1p1f1/Omon/arag/gn/v20191115/arag_Omon_ACCESS-ESM1-5_ssp370_r1i1p1f1_gn_203501-204412.nc -> /maps/rt582/cmipper/.esgpull/data/CMIP6/ScenarioMIP/CSIRO/ACCESS-ESM1-5/ssp370/r1i1p1f1/Omon/arag/gn/v20191115/remapped/arag_Omon_ACCESS-ESM1-5_ssp370_r1i1p1f1_gn_203501-204412.nc
	Remapping /maps/rt582/cmipper/.esgpull/data/CMIP6/ScenarioMIP/CSIRO/ACCESS-ESM1-5/ssp370/r1i1p1f1/Omon/arag/gn/v20191115/arag_Omon_ACCESS-ESM1-5_ssp370_r1i1p1f1_gn_208501-209412.nc -> /maps/rt582/cmipper/.esgpull/data/CMIP6/ScenarioMIP/CSIRO/ACCESS-ESM1-5/ssp370/r1i1p1f1/Omon/arag/gn/v20191115/remapped/arag_Omon_ACCESS-ESM1-5_ssp370_r1i1p1f1_gn_208501-209412.nc
Remapped: /maps/rt582/cmipper/.esgpull/data/CMIP6/ScenarioMIP/CSIRO/ACCESS-ESM1-5/ssp370/r1i1p1f1/Omon/arag/gn/v20191115/arag_Omon_ACCESS-ESM1-5_ssp370_r1i1p1f1_gn_208501-209412.nc -> /maps/rt582/cmipper/.esgpull/data/CMIP6/ScenarioMIP/CSIRO/ACCESS-ESM1-5/ssp370/r1i1p1f1/Omon/arag/gn/v20191115/remapped/arag_Omon_ACCESS-ESM1-5_ssp370_r1i1p1f1_gn_208501-209412.nc
	Remapping /maps/rt582/cmipper/.esgpull/data/CMIP6/ScenarioMIP/CSIRO/ACCESS-ESM1-5/ssp370/r1i1p1f1/Omon/arag/gn/v20191115/arag_Omon_ACCESS-ESM1-5_ssp370_r1i1p1f1_gn_206501-207412.nc -> /maps/rt582/cmipper/.esgpull/data/CMIP6/ScenarioMIP/CSIRO/ACCESS-ESM1-5/ssp370/r1i1p1f1/Omon/arag/gn/v20191115/remapped/arag_Omon_ACCESS-ESM1-5_ssp370_r1i1p1f1_gn_206501-207412.nc
Remapped: /maps/rt582/cmipper/.esgpull/data/CMIP6/ScenarioMIP/CSIRO/ACCESS-ESM1-5/ssp370/r1i1p1f1/Omon/arag/gn/v20191115/arag_Omon_ACCESS-ESM1-5_ssp370_r1i1p1f1_gn_206501-207412.nc -> /maps/rt582/cmipper/.esgpull/data/CMIP6/ScenarioMIP/CSIRO/ACCESS-ESM1-5/ssp370/r1i1p1f1/Omon/arag/gn/v20191115/remapped/arag_Omon_ACCESS-ESM1-5_ssp370_r1i1p1f1_gn_206501-207412.nc
	Remapping /maps/rt582/cmipper/.esgpull/data/CMIP6/ScenarioMIP/CSIRO/ACCESS-ESM1-5/ssp370/r1i1p1f1/Omon/arag/gn/v20191115/arag_Omon_ACCESS-ESM1-5_ssp370_r1i1p1f1_gn_205501-206412.nc -> /maps/rt582/cmipper/.esgpull/data/CMIP6/ScenarioMIP/CSIRO/ACCESS-ESM1-5/ssp370/r1i1p1f1/Omon/arag/gn/v20191115/remapped/arag_Omon_ACCESS-ESM1-5_ssp370_r1i1p1f1_gn_205501-206412.nc
Remapped: /maps/rt582/cmipper/.esgpull/data/CMIP6/ScenarioMIP/CSIRO/ACCESS-ESM1-5/ssp370/r1i1p1f1/Omon/arag/gn/v20191115/arag_Omon_ACCESS-ESM1-5_ssp370_r1i1p1f1_gn_205501-206412.nc -> /maps/rt582/cmipper/.esgpull/data/CMIP6/ScenarioMIP/CSIRO/ACCESS-ESM1-5/ssp370/r1i1p1f1/Omon/arag/gn/v20191115/remapped/arag_Omon_ACCESS-ESM1-5_ssp370_r1i1p1f1_gn_205501-206412.nc
Scanning directory: /maps/rt582/cmipper/.esgpull/data/CMIP6/ScenarioMIP/CSIRO/ACCESS-ESM1-5/ssp370/r1i1p1f1/Omon/arag/gn/v20191115/remapped
Skipping directory (filepath contains remapped/processed): /maps/rt582/cmipper/.esgpull/data/CMIP6/ScenarioMIP/CSIRO/ACCESS-ESM1-5/ssp370/r1i1p1f1/Omon/arag/gn/v20191115/remapped
Scanning directory: /maps/rt582/cmipper/.esgpull/data/CMIP6/ScenarioMIP/CSIRO/ACCESS-ESM1-5/ssp245/r1i1p1f1/Omon
No .nc files found in /maps/rt582/cmipper/.esgpull/data/CMIP6/ScenarioMIP/CSIRO/ACCESS-ESM1-5/ssp245/r1i1p1f1/Omon
Scanning directory: /maps/rt582/cmipper/.esgpull/data/CMIP6/ScenarioMIP/CSIRO/ACCESS-ESM1-5/ssp245/r1i1p1f1/Omon/arag
No .nc files found in /maps/rt582/cmipper/.esgpull/data/CMIP6/ScenarioMIP/CSIRO/ACCESS-ESM1-5/ssp245/r1i1p1f1/Omon/arag
Scanning directory: /maps/rt582/cmipper/.esgpull/data/CMIP6/ScenarioMIP/CSIRO/ACCESS-ESM1-5/ssp245/r1i1p1f1/Omon/po4
No .nc files found in /maps/rt582/cmipper/.esgpull/data/CMIP6/ScenarioMIP/CSIRO/ACCESS-ESM1-5/ssp245/r1i1p1f1/Omon/po4
Scanning directory: /maps/rt582/cmipper/.esgpull/data/CMIP6/ScenarioMIP/CSIRO/ACCESS-ESM1-5/ssp245/r1i1p1f1/Omon/no3
No .nc files found in /maps/rt582/cmipper/.esgpull/data/CMIP6/ScenarioMIP/CSIRO/ACCESS-ESM1-5/ssp245/r1i1p1f1/Omon/no3
Scanning directory: /maps/rt582/cmipper/.esgpull/data/CMIP6/ScenarioMIP/CSIRO/ACCESS-ESM1-5/ssp245/r1i1p1f1/Omon/arag/gn
No .nc files found in /maps/rt582/cmipper/.esgpull/data/CMIP6/ScenarioMIP/CSIRO/ACCESS-ESM1-5/ssp245/r1i1p1f1/Omon/arag/gn
Scanning directory: /maps/rt582/cmipper/.esgpull/data/CMIP6/ScenarioMIP/CSIRO/ACCESS-ESM1-5/ssp245/r1i1p1f1/Omon/po4/gn
No .nc files found in /maps/rt582/cmipper/.esgpull/data/CMIP6/ScenarioMIP/CSIRO/ACCESS-ESM1-5/ssp245/r1i1p1f1/Omon/po4/gn
Scanning directory: /maps/rt582/cmipper/.esgpull/data/CMIP6/ScenarioMIP/CSIRO/ACCESS-ESM1-5/ssp245/r1i1p1f1/Omon/no3/gn
No .nc files found in /maps/rt582/cmipper/.esgpull/data/CMIP6/ScenarioMIP/CSIRO/ACCESS-ESM1-5/ssp245/r1i1p1f1/Omon/no3/gn
Scanning directory: /maps/rt582/cmipper/.esgpull/data/CMIP6/ScenarioMIP/CSIRO/ACCESS-ESM1-5/ssp245/r1i1p1f1/Omon/arag/gn/v20191115
	Remapping 2 files in /maps/rt582/cmipper/.esgpull/data/CMIP6/ScenarioMIP/CSIRO/ACCESS-ESM1-5/ssp245/r1i1p1f1/Omon/arag/gn/v20191115
	Remapping 2 files in /maps/rt582/cmipper/.esgpull/data/CMIP6/ScenarioMIP/CSIRO/ACCESS-ESM1-5/ssp245/r1i1p1f1/Omon/arag/gn/v20191115
	Remapping /maps/rt582/cmipper/.esgpull/data/CMIP6/ScenarioMIP/CSIRO/ACCESS-ESM1-5/ssp245/r1i1p1f1/Omon/arag/gn/v20191115/arag_Omon_ACCESS-ESM1-5_ssp245_r1i1p1f1_gn_203501-204412.nc -> /maps/rt582/cmipper/.esgpull/data/CMIP6/ScenarioMIP/CSIRO/ACCESS-ESM1-5/ssp245/r1i1p1f1/Omon/arag/gn/v20191115/remapped/arag_Omon_ACCESS-ESM1-5_ssp245_r1i1p1f1_gn_203501-204412.nc
Remapped: /maps/rt582/cmipper/.esgpull/data/CMIP6/ScenarioMIP/CSIRO/ACCESS-ESM1-5/ssp245/r1i1p1f1/Omon/arag/gn/v20191115/arag_Omon_ACCESS-ESM1-5_ssp245_r1i1p1f1_gn_203501-204412.nc -> /maps/rt582/cmipper/.esgpull/data/CMIP6/ScenarioMIP/CSIRO/ACCESS-ESM1-5/ssp245/r1i1p1f1/Omon/arag/gn/v20191115/remapped/arag_Omon_ACCESS-ESM1-5_ssp245_r1i1p1f1_gn_203501-204412.nc
	Remapping /maps/rt582/cmipper/.esgpull/data/CMIP6/ScenarioMIP/CSIRO/ACCESS-ESM1-5/ssp245/r1i1p1f1/Omon/arag/gn/v20191115/arag_Omon_ACCESS-ESM1-5_ssp245_r1i1p1f1_gn_207501-208412.nc -> /maps/rt582/cmipper/.esgpull/data/CMIP6/ScenarioMIP/CSIRO/ACCESS-ESM1-5/ssp245/r1i1p1f1/Omon/arag/gn/v20191115/remapped/arag_Omon_ACCESS-ESM1-5_ssp245_r1i1p1f1_gn_207501-208412.nc
Remapped: /maps/rt582/cmipper/.esgpull/data/CMIP6/ScenarioMIP/CSIRO/ACCESS-ESM1-5/ssp245/r1i1p1f1/Omon/arag/gn/v20191115/arag_Omon_ACCESS-ESM1-5_ssp245_r1i1p1f1_gn_207501-208412.nc -> /maps/rt582/cmipper/.esgpull/data/CMIP6/ScenarioMIP/CSIRO/ACCESS-ESM1-5/ssp245/r1i1p1f1/Omon/arag/gn/v20191115/remapped/arag_Omon_ACCESS-ESM1-5_ssp245_r1i1p1f1_gn_207501-208412.nc
Scanning directory: /maps/rt582/cmipper/.esgpull/data/CMIP6/ScenarioMIP/CSIRO/ACCESS-ESM1-5/ssp245/r1i1p1f1/Omon/arag/gn/v20191115/remapped
Skipping directory (filepath contains remapped/processed): /maps/rt582/cmipper/.esgpull/data/CMIP6/ScenarioMIP/CSIRO/ACCESS-ESM1-5/ssp245/r1i1p1f1/Omon/arag/gn/v20191115/remapped
Scanning directory: /maps/rt582/cmipper/.esgpull/data/CMIP6/ScenarioMIP/CSIRO/ACCESS-ESM1-5/ssp245/r1i1p1f1/Omon/po4/gn/v20191115
	Remapping 2 files in /maps/rt582/cmipper/.esgpull/data/CMIP6/ScenarioMIP/CSIRO/ACCESS-ESM1-5/ssp245/r1i1p1f1/Omon/po4/gn/v20191115
	Remapping 2 files in /maps/rt582/cmipper/.esgpull/data/CMIP6/ScenarioMIP/CSIRO/ACCESS-ESM1-5/ssp245/r1i1p1f1/Omon/po4/gn/v20191115
	Remapping /maps/rt582/cmipper/.esgpull/data/CMIP6/ScenarioMIP/CSIRO/ACCESS-ESM1-5/ssp245/r1i1p1f1/Omon/po4/gn/v20191115/po4_Omon_ACCESS-ESM1-5_ssp245_r1i1p1f1_gn_208501-209412.nc -> /maps/rt582/cmipper/.esgpull/data/CMIP6/ScenarioMIP/CSIRO/ACCESS-ESM1-5/ssp245/r1i1p1f1/Omon/po4/gn/v20191115/remapped/po4_Omon_ACCESS-ESM1-5_ssp245_r1i1p1f1_gn_208501-209412.nc
Remapped: /maps/rt582/cmipper/.esgpull/data/CMIP6/ScenarioMIP/CSIRO/ACCESS-ESM1-5/ssp245/r1i1p1f1/Omon/po4/gn/v20191115/po4_Omon_ACCESS-ESM1-5_ssp245_r1i1p1f1_gn_208501-209412.nc -> /maps/rt582/cmipper/.esgpull/data/CMIP6/ScenarioMIP/CSIRO/ACCESS-ESM1-5/ssp245/r1i1p1f1/Omon/po4/gn/v20191115/remapped/po4_Omon_ACCESS-ESM1-5_ssp245_r1i1p1f1_gn_208501-209412.nc
	Remapping /maps/rt582/cmipper/.esgpull/data/CMIP6/ScenarioMIP/CSIRO/ACCESS-ESM1-5/ssp245/r1i1p1f1/Omon/po4/gn/v20191115/po4_Omon_ACCESS-ESM1-5_ssp245_r1i1p1f1_gn_205501-206412.nc -> /maps/rt582/cmipper/.esgpull/data/CMIP6/ScenarioMIP/CSIRO/ACCESS-ESM1-5/ssp245/r1i1p1f1/Omon/po4/gn/v20191115/remapped/po4_Omon_ACCESS-ESM1-5_ssp245_r1i1p1f1_gn_205501-206412.nc
Remapped: /maps/rt582/cmipper/.esgpull/data/CMIP6/ScenarioMIP/CSIRO/ACCESS-ESM1-5/ssp245/r1i1p1f1/Omon/po4/gn/v20191115/po4_Omon_ACCESS-ESM1-5_ssp245_r1i1p1f1_gn_205501-206412.nc -> /maps/rt582/cmipper/.esgpull/data/CMIP6/ScenarioMIP/CSIRO/ACCESS-ESM1-5/ssp245/r1i1p1f1/Omon/po4/gn/v20191115/remapped/po4_Omon_ACCESS-ESM1-5_ssp245_r1i1p1f1_gn_205501-206412.nc
Scanning directory: /maps/rt582/cmipper/.esgpull/data/CMIP6/ScenarioMIP/CSIRO/ACCESS-ESM1-5/ssp245/r1i1p1f1/Omon/po4/gn/v20191115/remapped
Skipping directory (filepath contains remapped/processed): /maps/rt582/cmipper/.esgpull/data/CMIP6/ScenarioMIP/CSIRO/ACCESS-ESM1-5/ssp245/r1i1p1f1/Omon/po4/gn/v20191115/remapped
Scanning directory: /maps/rt582/cmipper/.esgpull/data/CMIP6/ScenarioMIP/CSIRO/ACCESS-ESM1-5/ssp245/r1i1p1f1/Omon/no3/gn/v20191115
	Remapping 1 files in /maps/rt582/cmipper/.esgpull/data/CMIP6/ScenarioMIP/CSIRO/ACCESS-ESM1-5/ssp245/r1i1p1f1/Omon/no3/gn/v20191115
	Remapping 1 files in /maps/rt582/cmipper/.esgpull/data/CMIP6/ScenarioMIP/CSIRO/ACCESS-ESM1-5/ssp245/r1i1p1f1/Omon/no3/gn/v20191115
	Remapping /maps/rt582/cmipper/.esgpull/data/CMIP6/ScenarioMIP/CSIRO/ACCESS-ESM1-5/ssp245/r1i1p1f1/Omon/no3/gn/v20191115/no3_Omon_ACCESS-ESM1-5_ssp245_r1i1p1f1_gn_209501-210012.nc -> /maps/rt582/cmipper/.esgpull/data/CMIP6/ScenarioMIP/CSIRO/ACCESS-ESM1-5/ssp245/r1i1p1f1/Omon/no3/gn/v20191115/remapped/no3_Omon_ACCESS-ESM1-5_ssp245_r1i1p1f1_gn_209501-210012.nc
Remapped: /maps/rt582/cmipper/.esgpull/data/CMIP6/ScenarioMIP/CSIRO/ACCESS-ESM1-5/ssp245/r1i1p1f1/Omon/no3/gn/v20191115/no3_Omon_ACCESS-ESM1-5_ssp245_r1i1p1f1_gn_209501-210012.nc -> /maps/rt582/cmipper/.esgpull/data/CMIP6/ScenarioMIP/CSIRO/ACCESS-ESM1-5/ssp245/r1i1p1f1/Omon/no3/gn/v20191115/remapped/no3_Omon_ACCESS-ESM1-5_ssp245_r1i1p1f1_gn_209501-210012.nc
Scanning directory: /maps/rt582/cmipper/.esgpull/data/CMIP6/ScenarioMIP/CSIRO/ACCESS-ESM1-5/ssp245/r1i1p1f1/Omon/no3/gn/v20191115/remapped
Skipping directory (filepath contains remapped/processed): /maps/rt582/cmipper/.esgpull/data/CMIP6/ScenarioMIP/CSIRO/ACCESS-ESM1-5/ssp245/r1i1p1f1/Omon/no3/gn/v20191115/remapped
Scanning directory: /maps/rt582/cmipper/.esgpull/data/CMIP6
No .nc files found in /maps/rt582/cmipper/.esgpull/data/CMIP6
Scanning directory: /maps/rt582/cmipper/.esgpull/data/CMIP6/CMIP/CSIRO/ACCESS-ESM1-5/historical/r1i1p1f1/Omon/arag/gn/v20191115/remapped
Skipping directory (filepath contains remapped/processed): /maps/rt582/cmipper/.esgpull/data/CMIP6/CMIP/CSIRO/ACCESS-ESM1-5/historical/r1i1p1f1/Omon/arag/gn/v20191115/remapped
Scanning directory: /maps/rt582/cmipper/.esgpull/data/CMIP6/CMIP/CSIRO/ACCESS-ESM1-5/historical/r1i1p1f1/Omon/arag/gn/v20191115
No .nc files found in /maps/rt582/cmipper/.esgpull/data/CMIP6/CMIP/CSIRO/ACCESS-ESM1-5/historical/r1i1p1f1/Omon/arag/gn/v20191115
Scanning directory: /maps/rt582/cmipper/.esgpull/data/CMIP6/CMIP/CSIRO
No .nc files found in /maps/rt582/cmipper/.esgpull/data/CMIP6/CMIP/CSIRO
Scanning directory: /maps/rt582/cmipper/.esgpull/data/CMIP6/CMIP/AWI
No .nc files found in /maps/rt582/cmipper/.esgpull/data/CMIP6/CMIP/AWI
Scanning directory: /maps/rt582/cmipper/.esgpull/data/CMIP6/CMIP/CSIRO/ACCESS-ESM1-5
No .nc files found in /maps/rt582/cmipper/.esgpull/data/CMIP6/CMIP/CSIRO/ACCESS-ESM1-5
Scanning directory: /maps/rt582/cmipper/.esgpull/data/CMIP6/CMIP/AWI/AWI-CM-1-1-MR
No .nc files found in /maps/rt582/cmipper/.esgpull/data/CMIP6/CMIP/AWI/AWI-CM-1-1-MR
Scanning directory: /maps/rt582/cmipper/.esgpull/data/CMIP6/CMIP/CSIRO/ACCESS-ESM1-5/historical
No .nc files found in /maps/rt582/cmipper/.esgpull/data/CMIP6/CMIP/CSIRO/ACCESS-ESM1-5/historical
Scanning directory: /maps/rt582/cmipper/.esgpull/data/CMIP6/CMIP/CSIRO/ACCESS-ESM1-5/historical/r1i1p1f1
No .nc files found in /maps/rt582/cmipper/.esgpull/data/CMIP6/CMIP/CSIRO/ACCESS-ESM1-5/historical/r1i1p1f1
Scanning directory: /maps/rt582/cmipper/.esgpull/data/CMIP6/CMIP/CSIRO/ACCESS-ESM1-5/historical/r1i1p1f1/Omon
No .nc files found in /maps/rt582/cmipper/.esgpull/data/CMIP6/CMIP/CSIRO/ACCESS-ESM1-5/historical/r1i1p1f1/Omon
Scanning directory: /maps/rt582/cmipper/.esgpull/data/CMIP6/CMIP/CSIRO/ACCESS-ESM1-5/historical/r1i1p1f1/Omon/arag
No .nc files found in /maps/rt582/cmipper/.esgpull/data/CMIP6/CMIP/CSIRO/ACCESS-ESM1-5/historical/r1i1p1f1/Omon/arag
Scanning directory: /maps/rt582/cmipper/.esgpull/data/CMIP6/CMIP/CSIRO/ACCESS-ESM1-5/historical/r1i1p1f1/Omon/arag/gn
No .nc files found in /maps/rt582/cmipper/.esgpull/data/CMIP6/CMIP/CSIRO/ACCESS-ESM1-5/historical/r1i1p1f1/Omon/arag/gn
Scanning directory: /maps/rt582/cmipper/.esgpull/data/CMIP6/CMIP/CSIRO/ACCESS-ESM1-5/historical/r1i1p1f1/Omon/arag/gn/v20191115
No .nc files found in /maps/rt582/cmipper/.esgpull/data/CMIP6/CMIP/CSIRO/ACCESS-ESM1-5/historical/r1i1p1f1/Omon/arag/gn/v20191115
Scanning directory: /maps/rt582/cmipper/.esgpull/data/CMIP6/CMIP/CSIRO/ACCESS-ESM1-5/historical/r1i1p1f1/Omon/arag/gn/v20191115/remapped
Skipping directory (filepath contains remapped/processed): /maps/rt582/cmipper/.esgpull/data/CMIP6/CMIP/CSIRO/ACCESS-ESM1-5/historical/r1i1p1f1/Omon/arag/gn/v20191115/remapped
Scanning directory: /maps/rt582/cmipper/.esgpull/data/CMIP6/CMIP/AWI/AWI-CM-1-1-MR/historical
No .nc files found in /maps/rt582/cmipper/.esgpull/data/CMIP6/CMIP/AWI/AWI-CM-1-1-MR/historical
Scanning directory: /maps/rt582/cmipper/.esgpull/data/CMIP6/CMIP/AWI/AWI-CM-1-1-MR/historical/r1i1p1f1
No .nc files found in /maps/rt582/cmipper/.esgpull/data/CMIP6/CMIP/AWI/AWI-CM-1-1-MR/historical/r1i1p1f1
Scanning directory: /maps/rt582/cmipper/.esgpull/data/CMIP6/CMIP/AWI/AWI-CM-1-1-MR/historical/r1i1p1f1/Omon
No .nc files found in /maps/rt582/cmipper/.esgpull/data/CMIP6/CMIP/AWI/AWI-CM-1-1-MR/historical/r1i1p1f1/Omon
Scanning directory: /maps/rt582/cmipper/.esgpull/data/CMIP6/CMIP/AWI/AWI-CM-1-1-MR/historical/r1i1p1f1/Omon/so
No .nc files found in /maps/rt582/cmipper/.esgpull/data/CMIP6/CMIP/AWI/AWI-CM-1-1-MR/historical/r1i1p1f1/Omon/so
Scanning directory: /maps/rt582/cmipper/.esgpull/data/CMIP6/CMIP/AWI/AWI-CM-1-1-MR/historical/r1i1p1f1/Omon/thetao
No .nc files found in /maps/rt582/cmipper/.esgpull/data/CMIP6/CMIP/AWI/AWI-CM-1-1-MR/historical/r1i1p1f1/Omon/thetao
Scanning directory: /maps/rt582/cmipper/.esgpull/data/CMIP6/CMIP/AWI/AWI-CM-1-1-MR/historical/r1i1p1f1/Omon/tos
No .nc files found in /maps/rt582/cmipper/.esgpull/data/CMIP6/CMIP/AWI/AWI-CM-1-1-MR/historical/r1i1p1f1/Omon/tos
Scanning directory: /maps/rt582/cmipper/.esgpull/data/CMIP6/CMIP/AWI/AWI-CM-1-1-MR/historical/r1i1p1f1/Omon/rsdo
No .nc files found in /maps/rt582/cmipper/.esgpull/data/CMIP6/CMIP/AWI/AWI-CM-1-1-MR/historical/r1i1p1f1/Omon/rsdo
Scanning directory: /maps/rt582/cmipper/.esgpull/data/CMIP6/CMIP/AWI/AWI-CM-1-1-MR/historical/r1i1p1f1/Omon/so/gn
No .nc files found in /maps/rt582/cmipper/.esgpull/data/CMIP6/CMIP/AWI/AWI-CM-1-1-MR/historical/r1i1p1f1/Omon/so/gn
Scanning directory: /maps/rt582/cmipper/.esgpull/data/CMIP6/CMIP/AWI/AWI-CM-1-1-MR/historical/r1i1p1f1/Omon/thetao/gn
No .nc files found in /maps/rt582/cmipper/.esgpull/data/CMIP6/CMIP/AWI/AWI-CM-1-1-MR/historical/r1i1p1f1/Omon/thetao/gn
Scanning directory: /maps/rt582/cmipper/.esgpull/data/CMIP6/CMIP/AWI/AWI-CM-1-1-MR/historical/r1i1p1f1/Omon/tos/gn
No .nc files found in /maps/rt582/cmipper/.esgpull/data/CMIP6/CMIP/AWI/AWI-CM-1-1-MR/historical/r1i1p1f1/Omon/tos/gn
Scanning directory: /maps/rt582/cmipper/.esgpull/data/CMIP6/CMIP/AWI/AWI-CM-1-1-MR/historical/r1i1p1f1/Omon/rsdo/gn
No .nc files found in /maps/rt582/cmipper/.esgpull/data/CMIP6/CMIP/AWI/AWI-CM-1-1-MR/historical/r1i1p1f1/Omon/rsdo/gn
Scanning directory: /maps/rt582/cmipper/.esgpull/data/CMIP6/CMIP/AWI/AWI-CM-1-1-MR/historical/r1i1p1f1/Omon/so/gn/v20181218
No .nc files found in /maps/rt582/cmipper/.esgpull/data/CMIP6/CMIP/AWI/AWI-CM-1-1-MR/historical/r1i1p1f1/Omon/so/gn/v20181218
Scanning directory: /maps/rt582/cmipper/.esgpull/data/CMIP6/CMIP/AWI/AWI-CM-1-1-MR/historical/r1i1p1f1/Omon/so/gn/v20181218/remapped
Skipping directory (filepath contains remapped/processed): /maps/rt582/cmipper/.esgpull/data/CMIP6/CMIP/AWI/AWI-CM-1-1-MR/historical/r1i1p1f1/Omon/so/gn/v20181218/remapped
Scanning directory: /maps/rt582/cmipper/.esgpull/data/CMIP6/CMIP/AWI/AWI-CM-1-1-MR/historical/r1i1p1f1/Omon/thetao/gn/v20181218
No .nc files found in /maps/rt582/cmipper/.esgpull/data/CMIP6/CMIP/AWI/AWI-CM-1-1-MR/historical/r1i1p1f1/Omon/thetao/gn/v20181218
Scanning directory: /maps/rt582/cmipper/.esgpull/data/CMIP6/CMIP/AWI/AWI-CM-1-1-MR/historical/r1i1p1f1/Omon/thetao/gn/v20181218/remapped
Skipping directory (filepath contains remapped/processed): /maps/rt582/cmipper/.esgpull/data/CMIP6/CMIP/AWI/AWI-CM-1-1-MR/historical/r1i1p1f1/Omon/thetao/gn/v20181218/remapped
Scanning directory: /maps/rt582/cmipper/.esgpull/data/CMIP6/CMIP/AWI/AWI-CM-1-1-MR/historical/r1i1p1f1/Omon/tos/gn/v20181218
No .nc files found in /maps/rt582/cmipper/.esgpull/data/CMIP6/CMIP/AWI/AWI-CM-1-1-MR/historical/r1i1p1f1/Omon/tos/gn/v20181218
Scanning directory: /maps/rt582/cmipper/.esgpull/data/CMIP6/CMIP/AWI/AWI-CM-1-1-MR/historical/r1i1p1f1/Omon/tos/gn/v20181218/remapped
Skipping directory (filepath contains remapped/processed): /maps/rt582/cmipper/.esgpull/data/CMIP6/CMIP/AWI/AWI-CM-1-1-MR/historical/r1i1p1f1/Omon/tos/gn/v20181218/remapped
Scanning directory: /maps/rt582/cmipper/.esgpull/data/CMIP6/CMIP/AWI/AWI-CM-1-1-MR/historical/r1i1p1f1/Omon/rsdo/gn/v20181218
No .nc files found in /maps/rt582/cmipper/.esgpull/data/CMIP6/CMIP/AWI/AWI-CM-1-1-MR/historical/r1i1p1f1/Omon/rsdo/gn/v20181218
Scanning directory: /maps/rt582/cmipper/.esgpull/data/CMIP6/CMIP/AWI/AWI-CM-1-1-MR/historical/r1i1p1f1/Omon/rsdo/gn/v20181218/remapped
Skipping directory (filepath contains remapped/processed): /maps/rt582/cmipper/.esgpull/data/CMIP6/CMIP/AWI/AWI-CM-1-1-MR/historical/r1i1p1f1/Omon/rsdo/gn/v20181218/remapped
Scanning directory: /maps/rt582/cmipper/.esgpull/data/CMIP6/CMIP
No .nc files found in /maps/rt582/cmipper/.esgpull/data/CMIP6/CMIP
cdo    remapcon: YAC first order conservative weights from curvilinear (360x300) to lonlat (1440x720) grid, with source mask (69782)
cdo    remapcon: YAC first order conservative weights from curvilinear (360x300) to lonlat (1440x720) grid, with source mask (69782)
cdo    remapcon: YAC first order conservative weights from curvilinear (360x300) to lonlat (1440x720) grid, with source mask (69782)
cdo    remapcon: YAC first order conservative weights from curvilinear (360x300) to lonlat (1440x720) grid, with source mask (69782)
cdo    remapcon: YAC first order conservative weights from curvilinear (360x300) to lonlat (1440x720) grid, with source mask (69782)
cdo    remapcon: YAC first order conservative weights from curvilinear (360x300) to lonlat (1440x720) grid, with source mask (69782)
cdo    remapcon: YAC first order conservative weights from curvilinear (360x300) to lonlat (1440x720) grid, with source mask (69782)
cdo    remapcon: YAC first order conservative weights from curvilinear (360x300) to lonlat (1440x720) grid, with source mask (69782)
cdo    remapcon: YAC first order conservative weights from curvilinear (360x300) to lonlat (1440x720) grid, with source mask (69782)
cdo    remapcon: YAC first order conservative weights from curvilinear (360x300) to lonlat (1440x720) grid, with source mask (69782)
cdo    remapcon: YAC first order conservative weights from curvilinear (360x300) to lonlat (1440x720) grid, with source mask (69782)
cdo    remapcon: YAC first order conservative weights from curvilinear (360x300) to lonlat (1440x720) grid, with source mask (69782)
cdo    remapcon: YAC first order conservative weights from curvilinear (360x300) to lonlat (1440x720) grid, with source mask (69782)
cdo    remapcon: YAC first order conservative weights from curvilinear (360x300) to lonlat (1440x720) grid, with source mask (69782)
cdo    remapcon: YAC first order conservative weights from curvilinear (360x300) to lonlat (1440x720) grid, with source mask (69782)
cdo    remapcon: YAC first order conservative weights from curvilinear (360x300) to lonlat (1440x720) grid, with source mask (69782)
cdo    remapcon: YAC first order conservative weights from curvilinear (360x300) to lonlat (1440x720) grid, with source mask (69782)
cdo    remapcon: YAC first order conservative weights from curvilinear (360x300) to lonlat (1440x720) grid, with source mask (69782)
cdo    remapcon: YAC first order conservative weights from curvilinear (360x300) to lonlat (1440x720) grid, with source mask (69782)
cdo    remapcon: YAC first order conservative weights from curvilinear (360x300) to lonlat (1440x720) grid, with source mask (69782)
cdo    remapcon: YAC first order conservative weights from curvilinear (360x300) to lonlat (1440x720) grid, with source mask (69782)
cdo    remapcon: YAC first order conservative weights from curvilinear (360x300) to lonlat (1440x720) grid, with source mask (69782)
cdo    remapcon: YAC first order conservative weights from curvilinear (360x300) to lonlat (1440x720) grid, with source mask (69782)
cdo    remapcon: YAC first order conservative weights from curvilinear (360x300) to lonlat (1440x720) grid, with source mask (69782)
cdo    remapcon: YAC first order conservative weights from curvilinear (360x300) to lonlat (1440x720) grid, with source mask (69782)
cdo    remapcon: YAC first order conservative weights from curvilinear (360x300) to lonlat (1440x720) grid, with source mask (69782)
cdo    remapcon: YAC first order conservative weights from curvilinear (360x300) to lonlat (1440x720) grid, with source mask (69782)
cdo    remapcon: YAC first order conservative weights from curvilinear (360x300) to lonlat (1440x720) grid, with source mask (69782)
cdo    remapcon: YAC first order conservative weights from curvilinear (360x300) to lonlat (1440x720) grid, with source mask (69782)
cdo    remapcon: YAC first order conservative weights from curvilinear (360x300) to lonlat (1440x720) grid, with source mask (69782)
cdo    remapcon: YAC first order conservative weights from curvilinear (360x300) to lonlat (1440x720) grid, with source mask (69782)
cdo    remapcon: YAC first order conservative weights from curvilinear (360x300) to lonlat (1440x720) grid, with source mask (69782)
cdo    remapcon: YAC first order conservative weights from curvilinear (360x300) to lonlat (1440x720) grid, with source mask (69782)
cdo    remapcon: YAC first order conservative weights from curvilinear (360x300) to lonlat (1440x720) grid, with source mask (69782)
cdo    remapcon: YAC first order conservative weights from curvilinear (360x300) to lonlat (1440x720) grid, with source mask (69782)
cdo    remapcon: YAC first order conservative weights from curvilinear (360x300) to lonlat (1440x720) grid, with source mask (69782)
cdo    remapcon: YAC first order conservative weights from curvilinear (360x300) to lonlat (1440x720) grid, with source mask (69782)
cdo    remapcon: YAC first order conservative weights from curvilinear (360x300) to lonlat (1440x720) grid, with source mask (69782)
cdo    remapcon: YAC first order conservative weights from curvilinear (360x300) to lonlat (1440x720) grid, with source mask (69782)
cdo    remapcon: YAC first order conservative weights from curvilinear (360x300) to lonlat (1440x720) grid, with source mask (69782)
cdo    remapcon: YAC first order conservative weights from curvilinear (360x300) to lonlat (1440x720) grid, with source mask (69782)
cdo    remapcon: YAC first order conservative weights from curvilinear (360x300) to lonlat (1440x720) grid, with source mask (69782)
cdo    remapcon: YAC first order conservative weights from curvilinear (360x300) to lonlat (1440x720) grid, with source mask (69782)
cdo    remapcon: YAC first order conservative weights from curvilinear (360x300) to lonlat (1440x720) grid, with source mask (69782)
Scanning directory: /maps/rt582/cmipper/.esgpull/data/CMIP6/CMIP
No .nc files found in /maps/rt582/cmipper/.esgpull/data/CMIP6/CMIP
Scanning directory: /maps/rt582/cmipper/.esgpull/data/CMIP6/ScenarioMIP
No .nc files found in /maps/rt582/cmipper/.esgpull/data/CMIP6/ScenarioMIP
Scanning directory: /maps/rt582/cmipper/.esgpull/data/CMIP6/CMIP/CSIRO
No .nc files found in /maps/rt582/cmipper/.esgpull/data/CMIP6/CMIP/CSIRO
Scanning directory: /maps/rt582/cmipper/.esgpull/data/CMIP6/CMIP/AWI
No .nc files found in /maps/rt582/cmipper/.esgpull/data/CMIP6/CMIP/AWI
Scanning directory: /maps/rt582/cmipper/.esgpull/data/CMIP6/ScenarioMIP/AWI
No .nc files found in /maps/rt582/cmipper/.esgpull/data/CMIP6/ScenarioMIP/AWI
Scanning directory: /maps/rt582/cmipper/.esgpull/data/CMIP6/ScenarioMIP/CSIRO
No .nc files found in /maps/rt582/cmipper/.esgpull/data/CMIP6/ScenarioMIP/CSIRO
Scanning directory: /maps/rt582/cmipper/.esgpull/data/CMIP6/CMIP/CSIRO/ACCESS-ESM1-5
No .nc files found in /maps/rt582/cmipper/.esgpull/data/CMIP6/CMIP/CSIRO/ACCESS-ESM1-5
Scanning directory: /maps/rt582/cmipper/.esgpull/data/CMIP6/CMIP/AWI/AWI-CM-1-1-MR
No .nc files found in /maps/rt582/cmipper/.esgpull/data/CMIP6/CMIP/AWI/AWI-CM-1-1-MR
Scanning directory: /maps/rt582/cmipper/.esgpull/data/CMIP6/CMIP/CSIRO/ACCESS-ESM1-5/historical
No .nc files found in /maps/rt582/cmipper/.esgpull/data/CMIP6/CMIP/CSIRO/ACCESS-ESM1-5/historical
Scanning directory: /maps/rt582/cmipper/.esgpull/data/CMIP6/CMIP/CSIRO/ACCESS-ESM1-5/historical/r1i1p1f1
No .nc files found in /maps/rt582/cmipper/.esgpull/data/CMIP6/CMIP/CSIRO/ACCESS-ESM1-5/historical/r1i1p1f1
Scanning directory: /maps/rt582/cmipper/.esgpull/data/CMIP6/CMIP/CSIRO/ACCESS-ESM1-5/historical/r1i1p1f1/Omon
No .nc files found in /maps/rt582/cmipper/.esgpull/data/CMIP6/CMIP/CSIRO/ACCESS-ESM1-5/historical/r1i1p1f1/Omon
Scanning directory: /maps/rt582/cmipper/.esgpull/data/CMIP6/CMIP/CSIRO/ACCESS-ESM1-5/historical/r1i1p1f1/Omon/arag
No .nc files found in /maps/rt582/cmipper/.esgpull/data/CMIP6/CMIP/CSIRO/ACCESS-ESM1-5/historical/r1i1p1f1/Omon/arag
Scanning directory: /maps/rt582/cmipper/.esgpull/data/CMIP6/CMIP/CSIRO/ACCESS-ESM1-5/historical/r1i1p1f1/Omon/arag/gn
No .nc files found in /maps/rt582/cmipper/.esgpull/data/CMIP6/CMIP/CSIRO/ACCESS-ESM1-5/historical/r1i1p1f1/Omon/arag/gn
Scanning directory: /maps/rt582/cmipper/.esgpull/data/CMIP6/CMIP/CSIRO/ACCESS-ESM1-5/historical/r1i1p1f1/Omon/arag/gn/v20191115
No .nc files found in /maps/rt582/cmipper/.esgpull/data/CMIP6/CMIP/CSIRO/ACCESS-ESM1-5/historical/r1i1p1f1/Omon/arag/gn/v20191115
Scanning directory: /maps/rt582/cmipper/.esgpull/data/CMIP6/CMIP/CSIRO/ACCESS-ESM1-5/historical/r1i1p1f1/Omon/arag/gn/v20191115/remapped
Skipping directory (filepath contains remapped/processed): /maps/rt582/cmipper/.esgpull/data/CMIP6/CMIP/CSIRO/ACCESS-ESM1-5/historical/r1i1p1f1/Omon/arag/gn/v20191115/remapped
Scanning directory: /maps/rt582/cmipper/.esgpull/data/CMIP6/CMIP/AWI/AWI-CM-1-1-MR/historical
No .nc files found in /maps/rt582/cmipper/.esgpull/data/CMIP6/CMIP/AWI/AWI-CM-1-1-MR/historical
Scanning directory: /maps/rt582/cmipper/.esgpull/data/CMIP6/CMIP/AWI/AWI-CM-1-1-MR/historical/r1i1p1f1
No .nc files found in /maps/rt582/cmipper/.esgpull/data/CMIP6/CMIP/AWI/AWI-CM-1-1-MR/historical/r1i1p1f1
Scanning directory: /maps/rt582/cmipper/.esgpull/data/CMIP6/CMIP/AWI/AWI-CM-1-1-MR/historical/r1i1p1f1/Omon
No .nc files found in /maps/rt582/cmipper/.esgpull/data/CMIP6/CMIP/AWI/AWI-CM-1-1-MR/historical/r1i1p1f1/Omon
Scanning directory: /maps/rt582/cmipper/.esgpull/data/CMIP6/CMIP/AWI/AWI-CM-1-1-MR/historical/r1i1p1f1/Omon/so
No .nc files found in /maps/rt582/cmipper/.esgpull/data/CMIP6/CMIP/AWI/AWI-CM-1-1-MR/historical/r1i1p1f1/Omon/so
Scanning directory: /maps/rt582/cmipper/.esgpull/data/CMIP6/CMIP/AWI/AWI-CM-1-1-MR/historical/r1i1p1f1/Omon/thetao
No .nc files found in /maps/rt582/cmipper/.esgpull/data/CMIP6/CMIP/AWI/AWI-CM-1-1-MR/historical/r1i1p1f1/Omon/thetao
Scanning directory: /maps/rt582/cmipper/.esgpull/data/CMIP6/CMIP/AWI/AWI-CM-1-1-MR/historical/r1i1p1f1/Omon/tos
No .nc files found in /maps/rt582/cmipper/.esgpull/data/CMIP6/CMIP/AWI/AWI-CM-1-1-MR/historical/r1i1p1f1/Omon/tos
Scanning directory: /maps/rt582/cmipper/.esgpull/data/CMIP6/CMIP/AWI/AWI-CM-1-1-MR/historical/r1i1p1f1/Omon/rsdo
No .nc files found in /maps/rt582/cmipper/.esgpull/data/CMIP6/CMIP/AWI/AWI-CM-1-1-MR/historical/r1i1p1f1/Omon/rsdo
Scanning directory: /maps/rt582/cmipper/.esgpull/data/CMIP6/CMIP/AWI/AWI-CM-1-1-MR/historical/r1i1p1f1/Omon/so/gn
No .nc files found in /maps/rt582/cmipper/.esgpull/data/CMIP6/CMIP/AWI/AWI-CM-1-1-MR/historical/r1i1p1f1/Omon/so/gn
Scanning directory: /maps/rt582/cmipper/.esgpull/data/CMIP6/CMIP/AWI/AWI-CM-1-1-MR/historical/r1i1p1f1/Omon/thetao/gn
No .nc files found in /maps/rt582/cmipper/.esgpull/data/CMIP6/CMIP/AWI/AWI-CM-1-1-MR/historical/r1i1p1f1/Omon/thetao/gn
Scanning directory: /maps/rt582/cmipper/.esgpull/data/CMIP6/CMIP/AWI/AWI-CM-1-1-MR/historical/r1i1p1f1/Omon/tos/gn
No .nc files found in /maps/rt582/cmipper/.esgpull/data/CMIP6/CMIP/AWI/AWI-CM-1-1-MR/historical/r1i1p1f1/Omon/tos/gn
Scanning directory: /maps/rt582/cmipper/.esgpull/data/CMIP6/CMIP/AWI/AWI-CM-1-1-MR/historical/r1i1p1f1/Omon/rsdo/gn
No .nc files found in /maps/rt582/cmipper/.esgpull/data/CMIP6/CMIP/AWI/AWI-CM-1-1-MR/historical/r1i1p1f1/Omon/rsdo/gn
Scanning directory: /maps/rt582/cmipper/.esgpull/data/CMIP6/CMIP/AWI/AWI-CM-1-1-MR/historical/r1i1p1f1/Omon/so/gn/v20181218
No .nc files found in /maps/rt582/cmipper/.esgpull/data/CMIP6/CMIP/AWI/AWI-CM-1-1-MR/historical/r1i1p1f1/Omon/so/gn/v20181218
Scanning directory: /maps/rt582/cmipper/.esgpull/data/CMIP6/CMIP/AWI/AWI-CM-1-1-MR/historical/r1i1p1f1/Omon/so/gn/v20181218/remapped
Skipping directory (filepath contains remapped/processed): /maps/rt582/cmipper/.esgpull/data/CMIP6/CMIP/AWI/AWI-CM-1-1-MR/historical/r1i1p1f1/Omon/so/gn/v20181218/remapped
Scanning directory: /maps/rt582/cmipper/.esgpull/data/CMIP6/CMIP/AWI/AWI-CM-1-1-MR/historical/r1i1p1f1/Omon/thetao/gn/v20181218
No .nc files found in /maps/rt582/cmipper/.esgpull/data/CMIP6/CMIP/AWI/AWI-CM-1-1-MR/historical/r1i1p1f1/Omon/thetao/gn/v20181218
Scanning directory: /maps/rt582/cmipper/.esgpull/data/CMIP6/CMIP/AWI/AWI-CM-1-1-MR/historical/r1i1p1f1/Omon/thetao/gn/v20181218/remapped
Skipping directory (filepath contains remapped/processed): /maps/rt582/cmipper/.esgpull/data/CMIP6/CMIP/AWI/AWI-CM-1-1-MR/historical/r1i1p1f1/Omon/thetao/gn/v20181218/remapped
Scanning directory: /maps/rt582/cmipper/.esgpull/data/CMIP6/CMIP/AWI/AWI-CM-1-1-MR/historical/r1i1p1f1/Omon/tos/gn/v20181218
No .nc files found in /maps/rt582/cmipper/.esgpull/data/CMIP6/CMIP/AWI/AWI-CM-1-1-MR/historical/r1i1p1f1/Omon/tos/gn/v20181218
Scanning directory: /maps/rt582/cmipper/.esgpull/data/CMIP6/CMIP/AWI/AWI-CM-1-1-MR/historical/r1i1p1f1/Omon/tos/gn/v20181218/remapped
Skipping directory (filepath contains remapped/processed): /maps/rt582/cmipper/.esgpull/data/CMIP6/CMIP/AWI/AWI-CM-1-1-MR/historical/r1i1p1f1/Omon/tos/gn/v20181218/remapped
Scanning directory: /maps/rt582/cmipper/.esgpull/data/CMIP6/CMIP/AWI/AWI-CM-1-1-MR/historical/r1i1p1f1/Omon/rsdo/gn/v20181218
No .nc files found in /maps/rt582/cmipper/.esgpull/data/CMIP6/CMIP/AWI/AWI-CM-1-1-MR/historical/r1i1p1f1/Omon/rsdo/gn/v20181218
Scanning directory: /maps/rt582/cmipper/.esgpull/data/CMIP6/CMIP/AWI/AWI-CM-1-1-MR/historical/r1i1p1f1/Omon/rsdo/gn/v20181218/remapped
Skipping directory (filepath contains remapped/processed): /maps/rt582/cmipper/.esgpull/data/CMIP6/CMIP/AWI/AWI-CM-1-1-MR/historical/r1i1p1f1/Omon/rsdo/gn/v20181218/remapped
Scanning directory: /maps/rt582/cmipper/.esgpull/data/CMIP6/ScenarioMIP/AWI/AWI-CM-1-1-MR
No .nc files found in /maps/rt582/cmipper/.esgpull/data/CMIP6/ScenarioMIP/AWI/AWI-CM-1-1-MR
Scanning directory: /maps/rt582/cmipper/.esgpull/data/CMIP6/ScenarioMIP/CSIRO/ACCESS-ESM1-5
No .nc files found in /maps/rt582/cmipper/.esgpull/data/CMIP6/ScenarioMIP/CSIRO/ACCESS-ESM1-5
Scanning directory: /maps/rt582/cmipper/.esgpull/data/CMIP6/ScenarioMIP/AWI/AWI-CM-1-1-MR/ssp126
No .nc files found in /maps/rt582/cmipper/.esgpull/data/CMIP6/ScenarioMIP/AWI/AWI-CM-1-1-MR/ssp126
Scanning directory: /maps/rt582/cmipper/.esgpull/data/CMIP6/ScenarioMIP/AWI/AWI-CM-1-1-MR/ssp585
No .nc files found in /maps/rt582/cmipper/.esgpull/data/CMIP6/ScenarioMIP/AWI/AWI-CM-1-1-MR/ssp585
Scanning directory: /maps/rt582/cmipper/.esgpull/data/CMIP6/ScenarioMIP/AWI/AWI-CM-1-1-MR/ssp245
No .nc files found in /maps/rt582/cmipper/.esgpull/data/CMIP6/ScenarioMIP/AWI/AWI-CM-1-1-MR/ssp245
Scanning directory: /maps/rt582/cmipper/.esgpull/data/CMIP6/ScenarioMIP/AWI/AWI-CM-1-1-MR/ssp370
No .nc files found in /maps/rt582/cmipper/.esgpull/data/CMIP6/ScenarioMIP/AWI/AWI-CM-1-1-MR/ssp370
Scanning directory: /maps/rt582/cmipper/.esgpull/data/CMIP6/ScenarioMIP/AWI/AWI-CM-1-1-MR/ssp126/r1i1p1f1
No .nc files found in /maps/rt582/cmipper/.esgpull/data/CMIP6/ScenarioMIP/AWI/AWI-CM-1-1-MR/ssp126/r1i1p1f1
Scanning directory: /maps/rt582/cmipper/.esgpull/data/CMIP6/ScenarioMIP/AWI/AWI-CM-1-1-MR/ssp585/r1i1p1f1
No .nc files found in /maps/rt582/cmipper/.esgpull/data/CMIP6/ScenarioMIP/AWI/AWI-CM-1-1-MR/ssp585/r1i1p1f1
Scanning directory: /maps/rt582/cmipper/.esgpull/data/CMIP6/ScenarioMIP/AWI/AWI-CM-1-1-MR/ssp245/r1i1p1f1
No .nc files found in /maps/rt582/cmipper/.esgpull/data/CMIP6/ScenarioMIP/AWI/AWI-CM-1-1-MR/ssp245/r1i1p1f1
Scanning directory: /maps/rt582/cmipper/.esgpull/data/CMIP6/ScenarioMIP/AWI/AWI-CM-1-1-MR/ssp370/r1i1p1f1
No .nc files found in /maps/rt582/cmipper/.esgpull/data/CMIP6/ScenarioMIP/AWI/AWI-CM-1-1-MR/ssp370/r1i1p1f1
Scanning directory: /maps/rt582/cmipper/.esgpull/data/CMIP6/ScenarioMIP/AWI/AWI-CM-1-1-MR/ssp126/r1i1p1f1/Omon
No .nc files found in /maps/rt582/cmipper/.esgpull/data/CMIP6/ScenarioMIP/AWI/AWI-CM-1-1-MR/ssp126/r1i1p1f1/Omon
Scanning directory: /maps/rt582/cmipper/.esgpull/data/CMIP6/ScenarioMIP/AWI/AWI-CM-1-1-MR/ssp126/r1i1p1f1/Omon/so
No .nc files found in /maps/rt582/cmipper/.esgpull/data/CMIP6/ScenarioMIP/AWI/AWI-CM-1-1-MR/ssp126/r1i1p1f1/Omon/so
Scanning directory: /maps/rt582/cmipper/.esgpull/data/CMIP6/ScenarioMIP/AWI/AWI-CM-1-1-MR/ssp126/r1i1p1f1/Omon/rsdo
No .nc files found in /maps/rt582/cmipper/.esgpull/data/CMIP6/ScenarioMIP/AWI/AWI-CM-1-1-MR/ssp126/r1i1p1f1/Omon/rsdo
Scanning directory: /maps/rt582/cmipper/.esgpull/data/CMIP6/ScenarioMIP/AWI/AWI-CM-1-1-MR/ssp126/r1i1p1f1/Omon/tos
No .nc files found in /maps/rt582/cmipper/.esgpull/data/CMIP6/ScenarioMIP/AWI/AWI-CM-1-1-MR/ssp126/r1i1p1f1/Omon/tos
Scanning directory: /maps/rt582/cmipper/.esgpull/data/CMIP6/ScenarioMIP/AWI/AWI-CM-1-1-MR/ssp126/r1i1p1f1/Omon/so/gn
No .nc files found in /maps/rt582/cmipper/.esgpull/data/CMIP6/ScenarioMIP/AWI/AWI-CM-1-1-MR/ssp126/r1i1p1f1/Omon/so/gn
Scanning directory: /maps/rt582/cmipper/.esgpull/data/CMIP6/ScenarioMIP/AWI/AWI-CM-1-1-MR/ssp126/r1i1p1f1/Omon/rsdo/gn
No .nc files found in /maps/rt582/cmipper/.esgpull/data/CMIP6/ScenarioMIP/AWI/AWI-CM-1-1-MR/ssp126/r1i1p1f1/Omon/rsdo/gn
Scanning directory: /maps/rt582/cmipper/.esgpull/data/CMIP6/ScenarioMIP/AWI/AWI-CM-1-1-MR/ssp126/r1i1p1f1/Omon/tos/gn
No .nc files found in /maps/rt582/cmipper/.esgpull/data/CMIP6/ScenarioMIP/AWI/AWI-CM-1-1-MR/ssp126/r1i1p1f1/Omon/tos/gn
Scanning directory: /maps/rt582/cmipper/.esgpull/data/CMIP6/ScenarioMIP/AWI/AWI-CM-1-1-MR/ssp126/r1i1p1f1/Omon/so/gn/v20181218
No .nc files found in /maps/rt582/cmipper/.esgpull/data/CMIP6/ScenarioMIP/AWI/AWI-CM-1-1-MR/ssp126/r1i1p1f1/Omon/so/gn/v20181218
Scanning directory: /maps/rt582/cmipper/.esgpull/data/CMIP6/ScenarioMIP/AWI/AWI-CM-1-1-MR/ssp126/r1i1p1f1/Omon/so/gn/v20181218/remapped
Skipping directory (filepath contains remapped/processed): /maps/rt582/cmipper/.esgpull/data/CMIP6/ScenarioMIP/AWI/AWI-CM-1-1-MR/ssp126/r1i1p1f1/Omon/so/gn/v20181218/remapped
Scanning directory: /maps/rt582/cmipper/.esgpull/data/CMIP6/ScenarioMIP/AWI/AWI-CM-1-1-MR/ssp126/r1i1p1f1/Omon/rsdo/gn/v20181218
No .nc files found in /maps/rt582/cmipper/.esgpull/data/CMIP6/ScenarioMIP/AWI/AWI-CM-1-1-MR/ssp126/r1i1p1f1/Omon/rsdo/gn/v20181218
Scanning directory: /maps/rt582/cmipper/.esgpull/data/CMIP6/ScenarioMIP/AWI/AWI-CM-1-1-MR/ssp126/r1i1p1f1/Omon/rsdo/gn/v20181218/remapped
Skipping directory (filepath contains remapped/processed): /maps/rt582/cmipper/.esgpull/data/CMIP6/ScenarioMIP/AWI/AWI-CM-1-1-MR/ssp126/r1i1p1f1/Omon/rsdo/gn/v20181218/remapped
Scanning directory: /maps/rt582/cmipper/.esgpull/data/CMIP6/ScenarioMIP/AWI/AWI-CM-1-1-MR/ssp126/r1i1p1f1/Omon/tos/gn/v20181218
No .nc files found in /maps/rt582/cmipper/.esgpull/data/CMIP6/ScenarioMIP/AWI/AWI-CM-1-1-MR/ssp126/r1i1p1f1/Omon/tos/gn/v20181218
Scanning directory: /maps/rt582/cmipper/.esgpull/data/CMIP6/ScenarioMIP/AWI/AWI-CM-1-1-MR/ssp126/r1i1p1f1/Omon/tos/gn/v20181218/remapped
Skipping directory (filepath contains remapped/processed): /maps/rt582/cmipper/.esgpull/data/CMIP6/ScenarioMIP/AWI/AWI-CM-1-1-MR/ssp126/r1i1p1f1/Omon/tos/gn/v20181218/remapped
Scanning directory: /maps/rt582/cmipper/.esgpull/data/CMIP6/ScenarioMIP/AWI/AWI-CM-1-1-MR/ssp585/r1i1p1f1/Omon
No .nc files found in /maps/rt582/cmipper/.esgpull/data/CMIP6/ScenarioMIP/AWI/AWI-CM-1-1-MR/ssp585/r1i1p1f1/Omon
Scanning directory: /maps/rt582/cmipper/.esgpull/data/CMIP6/ScenarioMIP/AWI/AWI-CM-1-1-MR/ssp585/r1i1p1f1/Omon/so
No .nc files found in /maps/rt582/cmipper/.esgpull/data/CMIP6/ScenarioMIP/AWI/AWI-CM-1-1-MR/ssp585/r1i1p1f1/Omon/so
Scanning directory: /maps/rt582/cmipper/.esgpull/data/CMIP6/ScenarioMIP/AWI/AWI-CM-1-1-MR/ssp585/r1i1p1f1/Omon/rsdo
No .nc files found in /maps/rt582/cmipper/.esgpull/data/CMIP6/ScenarioMIP/AWI/AWI-CM-1-1-MR/ssp585/r1i1p1f1/Omon/rsdo
Scanning directory: /maps/rt582/cmipper/.esgpull/data/CMIP6/ScenarioMIP/AWI/AWI-CM-1-1-MR/ssp585/r1i1p1f1/Omon/thetao
No .nc files found in /maps/rt582/cmipper/.esgpull/data/CMIP6/ScenarioMIP/AWI/AWI-CM-1-1-MR/ssp585/r1i1p1f1/Omon/thetao
Scanning directory: /maps/rt582/cmipper/.esgpull/data/CMIP6/ScenarioMIP/AWI/AWI-CM-1-1-MR/ssp585/r1i1p1f1/Omon/tos
No .nc files found in /maps/rt582/cmipper/.esgpull/data/CMIP6/ScenarioMIP/AWI/AWI-CM-1-1-MR/ssp585/r1i1p1f1/Omon/tos
Scanning directory: /maps/rt582/cmipper/.esgpull/data/CMIP6/ScenarioMIP/AWI/AWI-CM-1-1-MR/ssp585/r1i1p1f1/Omon/so/gn
No .nc files found in /maps/rt582/cmipper/.esgpull/data/CMIP6/ScenarioMIP/AWI/AWI-CM-1-1-MR/ssp585/r1i1p1f1/Omon/so/gn
Scanning directory: /maps/rt582/cmipper/.esgpull/data/CMIP6/ScenarioMIP/AWI/AWI-CM-1-1-MR/ssp585/r1i1p1f1/Omon/rsdo/gn
No .nc files found in /maps/rt582/cmipper/.esgpull/data/CMIP6/ScenarioMIP/AWI/AWI-CM-1-1-MR/ssp585/r1i1p1f1/Omon/rsdo/gn
Scanning directory: /maps/rt582/cmipper/.esgpull/data/CMIP6/ScenarioMIP/AWI/AWI-CM-1-1-MR/ssp585/r1i1p1f1/Omon/thetao/gn
No .nc files found in /maps/rt582/cmipper/.esgpull/data/CMIP6/ScenarioMIP/AWI/AWI-CM-1-1-MR/ssp585/r1i1p1f1/Omon/thetao/gn
Scanning directory: /maps/rt582/cmipper/.esgpull/data/CMIP6/ScenarioMIP/AWI/AWI-CM-1-1-MR/ssp585/r1i1p1f1/Omon/tos/gn
No .nc files found in /maps/rt582/cmipper/.esgpull/data/CMIP6/ScenarioMIP/AWI/AWI-CM-1-1-MR/ssp585/r1i1p1f1/Omon/tos/gn
Scanning directory: /maps/rt582/cmipper/.esgpull/data/CMIP6/ScenarioMIP/AWI/AWI-CM-1-1-MR/ssp585/r1i1p1f1/Omon/so/gn/v20181218
No .nc files found in /maps/rt582/cmipper/.esgpull/data/CMIP6/ScenarioMIP/AWI/AWI-CM-1-1-MR/ssp585/r1i1p1f1/Omon/so/gn/v20181218
Scanning directory: /maps/rt582/cmipper/.esgpull/data/CMIP6/ScenarioMIP/AWI/AWI-CM-1-1-MR/ssp585/r1i1p1f1/Omon/so/gn/v20181218/remapped
Skipping directory (filepath contains remapped/processed): /maps/rt582/cmipper/.esgpull/data/CMIP6/ScenarioMIP/AWI/AWI-CM-1-1-MR/ssp585/r1i1p1f1/Omon/so/gn/v20181218/remapped
Scanning directory: /maps/rt582/cmipper/.esgpull/data/CMIP6/ScenarioMIP/AWI/AWI-CM-1-1-MR/ssp585/r1i1p1f1/Omon/rsdo/gn/v20181218
No .nc files found in /maps/rt582/cmipper/.esgpull/data/CMIP6/ScenarioMIP/AWI/AWI-CM-1-1-MR/ssp585/r1i1p1f1/Omon/rsdo/gn/v20181218
Scanning directory: /maps/rt582/cmipper/.esgpull/data/CMIP6/ScenarioMIP/AWI/AWI-CM-1-1-MR/ssp585/r1i1p1f1/Omon/rsdo/gn/v20181218/remapped
Skipping directory (filepath contains remapped/processed): /maps/rt582/cmipper/.esgpull/data/CMIP6/ScenarioMIP/AWI/AWI-CM-1-1-MR/ssp585/r1i1p1f1/Omon/rsdo/gn/v20181218/remapped
Scanning directory: /maps/rt582/cmipper/.esgpull/data/CMIP6/ScenarioMIP/AWI/AWI-CM-1-1-MR/ssp585/r1i1p1f1/Omon/thetao/gn/v20181218
No .nc files found in /maps/rt582/cmipper/.esgpull/data/CMIP6/ScenarioMIP/AWI/AWI-CM-1-1-MR/ssp585/r1i1p1f1/Omon/thetao/gn/v20181218
Scanning directory: /maps/rt582/cmipper/.esgpull/data/CMIP6/ScenarioMIP/AWI/AWI-CM-1-1-MR/ssp585/r1i1p1f1/Omon/thetao/gn/v20181218/remapped
Skipping directory (filepath contains remapped/processed): /maps/rt582/cmipper/.esgpull/data/CMIP6/ScenarioMIP/AWI/AWI-CM-1-1-MR/ssp585/r1i1p1f1/Omon/thetao/gn/v20181218/remapped
Scanning directory: /maps/rt582/cmipper/.esgpull/data/CMIP6/ScenarioMIP/AWI/AWI-CM-1-1-MR/ssp585/r1i1p1f1/Omon/tos/gn/v20181218
No .nc files found in /maps/rt582/cmipper/.esgpull/data/CMIP6/ScenarioMIP/AWI/AWI-CM-1-1-MR/ssp585/r1i1p1f1/Omon/tos/gn/v20181218
Scanning directory: /maps/rt582/cmipper/.esgpull/data/CMIP6/ScenarioMIP/AWI/AWI-CM-1-1-MR/ssp585/r1i1p1f1/Omon/tos/gn/v20181218/remapped
Skipping directory (filepath contains remapped/processed): /maps/rt582/cmipper/.esgpull/data/CMIP6/ScenarioMIP/AWI/AWI-CM-1-1-MR/ssp585/r1i1p1f1/Omon/tos/gn/v20181218/remapped
Scanning directory: /maps/rt582/cmipper/.esgpull/data/CMIP6/ScenarioMIP/AWI/AWI-CM-1-1-MR/ssp245/r1i1p1f1/Omon
No .nc files found in /maps/rt582/cmipper/.esgpull/data/CMIP6/ScenarioMIP/AWI/AWI-CM-1-1-MR/ssp245/r1i1p1f1/Omon
Scanning directory: /maps/rt582/cmipper/.esgpull/data/CMIP6/ScenarioMIP/AWI/AWI-CM-1-1-MR/ssp245/r1i1p1f1/Omon/tos
No .nc files found in /maps/rt582/cmipper/.esgpull/data/CMIP6/ScenarioMIP/AWI/AWI-CM-1-1-MR/ssp245/r1i1p1f1/Omon/tos
Scanning directory: /maps/rt582/cmipper/.esgpull/data/CMIP6/ScenarioMIP/AWI/AWI-CM-1-1-MR/ssp245/r1i1p1f1/Omon/rsdo
No .nc files found in /maps/rt582/cmipper/.esgpull/data/CMIP6/ScenarioMIP/AWI/AWI-CM-1-1-MR/ssp245/r1i1p1f1/Omon/rsdo
Scanning directory: /maps/rt582/cmipper/.esgpull/data/CMIP6/ScenarioMIP/AWI/AWI-CM-1-1-MR/ssp245/r1i1p1f1/Omon/so
No .nc files found in /maps/rt582/cmipper/.esgpull/data/CMIP6/ScenarioMIP/AWI/AWI-CM-1-1-MR/ssp245/r1i1p1f1/Omon/so
Scanning directory: /maps/rt582/cmipper/.esgpull/data/CMIP6/ScenarioMIP/AWI/AWI-CM-1-1-MR/ssp245/r1i1p1f1/Omon/tos/gn
No .nc files found in /maps/rt582/cmipper/.esgpull/data/CMIP6/ScenarioMIP/AWI/AWI-CM-1-1-MR/ssp245/r1i1p1f1/Omon/tos/gn
Scanning directory: /maps/rt582/cmipper/.esgpull/data/CMIP6/ScenarioMIP/AWI/AWI-CM-1-1-MR/ssp245/r1i1p1f1/Omon/rsdo/gn
No .nc files found in /maps/rt582/cmipper/.esgpull/data/CMIP6/ScenarioMIP/AWI/AWI-CM-1-1-MR/ssp245/r1i1p1f1/Omon/rsdo/gn
Scanning directory: /maps/rt582/cmipper/.esgpull/data/CMIP6/ScenarioMIP/AWI/AWI-CM-1-1-MR/ssp245/r1i1p1f1/Omon/so/gn
No .nc files found in /maps/rt582/cmipper/.esgpull/data/CMIP6/ScenarioMIP/AWI/AWI-CM-1-1-MR/ssp245/r1i1p1f1/Omon/so/gn
Scanning directory: /maps/rt582/cmipper/.esgpull/data/CMIP6/ScenarioMIP/AWI/AWI-CM-1-1-MR/ssp245/r1i1p1f1/Omon/tos/gn/v20181218
No .nc files found in /maps/rt582/cmipper/.esgpull/data/CMIP6/ScenarioMIP/AWI/AWI-CM-1-1-MR/ssp245/r1i1p1f1/Omon/tos/gn/v20181218
Scanning directory: /maps/rt582/cmipper/.esgpull/data/CMIP6/ScenarioMIP/AWI/AWI-CM-1-1-MR/ssp245/r1i1p1f1/Omon/tos/gn/v20181218/remapped
Skipping directory (filepath contains remapped/processed): /maps/rt582/cmipper/.esgpull/data/CMIP6/ScenarioMIP/AWI/AWI-CM-1-1-MR/ssp245/r1i1p1f1/Omon/tos/gn/v20181218/remapped
Scanning directory: /maps/rt582/cmipper/.esgpull/data/CMIP6/ScenarioMIP/AWI/AWI-CM-1-1-MR/ssp245/r1i1p1f1/Omon/rsdo/gn/v20181218
No .nc files found in /maps/rt582/cmipper/.esgpull/data/CMIP6/ScenarioMIP/AWI/AWI-CM-1-1-MR/ssp245/r1i1p1f1/Omon/rsdo/gn/v20181218
Scanning directory: /maps/rt582/cmipper/.esgpull/data/CMIP6/ScenarioMIP/AWI/AWI-CM-1-1-MR/ssp245/r1i1p1f1/Omon/rsdo/gn/v20181218/remapped
Skipping directory (filepath contains remapped/processed): /maps/rt582/cmipper/.esgpull/data/CMIP6/ScenarioMIP/AWI/AWI-CM-1-1-MR/ssp245/r1i1p1f1/Omon/rsdo/gn/v20181218/remapped
Scanning directory: /maps/rt582/cmipper/.esgpull/data/CMIP6/ScenarioMIP/AWI/AWI-CM-1-1-MR/ssp245/r1i1p1f1/Omon/so/gn/v20181218
No .nc files found in /maps/rt582/cmipper/.esgpull/data/CMIP6/ScenarioMIP/AWI/AWI-CM-1-1-MR/ssp245/r1i1p1f1/Omon/so/gn/v20181218
Scanning directory: /maps/rt582/cmipper/.esgpull/data/CMIP6/ScenarioMIP/AWI/AWI-CM-1-1-MR/ssp245/r1i1p1f1/Omon/so/gn/v20181218/remapped
Skipping directory (filepath contains remapped/processed): /maps/rt582/cmipper/.esgpull/data/CMIP6/ScenarioMIP/AWI/AWI-CM-1-1-MR/ssp245/r1i1p1f1/Omon/so/gn/v20181218/remapped
Scanning directory: /maps/rt582/cmipper/.esgpull/data/CMIP6/ScenarioMIP/AWI/AWI-CM-1-1-MR/ssp370/r1i1p1f1/Omon
No .nc files found in /maps/rt582/cmipper/.esgpull/data/CMIP6/ScenarioMIP/AWI/AWI-CM-1-1-MR/ssp370/r1i1p1f1/Omon
Scanning directory: /maps/rt582/cmipper/.esgpull/data/CMIP6/ScenarioMIP/AWI/AWI-CM-1-1-MR/ssp370/r1i1p1f1/Omon/so
No .nc files found in /maps/rt582/cmipper/.esgpull/data/CMIP6/ScenarioMIP/AWI/AWI-CM-1-1-MR/ssp370/r1i1p1f1/Omon/so
Scanning directory: /maps/rt582/cmipper/.esgpull/data/CMIP6/ScenarioMIP/AWI/AWI-CM-1-1-MR/ssp370/r1i1p1f1/Omon/thetao
No .nc files found in /maps/rt582/cmipper/.esgpull/data/CMIP6/ScenarioMIP/AWI/AWI-CM-1-1-MR/ssp370/r1i1p1f1/Omon/thetao
Scanning directory: /maps/rt582/cmipper/.esgpull/data/CMIP6/ScenarioMIP/AWI/AWI-CM-1-1-MR/ssp370/r1i1p1f1/Omon/rsdo
No .nc files found in /maps/rt582/cmipper/.esgpull/data/CMIP6/ScenarioMIP/AWI/AWI-CM-1-1-MR/ssp370/r1i1p1f1/Omon/rsdo
Scanning directory: /maps/rt582/cmipper/.esgpull/data/CMIP6/ScenarioMIP/AWI/AWI-CM-1-1-MR/ssp370/r1i1p1f1/Omon/tos
No .nc files found in /maps/rt582/cmipper/.esgpull/data/CMIP6/ScenarioMIP/AWI/AWI-CM-1-1-MR/ssp370/r1i1p1f1/Omon/tos
Scanning directory: /maps/rt582/cmipper/.esgpull/data/CMIP6/ScenarioMIP/AWI/AWI-CM-1-1-MR/ssp370/r1i1p1f1/Omon/so/gn
No .nc files found in /maps/rt582/cmipper/.esgpull/data/CMIP6/ScenarioMIP/AWI/AWI-CM-1-1-MR/ssp370/r1i1p1f1/Omon/so/gn
Scanning directory: /maps/rt582/cmipper/.esgpull/data/CMIP6/ScenarioMIP/AWI/AWI-CM-1-1-MR/ssp370/r1i1p1f1/Omon/thetao/gn
No .nc files found in /maps/rt582/cmipper/.esgpull/data/CMIP6/ScenarioMIP/AWI/AWI-CM-1-1-MR/ssp370/r1i1p1f1/Omon/thetao/gn
Scanning directory: /maps/rt582/cmipper/.esgpull/data/CMIP6/ScenarioMIP/AWI/AWI-CM-1-1-MR/ssp370/r1i1p1f1/Omon/rsdo/gn
No .nc files found in /maps/rt582/cmipper/.esgpull/data/CMIP6/ScenarioMIP/AWI/AWI-CM-1-1-MR/ssp370/r1i1p1f1/Omon/rsdo/gn
Scanning directory: /maps/rt582/cmipper/.esgpull/data/CMIP6/ScenarioMIP/AWI/AWI-CM-1-1-MR/ssp370/r1i1p1f1/Omon/tos/gn
No .nc files found in /maps/rt582/cmipper/.esgpull/data/CMIP6/ScenarioMIP/AWI/AWI-CM-1-1-MR/ssp370/r1i1p1f1/Omon/tos/gn
Scanning directory: /maps/rt582/cmipper/.esgpull/data/CMIP6/ScenarioMIP/AWI/AWI-CM-1-1-MR/ssp370/r1i1p1f1/Omon/so/gn/v20181218
No .nc files found in /maps/rt582/cmipper/.esgpull/data/CMIP6/ScenarioMIP/AWI/AWI-CM-1-1-MR/ssp370/r1i1p1f1/Omon/so/gn/v20181218
Scanning directory: /maps/rt582/cmipper/.esgpull/data/CMIP6/ScenarioMIP/AWI/AWI-CM-1-1-MR/ssp370/r1i1p1f1/Omon/so/gn/v20181218/remapped
Skipping directory (filepath contains remapped/processed): /maps/rt582/cmipper/.esgpull/data/CMIP6/ScenarioMIP/AWI/AWI-CM-1-1-MR/ssp370/r1i1p1f1/Omon/so/gn/v20181218/remapped
Scanning directory: /maps/rt582/cmipper/.esgpull/data/CMIP6/ScenarioMIP/AWI/AWI-CM-1-1-MR/ssp370/r1i1p1f1/Omon/thetao/gn/v20181218
No .nc files found in /maps/rt582/cmipper/.esgpull/data/CMIP6/ScenarioMIP/AWI/AWI-CM-1-1-MR/ssp370/r1i1p1f1/Omon/thetao/gn/v20181218
Scanning directory: /maps/rt582/cmipper/.esgpull/data/CMIP6/ScenarioMIP/AWI/AWI-CM-1-1-MR/ssp370/r1i1p1f1/Omon/thetao/gn/v20181218/remapped
Skipping directory (filepath contains remapped/processed): /maps/rt582/cmipper/.esgpull/data/CMIP6/ScenarioMIP/AWI/AWI-CM-1-1-MR/ssp370/r1i1p1f1/Omon/thetao/gn/v20181218/remapped
Scanning directory: /maps/rt582/cmipper/.esgpull/data/CMIP6/ScenarioMIP/AWI/AWI-CM-1-1-MR/ssp370/r1i1p1f1/Omon/rsdo/gn/v20181218
No .nc files found in /maps/rt582/cmipper/.esgpull/data/CMIP6/ScenarioMIP/AWI/AWI-CM-1-1-MR/ssp370/r1i1p1f1/Omon/rsdo/gn/v20181218
Scanning directory: /maps/rt582/cmipper/.esgpull/data/CMIP6/ScenarioMIP/AWI/AWI-CM-1-1-MR/ssp370/r1i1p1f1/Omon/rsdo/gn/v20181218/remapped
Skipping directory (filepath contains remapped/processed): /maps/rt582/cmipper/.esgpull/data/CMIP6/ScenarioMIP/AWI/AWI-CM-1-1-MR/ssp370/r1i1p1f1/Omon/rsdo/gn/v20181218/remapped
Scanning directory: /maps/rt582/cmipper/.esgpull/data/CMIP6/ScenarioMIP/AWI/AWI-CM-1-1-MR/ssp370/r1i1p1f1/Omon/tos/gn/v20181218
No .nc files found in /maps/rt582/cmipper/.esgpull/data/CMIP6/ScenarioMIP/AWI/AWI-CM-1-1-MR/ssp370/r1i1p1f1/Omon/tos/gn/v20181218
Scanning directory: /maps/rt582/cmipper/.esgpull/data/CMIP6/ScenarioMIP/AWI/AWI-CM-1-1-MR/ssp370/r1i1p1f1/Omon/tos/gn/v20181218/remapped
Skipping directory (filepath contains remapped/processed): /maps/rt582/cmipper/.esgpull/data/CMIP6/ScenarioMIP/AWI/AWI-CM-1-1-MR/ssp370/r1i1p1f1/Omon/tos/gn/v20181218/remapped
Scanning directory: /maps/rt582/cmipper/.esgpull/data/CMIP6/ScenarioMIP/CSIRO/ACCESS-ESM1-5/ssp585
No .nc files found in /maps/rt582/cmipper/.esgpull/data/CMIP6/ScenarioMIP/CSIRO/ACCESS-ESM1-5/ssp585
Scanning directory: /maps/rt582/cmipper/.esgpull/data/CMIP6/ScenarioMIP/CSIRO/ACCESS-ESM1-5/ssp126
No .nc files found in /maps/rt582/cmipper/.esgpull/data/CMIP6/ScenarioMIP/CSIRO/ACCESS-ESM1-5/ssp126
Scanning directory: /maps/rt582/cmipper/.esgpull/data/CMIP6/ScenarioMIP/CSIRO/ACCESS-ESM1-5/ssp370
No .nc files found in /maps/rt582/cmipper/.esgpull/data/CMIP6/ScenarioMIP/CSIRO/ACCESS-ESM1-5/ssp370
Scanning directory: /maps/rt582/cmipper/.esgpull/data/CMIP6/ScenarioMIP/CSIRO/ACCESS-ESM1-5/ssp245
No .nc files found in /maps/rt582/cmipper/.esgpull/data/CMIP6/ScenarioMIP/CSIRO/ACCESS-ESM1-5/ssp245
Scanning directory: /maps/rt582/cmipper/.esgpull/data/CMIP6/ScenarioMIP/CSIRO/ACCESS-ESM1-5/ssp585/r1i1p1f1
No .nc files found in /maps/rt582/cmipper/.esgpull/data/CMIP6/ScenarioMIP/CSIRO/ACCESS-ESM1-5/ssp585/r1i1p1f1
Scanning directory: /maps/rt582/cmipper/.esgpull/data/CMIP6/ScenarioMIP/CSIRO/ACCESS-ESM1-5/ssp126/r1i1p1f1
No .nc files found in /maps/rt582/cmipper/.esgpull/data/CMIP6/ScenarioMIP/CSIRO/ACCESS-ESM1-5/ssp126/r1i1p1f1
Scanning directory: /maps/rt582/cmipper/.esgpull/data/CMIP6/ScenarioMIP/CSIRO/ACCESS-ESM1-5/ssp370/r1i1p1f1
No .nc files found in /maps/rt582/cmipper/.esgpull/data/CMIP6/ScenarioMIP/CSIRO/ACCESS-ESM1-5/ssp370/r1i1p1f1
Scanning directory: /maps/rt582/cmipper/.esgpull/data/CMIP6/ScenarioMIP/CSIRO/ACCESS-ESM1-5/ssp245/r1i1p1f1
No .nc files found in /maps/rt582/cmipper/.esgpull/data/CMIP6/ScenarioMIP/CSIRO/ACCESS-ESM1-5/ssp245/r1i1p1f1
Scanning directory: /maps/rt582/cmipper/.esgpull/data/CMIP6/ScenarioMIP/CSIRO/ACCESS-ESM1-5/ssp585/r1i1p1f1/Omon
No .nc files found in /maps/rt582/cmipper/.esgpull/data/CMIP6/ScenarioMIP/CSIRO/ACCESS-ESM1-5/ssp585/r1i1p1f1/Omon
Scanning directory: /maps/rt582/cmipper/.esgpull/data/CMIP6/ScenarioMIP/CSIRO/ACCESS-ESM1-5/ssp585/r1i1p1f1/Omon/arag
No .nc files found in /maps/rt582/cmipper/.esgpull/data/CMIP6/ScenarioMIP/CSIRO/ACCESS-ESM1-5/ssp585/r1i1p1f1/Omon/arag
Scanning directory: /maps/rt582/cmipper/.esgpull/data/CMIP6/ScenarioMIP/CSIRO/ACCESS-ESM1-5/ssp585/r1i1p1f1/Omon/po4
No .nc files found in /maps/rt582/cmipper/.esgpull/data/CMIP6/ScenarioMIP/CSIRO/ACCESS-ESM1-5/ssp585/r1i1p1f1/Omon/po4
Scanning directory: /maps/rt582/cmipper/.esgpull/data/CMIP6/ScenarioMIP/CSIRO/ACCESS-ESM1-5/ssp585/r1i1p1f1/Omon/no3
No .nc files found in /maps/rt582/cmipper/.esgpull/data/CMIP6/ScenarioMIP/CSIRO/ACCESS-ESM1-5/ssp585/r1i1p1f1/Omon/no3
Scanning directory: /maps/rt582/cmipper/.esgpull/data/CMIP6/ScenarioMIP/CSIRO/ACCESS-ESM1-5/ssp585/r1i1p1f1/Omon/arag/gn
No .nc files found in /maps/rt582/cmipper/.esgpull/data/CMIP6/ScenarioMIP/CSIRO/ACCESS-ESM1-5/ssp585/r1i1p1f1/Omon/arag/gn
Scanning directory: /maps/rt582/cmipper/.esgpull/data/CMIP6/ScenarioMIP/CSIRO/ACCESS-ESM1-5/ssp585/r1i1p1f1/Omon/po4/gn
No .nc files found in /maps/rt582/cmipper/.esgpull/data/CMIP6/ScenarioMIP/CSIRO/ACCESS-ESM1-5/ssp585/r1i1p1f1/Omon/po4/gn
Scanning directory: /maps/rt582/cmipper/.esgpull/data/CMIP6/ScenarioMIP/CSIRO/ACCESS-ESM1-5/ssp585/r1i1p1f1/Omon/no3/gn
No .nc files found in /maps/rt582/cmipper/.esgpull/data/CMIP6/ScenarioMIP/CSIRO/ACCESS-ESM1-5/ssp585/r1i1p1f1/Omon/no3/gn
Scanning directory: /maps/rt582/cmipper/.esgpull/data/CMIP6/ScenarioMIP/CSIRO/ACCESS-ESM1-5/ssp585/r1i1p1f1/Omon/arag/gn/v20210318
	Remapping 4 files in /maps/rt582/cmipper/.esgpull/data/CMIP6/ScenarioMIP/CSIRO/ACCESS-ESM1-5/ssp585/r1i1p1f1/Omon/arag/gn/v20210318
	Remapping 4 files in /maps/rt582/cmipper/.esgpull/data/CMIP6/ScenarioMIP/CSIRO/ACCESS-ESM1-5/ssp585/r1i1p1f1/Omon/arag/gn/v20210318
	Remapping /maps/rt582/cmipper/.esgpull/data/CMIP6/ScenarioMIP/CSIRO/ACCESS-ESM1-5/ssp585/r1i1p1f1/Omon/arag/gn/v20210318/arag_Omon_ACCESS-ESM1-5_ssp585_r1i1p1f1_gn_215101-216012.nc -> /maps/rt582/cmipper/.esgpull/data/CMIP6/ScenarioMIP/CSIRO/ACCESS-ESM1-5/ssp585/r1i1p1f1/Omon/arag/gn/v20210318/remapped/arag_Omon_ACCESS-ESM1-5_ssp585_r1i1p1f1_gn_215101-216012.nc
Remapped: /maps/rt582/cmipper/.esgpull/data/CMIP6/ScenarioMIP/CSIRO/ACCESS-ESM1-5/ssp585/r1i1p1f1/Omon/arag/gn/v20210318/arag_Omon_ACCESS-ESM1-5_ssp585_r1i1p1f1_gn_215101-216012.nc -> /maps/rt582/cmipper/.esgpull/data/CMIP6/ScenarioMIP/CSIRO/ACCESS-ESM1-5/ssp585/r1i1p1f1/Omon/arag/gn/v20210318/remapped/arag_Omon_ACCESS-ESM1-5_ssp585_r1i1p1f1_gn_215101-216012.nc
	Remapping /maps/rt582/cmipper/.esgpull/data/CMIP6/ScenarioMIP/CSIRO/ACCESS-ESM1-5/ssp585/r1i1p1f1/Omon/arag/gn/v20210318/arag_Omon_ACCESS-ESM1-5_ssp585_r1i1p1f1_gn_229101-230012.nc -> /maps/rt582/cmipper/.esgpull/data/CMIP6/ScenarioMIP/CSIRO/ACCESS-ESM1-5/ssp585/r1i1p1f1/Omon/arag/gn/v20210318/remapped/arag_Omon_ACCESS-ESM1-5_ssp585_r1i1p1f1_gn_229101-230012.nc
Remapped: /maps/rt582/cmipper/.esgpull/data/CMIP6/ScenarioMIP/CSIRO/ACCESS-ESM1-5/ssp585/r1i1p1f1/Omon/arag/gn/v20210318/arag_Omon_ACCESS-ESM1-5_ssp585_r1i1p1f1_gn_229101-230012.nc -> /maps/rt582/cmipper/.esgpull/data/CMIP6/ScenarioMIP/CSIRO/ACCESS-ESM1-5/ssp585/r1i1p1f1/Omon/arag/gn/v20210318/remapped/arag_Omon_ACCESS-ESM1-5_ssp585_r1i1p1f1_gn_229101-230012.nc
	Remapping /maps/rt582/cmipper/.esgpull/data/CMIP6/ScenarioMIP/CSIRO/ACCESS-ESM1-5/ssp585/r1i1p1f1/Omon/arag/gn/v20210318/arag_Omon_ACCESS-ESM1-5_ssp585_r1i1p1f1_gn_212101-213012.nc -> /maps/rt582/cmipper/.esgpull/data/CMIP6/ScenarioMIP/CSIRO/ACCESS-ESM1-5/ssp585/r1i1p1f1/Omon/arag/gn/v20210318/remapped/arag_Omon_ACCESS-ESM1-5_ssp585_r1i1p1f1_gn_212101-213012.nc
Remapped: /maps/rt582/cmipper/.esgpull/data/CMIP6/ScenarioMIP/CSIRO/ACCESS-ESM1-5/ssp585/r1i1p1f1/Omon/arag/gn/v20210318/arag_Omon_ACCESS-ESM1-5_ssp585_r1i1p1f1_gn_212101-213012.nc -> /maps/rt582/cmipper/.esgpull/data/CMIP6/ScenarioMIP/CSIRO/ACCESS-ESM1-5/ssp585/r1i1p1f1/Omon/arag/gn/v20210318/remapped/arag_Omon_ACCESS-ESM1-5_ssp585_r1i1p1f1_gn_212101-213012.nc
	Remapping /maps/rt582/cmipper/.esgpull/data/CMIP6/ScenarioMIP/CSIRO/ACCESS-ESM1-5/ssp585/r1i1p1f1/Omon/arag/gn/v20210318/arag_Omon_ACCESS-ESM1-5_ssp585_r1i1p1f1_gn_220101-221012.nc -> /maps/rt582/cmipper/.esgpull/data/CMIP6/ScenarioMIP/CSIRO/ACCESS-ESM1-5/ssp585/r1i1p1f1/Omon/arag/gn/v20210318/remapped/arag_Omon_ACCESS-ESM1-5_ssp585_r1i1p1f1_gn_220101-221012.nc
Remapped: /maps/rt582/cmipper/.esgpull/data/CMIP6/ScenarioMIP/CSIRO/ACCESS-ESM1-5/ssp585/r1i1p1f1/Omon/arag/gn/v20210318/arag_Omon_ACCESS-ESM1-5_ssp585_r1i1p1f1_gn_220101-221012.nc -> /maps/rt582/cmipper/.esgpull/data/CMIP6/ScenarioMIP/CSIRO/ACCESS-ESM1-5/ssp585/r1i1p1f1/Omon/arag/gn/v20210318/remapped/arag_Omon_ACCESS-ESM1-5_ssp585_r1i1p1f1_gn_220101-221012.nc
Scanning directory: /maps/rt582/cmipper/.esgpull/data/CMIP6/ScenarioMIP/CSIRO/ACCESS-ESM1-5/ssp585/r1i1p1f1/Omon/arag/gn/v20210318/remapped
Skipping directory (filepath contains remapped/processed): /maps/rt582/cmipper/.esgpull/data/CMIP6/ScenarioMIP/CSIRO/ACCESS-ESM1-5/ssp585/r1i1p1f1/Omon/arag/gn/v20210318/remapped
Scanning directory: /maps/rt582/cmipper/.esgpull/data/CMIP6/ScenarioMIP/CSIRO/ACCESS-ESM1-5/ssp585/r1i1p1f1/Omon/po4/gn/v20210318
	Remapping 4 files in /maps/rt582/cmipper/.esgpull/data/CMIP6/ScenarioMIP/CSIRO/ACCESS-ESM1-5/ssp585/r1i1p1f1/Omon/po4/gn/v20210318
	Remapping 4 files in /maps/rt582/cmipper/.esgpull/data/CMIP6/ScenarioMIP/CSIRO/ACCESS-ESM1-5/ssp585/r1i1p1f1/Omon/po4/gn/v20210318
	Remapping /maps/rt582/cmipper/.esgpull/data/CMIP6/ScenarioMIP/CSIRO/ACCESS-ESM1-5/ssp585/r1i1p1f1/Omon/po4/gn/v20210318/po4_Omon_ACCESS-ESM1-5_ssp585_r1i1p1f1_gn_228101-229012.nc -> /maps/rt582/cmipper/.esgpull/data/CMIP6/ScenarioMIP/CSIRO/ACCESS-ESM1-5/ssp585/r1i1p1f1/Omon/po4/gn/v20210318/remapped/po4_Omon_ACCESS-ESM1-5_ssp585_r1i1p1f1_gn_228101-229012.nc
Remapped: /maps/rt582/cmipper/.esgpull/data/CMIP6/ScenarioMIP/CSIRO/ACCESS-ESM1-5/ssp585/r1i1p1f1/Omon/po4/gn/v20210318/po4_Omon_ACCESS-ESM1-5_ssp585_r1i1p1f1_gn_228101-229012.nc -> /maps/rt582/cmipper/.esgpull/data/CMIP6/ScenarioMIP/CSIRO/ACCESS-ESM1-5/ssp585/r1i1p1f1/Omon/po4/gn/v20210318/remapped/po4_Omon_ACCESS-ESM1-5_ssp585_r1i1p1f1_gn_228101-229012.nc
	Remapping /maps/rt582/cmipper/.esgpull/data/CMIP6/ScenarioMIP/CSIRO/ACCESS-ESM1-5/ssp585/r1i1p1f1/Omon/po4/gn/v20210318/po4_Omon_ACCESS-ESM1-5_ssp585_r1i1p1f1_gn_229101-230012.nc -> /maps/rt582/cmipper/.esgpull/data/CMIP6/ScenarioMIP/CSIRO/ACCESS-ESM1-5/ssp585/r1i1p1f1/Omon/po4/gn/v20210318/remapped/po4_Omon_ACCESS-ESM1-5_ssp585_r1i1p1f1_gn_229101-230012.nc
Remapped: /maps/rt582/cmipper/.esgpull/data/CMIP6/ScenarioMIP/CSIRO/ACCESS-ESM1-5/ssp585/r1i1p1f1/Omon/po4/gn/v20210318/po4_Omon_ACCESS-ESM1-5_ssp585_r1i1p1f1_gn_229101-230012.nc -> /maps/rt582/cmipper/.esgpull/data/CMIP6/ScenarioMIP/CSIRO/ACCESS-ESM1-5/ssp585/r1i1p1f1/Omon/po4/gn/v20210318/remapped/po4_Omon_ACCESS-ESM1-5_ssp585_r1i1p1f1_gn_229101-230012.nc
	Remapping /maps/rt582/cmipper/.esgpull/data/CMIP6/ScenarioMIP/CSIRO/ACCESS-ESM1-5/ssp585/r1i1p1f1/Omon/po4/gn/v20210318/po4_Omon_ACCESS-ESM1-5_ssp585_r1i1p1f1_gn_209501-210012.nc -> /maps/rt582/cmipper/.esgpull/data/CMIP6/ScenarioMIP/CSIRO/ACCESS-ESM1-5/ssp585/r1i1p1f1/Omon/po4/gn/v20210318/remapped/po4_Omon_ACCESS-ESM1-5_ssp585_r1i1p1f1_gn_209501-210012.nc
Remapped: /maps/rt582/cmipper/.esgpull/data/CMIP6/ScenarioMIP/CSIRO/ACCESS-ESM1-5/ssp585/r1i1p1f1/Omon/po4/gn/v20210318/po4_Omon_ACCESS-ESM1-5_ssp585_r1i1p1f1_gn_209501-210012.nc -> /maps/rt582/cmipper/.esgpull/data/CMIP6/ScenarioMIP/CSIRO/ACCESS-ESM1-5/ssp585/r1i1p1f1/Omon/po4/gn/v20210318/remapped/po4_Omon_ACCESS-ESM1-5_ssp585_r1i1p1f1_gn_209501-210012.nc
	Remapping /maps/rt582/cmipper/.esgpull/data/CMIP6/ScenarioMIP/CSIRO/ACCESS-ESM1-5/ssp585/r1i1p1f1/Omon/po4/gn/v20210318/po4_Omon_ACCESS-ESM1-5_ssp585_r1i1p1f1_gn_218101-219012.nc -> /maps/rt582/cmipper/.esgpull/data/CMIP6/ScenarioMIP/CSIRO/ACCESS-ESM1-5/ssp585/r1i1p1f1/Omon/po4/gn/v20210318/remapped/po4_Omon_ACCESS-ESM1-5_ssp585_r1i1p1f1_gn_218101-219012.nc
Remapped: /maps/rt582/cmipper/.esgpull/data/CMIP6/ScenarioMIP/CSIRO/ACCESS-ESM1-5/ssp585/r1i1p1f1/Omon/po4/gn/v20210318/po4_Omon_ACCESS-ESM1-5_ssp585_r1i1p1f1_gn_218101-219012.nc -> /maps/rt582/cmipper/.esgpull/data/CMIP6/ScenarioMIP/CSIRO/ACCESS-ESM1-5/ssp585/r1i1p1f1/Omon/po4/gn/v20210318/remapped/po4_Omon_ACCESS-ESM1-5_ssp585_r1i1p1f1_gn_218101-219012.nc
Scanning directory: /maps/rt582/cmipper/.esgpull/data/CMIP6/ScenarioMIP/CSIRO/ACCESS-ESM1-5/ssp585/r1i1p1f1/Omon/po4/gn/v20210318/remapped
Skipping directory (filepath contains remapped/processed): /maps/rt582/cmipper/.esgpull/data/CMIP6/ScenarioMIP/CSIRO/ACCESS-ESM1-5/ssp585/r1i1p1f1/Omon/po4/gn/v20210318/remapped
Scanning directory: /maps/rt582/cmipper/.esgpull/data/CMIP6/ScenarioMIP/CSIRO/ACCESS-ESM1-5/ssp585/r1i1p1f1/Omon/no3/gn/v20210318
	Remapping 7 files in /maps/rt582/cmipper/.esgpull/data/CMIP6/ScenarioMIP/CSIRO/ACCESS-ESM1-5/ssp585/r1i1p1f1/Omon/no3/gn/v20210318
	Remapping 7 files in /maps/rt582/cmipper/.esgpull/data/CMIP6/ScenarioMIP/CSIRO/ACCESS-ESM1-5/ssp585/r1i1p1f1/Omon/no3/gn/v20210318
	Remapping /maps/rt582/cmipper/.esgpull/data/CMIP6/ScenarioMIP/CSIRO/ACCESS-ESM1-5/ssp585/r1i1p1f1/Omon/no3/gn/v20210318/no3_Omon_ACCESS-ESM1-5_ssp585_r1i1p1f1_gn_222101-223012.nc -> /maps/rt582/cmipper/.esgpull/data/CMIP6/ScenarioMIP/CSIRO/ACCESS-ESM1-5/ssp585/r1i1p1f1/Omon/no3/gn/v20210318/remapped/no3_Omon_ACCESS-ESM1-5_ssp585_r1i1p1f1_gn_222101-223012.nc
Remapped: /maps/rt582/cmipper/.esgpull/data/CMIP6/ScenarioMIP/CSIRO/ACCESS-ESM1-5/ssp585/r1i1p1f1/Omon/no3/gn/v20210318/no3_Omon_ACCESS-ESM1-5_ssp585_r1i1p1f1_gn_222101-223012.nc -> /maps/rt582/cmipper/.esgpull/data/CMIP6/ScenarioMIP/CSIRO/ACCESS-ESM1-5/ssp585/r1i1p1f1/Omon/no3/gn/v20210318/remapped/no3_Omon_ACCESS-ESM1-5_ssp585_r1i1p1f1_gn_222101-223012.nc
	Remapping /maps/rt582/cmipper/.esgpull/data/CMIP6/ScenarioMIP/CSIRO/ACCESS-ESM1-5/ssp585/r1i1p1f1/Omon/no3/gn/v20210318/no3_Omon_ACCESS-ESM1-5_ssp585_r1i1p1f1_gn_221101-222012.nc -> /maps/rt582/cmipper/.esgpull/data/CMIP6/ScenarioMIP/CSIRO/ACCESS-ESM1-5/ssp585/r1i1p1f1/Omon/no3/gn/v20210318/remapped/no3_Omon_ACCESS-ESM1-5_ssp585_r1i1p1f1_gn_221101-222012.nc
Remapped: /maps/rt582/cmipper/.esgpull/data/CMIP6/ScenarioMIP/CSIRO/ACCESS-ESM1-5/ssp585/r1i1p1f1/Omon/no3/gn/v20210318/no3_Omon_ACCESS-ESM1-5_ssp585_r1i1p1f1_gn_221101-222012.nc -> /maps/rt582/cmipper/.esgpull/data/CMIP6/ScenarioMIP/CSIRO/ACCESS-ESM1-5/ssp585/r1i1p1f1/Omon/no3/gn/v20210318/remapped/no3_Omon_ACCESS-ESM1-5_ssp585_r1i1p1f1_gn_221101-222012.nc
	Remapping /maps/rt582/cmipper/.esgpull/data/CMIP6/ScenarioMIP/CSIRO/ACCESS-ESM1-5/ssp585/r1i1p1f1/Omon/no3/gn/v20210318/no3_Omon_ACCESS-ESM1-5_ssp585_r1i1p1f1_gn_220101-221012.nc -> /maps/rt582/cmipper/.esgpull/data/CMIP6/ScenarioMIP/CSIRO/ACCESS-ESM1-5/ssp585/r1i1p1f1/Omon/no3/gn/v20210318/remapped/no3_Omon_ACCESS-ESM1-5_ssp585_r1i1p1f1_gn_220101-221012.nc
Remapped: /maps/rt582/cmipper/.esgpull/data/CMIP6/ScenarioMIP/CSIRO/ACCESS-ESM1-5/ssp585/r1i1p1f1/Omon/no3/gn/v20210318/no3_Omon_ACCESS-ESM1-5_ssp585_r1i1p1f1_gn_220101-221012.nc -> /maps/rt582/cmipper/.esgpull/data/CMIP6/ScenarioMIP/CSIRO/ACCESS-ESM1-5/ssp585/r1i1p1f1/Omon/no3/gn/v20210318/remapped/no3_Omon_ACCESS-ESM1-5_ssp585_r1i1p1f1_gn_220101-221012.nc
	Remapping /maps/rt582/cmipper/.esgpull/data/CMIP6/ScenarioMIP/CSIRO/ACCESS-ESM1-5/ssp585/r1i1p1f1/Omon/no3/gn/v20210318/no3_Omon_ACCESS-ESM1-5_ssp585_r1i1p1f1_gn_228101-229012.nc -> /maps/rt582/cmipper/.esgpull/data/CMIP6/ScenarioMIP/CSIRO/ACCESS-ESM1-5/ssp585/r1i1p1f1/Omon/no3/gn/v20210318/remapped/no3_Omon_ACCESS-ESM1-5_ssp585_r1i1p1f1_gn_228101-229012.nc
Remapped: /maps/rt582/cmipper/.esgpull/data/CMIP6/ScenarioMIP/CSIRO/ACCESS-ESM1-5/ssp585/r1i1p1f1/Omon/no3/gn/v20210318/no3_Omon_ACCESS-ESM1-5_ssp585_r1i1p1f1_gn_228101-229012.nc -> /maps/rt582/cmipper/.esgpull/data/CMIP6/ScenarioMIP/CSIRO/ACCESS-ESM1-5/ssp585/r1i1p1f1/Omon/no3/gn/v20210318/remapped/no3_Omon_ACCESS-ESM1-5_ssp585_r1i1p1f1_gn_228101-229012.nc
/maps/rt582/cmipper/.esgpull/data/CMIP6/ScenarioMIP/CSIRO/ACCESS-ESM1-5/ssp585/r1i1p1f1/Omon/no3/gn/v20210318/remapped/no3_Omon_ACCESS-ESM1-5_ssp585_r1i1p1f1_gn_217101-218012.nc already exists. Skipping...
	Remapping /maps/rt582/cmipper/.esgpull/data/CMIP6/ScenarioMIP/CSIRO/ACCESS-ESM1-5/ssp585/r1i1p1f1/Omon/no3/gn/v20210318/no3_Omon_ACCESS-ESM1-5_ssp585_r1i1p1f1_gn_227101-228012.nc -> /maps/rt582/cmipper/.esgpull/data/CMIP6/ScenarioMIP/CSIRO/ACCESS-ESM1-5/ssp585/r1i1p1f1/Omon/no3/gn/v20210318/remapped/no3_Omon_ACCESS-ESM1-5_ssp585_r1i1p1f1_gn_227101-228012.nc
Remapped: /maps/rt582/cmipper/.esgpull/data/CMIP6/ScenarioMIP/CSIRO/ACCESS-ESM1-5/ssp585/r1i1p1f1/Omon/no3/gn/v20210318/no3_Omon_ACCESS-ESM1-5_ssp585_r1i1p1f1_gn_227101-228012.nc -> /maps/rt582/cmipper/.esgpull/data/CMIP6/ScenarioMIP/CSIRO/ACCESS-ESM1-5/ssp585/r1i1p1f1/Omon/no3/gn/v20210318/remapped/no3_Omon_ACCESS-ESM1-5_ssp585_r1i1p1f1_gn_227101-228012.nc
	Remapping /maps/rt582/cmipper/.esgpull/data/CMIP6/ScenarioMIP/CSIRO/ACCESS-ESM1-5/ssp585/r1i1p1f1/Omon/no3/gn/v20210318/no3_Omon_ACCESS-ESM1-5_ssp585_r1i1p1f1_gn_209501-210012.nc -> /maps/rt582/cmipper/.esgpull/data/CMIP6/ScenarioMIP/CSIRO/ACCESS-ESM1-5/ssp585/r1i1p1f1/Omon/no3/gn/v20210318/remapped/no3_Omon_ACCESS-ESM1-5_ssp585_r1i1p1f1_gn_209501-210012.nc
Remapped: /maps/rt582/cmipper/.esgpull/data/CMIP6/ScenarioMIP/CSIRO/ACCESS-ESM1-5/ssp585/r1i1p1f1/Omon/no3/gn/v20210318/no3_Omon_ACCESS-ESM1-5_ssp585_r1i1p1f1_gn_209501-210012.nc -> /maps/rt582/cmipper/.esgpull/data/CMIP6/ScenarioMIP/CSIRO/ACCESS-ESM1-5/ssp585/r1i1p1f1/Omon/no3/gn/v20210318/remapped/no3_Omon_ACCESS-ESM1-5_ssp585_r1i1p1f1_gn_209501-210012.nc
Scanning directory: /maps/rt582/cmipper/.esgpull/data/CMIP6/ScenarioMIP/CSIRO/ACCESS-ESM1-5/ssp585/r1i1p1f1/Omon/no3/gn/v20210318/remapped
Skipping directory (filepath contains remapped/processed): /maps/rt582/cmipper/.esgpull/data/CMIP6/ScenarioMIP/CSIRO/ACCESS-ESM1-5/ssp585/r1i1p1f1/Omon/no3/gn/v20210318/remapped
Scanning directory: /maps/rt582/cmipper/.esgpull/data/CMIP6/ScenarioMIP/CSIRO/ACCESS-ESM1-5/ssp126/r1i1p1f1/Omon
No .nc files found in /maps/rt582/cmipper/.esgpull/data/CMIP6/ScenarioMIP/CSIRO/ACCESS-ESM1-5/ssp126/r1i1p1f1/Omon
Scanning directory: /maps/rt582/cmipper/.esgpull/data/CMIP6/ScenarioMIP/CSIRO/ACCESS-ESM1-5/ssp126/r1i1p1f1/Omon/po4
No .nc files found in /maps/rt582/cmipper/.esgpull/data/CMIP6/ScenarioMIP/CSIRO/ACCESS-ESM1-5/ssp126/r1i1p1f1/Omon/po4
Scanning directory: /maps/rt582/cmipper/.esgpull/data/CMIP6/ScenarioMIP/CSIRO/ACCESS-ESM1-5/ssp126/r1i1p1f1/Omon/no3
No .nc files found in /maps/rt582/cmipper/.esgpull/data/CMIP6/ScenarioMIP/CSIRO/ACCESS-ESM1-5/ssp126/r1i1p1f1/Omon/no3
Scanning directory: /maps/rt582/cmipper/.esgpull/data/CMIP6/ScenarioMIP/CSIRO/ACCESS-ESM1-5/ssp126/r1i1p1f1/Omon/arag
No .nc files found in /maps/rt582/cmipper/.esgpull/data/CMIP6/ScenarioMIP/CSIRO/ACCESS-ESM1-5/ssp126/r1i1p1f1/Omon/arag
Scanning directory: /maps/rt582/cmipper/.esgpull/data/CMIP6/ScenarioMIP/CSIRO/ACCESS-ESM1-5/ssp126/r1i1p1f1/Omon/po4/gn
No .nc files found in /maps/rt582/cmipper/.esgpull/data/CMIP6/ScenarioMIP/CSIRO/ACCESS-ESM1-5/ssp126/r1i1p1f1/Omon/po4/gn
Scanning directory: /maps/rt582/cmipper/.esgpull/data/CMIP6/ScenarioMIP/CSIRO/ACCESS-ESM1-5/ssp126/r1i1p1f1/Omon/no3/gn
No .nc files found in /maps/rt582/cmipper/.esgpull/data/CMIP6/ScenarioMIP/CSIRO/ACCESS-ESM1-5/ssp126/r1i1p1f1/Omon/no3/gn
Scanning directory: /maps/rt582/cmipper/.esgpull/data/CMIP6/ScenarioMIP/CSIRO/ACCESS-ESM1-5/ssp126/r1i1p1f1/Omon/arag/gn
No .nc files found in /maps/rt582/cmipper/.esgpull/data/CMIP6/ScenarioMIP/CSIRO/ACCESS-ESM1-5/ssp126/r1i1p1f1/Omon/arag/gn
Scanning directory: /maps/rt582/cmipper/.esgpull/data/CMIP6/ScenarioMIP/CSIRO/ACCESS-ESM1-5/ssp126/r1i1p1f1/Omon/po4/gn/v20210318
	Remapping 6 files in /maps/rt582/cmipper/.esgpull/data/CMIP6/ScenarioMIP/CSIRO/ACCESS-ESM1-5/ssp126/r1i1p1f1/Omon/po4/gn/v20210318
	Remapping 6 files in /maps/rt582/cmipper/.esgpull/data/CMIP6/ScenarioMIP/CSIRO/ACCESS-ESM1-5/ssp126/r1i1p1f1/Omon/po4/gn/v20210318
	Remapping /maps/rt582/cmipper/.esgpull/data/CMIP6/ScenarioMIP/CSIRO/ACCESS-ESM1-5/ssp126/r1i1p1f1/Omon/po4/gn/v20210318/po4_Omon_ACCESS-ESM1-5_ssp126_r1i1p1f1_gn_220101-221012.nc -> /maps/rt582/cmipper/.esgpull/data/CMIP6/ScenarioMIP/CSIRO/ACCESS-ESM1-5/ssp126/r1i1p1f1/Omon/po4/gn/v20210318/remapped/po4_Omon_ACCESS-ESM1-5_ssp126_r1i1p1f1_gn_220101-221012.nc
Remapped: /maps/rt582/cmipper/.esgpull/data/CMIP6/ScenarioMIP/CSIRO/ACCESS-ESM1-5/ssp126/r1i1p1f1/Omon/po4/gn/v20210318/po4_Omon_ACCESS-ESM1-5_ssp126_r1i1p1f1_gn_220101-221012.nc -> /maps/rt582/cmipper/.esgpull/data/CMIP6/ScenarioMIP/CSIRO/ACCESS-ESM1-5/ssp126/r1i1p1f1/Omon/po4/gn/v20210318/remapped/po4_Omon_ACCESS-ESM1-5_ssp126_r1i1p1f1_gn_220101-221012.nc
	Remapping /maps/rt582/cmipper/.esgpull/data/CMIP6/ScenarioMIP/CSIRO/ACCESS-ESM1-5/ssp126/r1i1p1f1/Omon/po4/gn/v20210318/po4_Omon_ACCESS-ESM1-5_ssp126_r1i1p1f1_gn_222101-223012.nc -> /maps/rt582/cmipper/.esgpull/data/CMIP6/ScenarioMIP/CSIRO/ACCESS-ESM1-5/ssp126/r1i1p1f1/Omon/po4/gn/v20210318/remapped/po4_Omon_ACCESS-ESM1-5_ssp126_r1i1p1f1_gn_222101-223012.nc
Remapped: /maps/rt582/cmipper/.esgpull/data/CMIP6/ScenarioMIP/CSIRO/ACCESS-ESM1-5/ssp126/r1i1p1f1/Omon/po4/gn/v20210318/po4_Omon_ACCESS-ESM1-5_ssp126_r1i1p1f1_gn_222101-223012.nc -> /maps/rt582/cmipper/.esgpull/data/CMIP6/ScenarioMIP/CSIRO/ACCESS-ESM1-5/ssp126/r1i1p1f1/Omon/po4/gn/v20210318/remapped/po4_Omon_ACCESS-ESM1-5_ssp126_r1i1p1f1_gn_222101-223012.nc
	Remapping /maps/rt582/cmipper/.esgpull/data/CMIP6/ScenarioMIP/CSIRO/ACCESS-ESM1-5/ssp126/r1i1p1f1/Omon/po4/gn/v20210318/po4_Omon_ACCESS-ESM1-5_ssp126_r1i1p1f1_gn_229101-230012.nc -> /maps/rt582/cmipper/.esgpull/data/CMIP6/ScenarioMIP/CSIRO/ACCESS-ESM1-5/ssp126/r1i1p1f1/Omon/po4/gn/v20210318/remapped/po4_Omon_ACCESS-ESM1-5_ssp126_r1i1p1f1_gn_229101-230012.nc
Remapped: /maps/rt582/cmipper/.esgpull/data/CMIP6/ScenarioMIP/CSIRO/ACCESS-ESM1-5/ssp126/r1i1p1f1/Omon/po4/gn/v20210318/po4_Omon_ACCESS-ESM1-5_ssp126_r1i1p1f1_gn_229101-230012.nc -> /maps/rt582/cmipper/.esgpull/data/CMIP6/ScenarioMIP/CSIRO/ACCESS-ESM1-5/ssp126/r1i1p1f1/Omon/po4/gn/v20210318/remapped/po4_Omon_ACCESS-ESM1-5_ssp126_r1i1p1f1_gn_229101-230012.nc
	Remapping /maps/rt582/cmipper/.esgpull/data/CMIP6/ScenarioMIP/CSIRO/ACCESS-ESM1-5/ssp126/r1i1p1f1/Omon/po4/gn/v20210318/po4_Omon_ACCESS-ESM1-5_ssp126_r1i1p1f1_gn_223101-224012.nc -> /maps/rt582/cmipper/.esgpull/data/CMIP6/ScenarioMIP/CSIRO/ACCESS-ESM1-5/ssp126/r1i1p1f1/Omon/po4/gn/v20210318/remapped/po4_Omon_ACCESS-ESM1-5_ssp126_r1i1p1f1_gn_223101-224012.nc
Remapped: /maps/rt582/cmipper/.esgpull/data/CMIP6/ScenarioMIP/CSIRO/ACCESS-ESM1-5/ssp126/r1i1p1f1/Omon/po4/gn/v20210318/po4_Omon_ACCESS-ESM1-5_ssp126_r1i1p1f1_gn_223101-224012.nc -> /maps/rt582/cmipper/.esgpull/data/CMIP6/ScenarioMIP/CSIRO/ACCESS-ESM1-5/ssp126/r1i1p1f1/Omon/po4/gn/v20210318/remapped/po4_Omon_ACCESS-ESM1-5_ssp126_r1i1p1f1_gn_223101-224012.nc
	Remapping /maps/rt582/cmipper/.esgpull/data/CMIP6/ScenarioMIP/CSIRO/ACCESS-ESM1-5/ssp126/r1i1p1f1/Omon/po4/gn/v20210318/po4_Omon_ACCESS-ESM1-5_ssp126_r1i1p1f1_gn_214101-215012.nc -> /maps/rt582/cmipper/.esgpull/data/CMIP6/ScenarioMIP/CSIRO/ACCESS-ESM1-5/ssp126/r1i1p1f1/Omon/po4/gn/v20210318/remapped/po4_Omon_ACCESS-ESM1-5_ssp126_r1i1p1f1_gn_214101-215012.nc
Remapped: /maps/rt582/cmipper/.esgpull/data/CMIP6/ScenarioMIP/CSIRO/ACCESS-ESM1-5/ssp126/r1i1p1f1/Omon/po4/gn/v20210318/po4_Omon_ACCESS-ESM1-5_ssp126_r1i1p1f1_gn_214101-215012.nc -> /maps/rt582/cmipper/.esgpull/data/CMIP6/ScenarioMIP/CSIRO/ACCESS-ESM1-5/ssp126/r1i1p1f1/Omon/po4/gn/v20210318/remapped/po4_Omon_ACCESS-ESM1-5_ssp126_r1i1p1f1_gn_214101-215012.nc
	Remapping /maps/rt582/cmipper/.esgpull/data/CMIP6/ScenarioMIP/CSIRO/ACCESS-ESM1-5/ssp126/r1i1p1f1/Omon/po4/gn/v20210318/po4_Omon_ACCESS-ESM1-5_ssp126_r1i1p1f1_gn_228101-229012.nc -> /maps/rt582/cmipper/.esgpull/data/CMIP6/ScenarioMIP/CSIRO/ACCESS-ESM1-5/ssp126/r1i1p1f1/Omon/po4/gn/v20210318/remapped/po4_Omon_ACCESS-ESM1-5_ssp126_r1i1p1f1_gn_228101-229012.nc
Remapped: /maps/rt582/cmipper/.esgpull/data/CMIP6/ScenarioMIP/CSIRO/ACCESS-ESM1-5/ssp126/r1i1p1f1/Omon/po4/gn/v20210318/po4_Omon_ACCESS-ESM1-5_ssp126_r1i1p1f1_gn_228101-229012.nc -> /maps/rt582/cmipper/.esgpull/data/CMIP6/ScenarioMIP/CSIRO/ACCESS-ESM1-5/ssp126/r1i1p1f1/Omon/po4/gn/v20210318/remapped/po4_Omon_ACCESS-ESM1-5_ssp126_r1i1p1f1_gn_228101-229012.nc
Scanning directory: /maps/rt582/cmipper/.esgpull/data/CMIP6/ScenarioMIP/CSIRO/ACCESS-ESM1-5/ssp126/r1i1p1f1/Omon/po4/gn/v20210318/remapped
Skipping directory (filepath contains remapped/processed): /maps/rt582/cmipper/.esgpull/data/CMIP6/ScenarioMIP/CSIRO/ACCESS-ESM1-5/ssp126/r1i1p1f1/Omon/po4/gn/v20210318/remapped
Scanning directory: /maps/rt582/cmipper/.esgpull/data/CMIP6/ScenarioMIP/CSIRO/ACCESS-ESM1-5/ssp126/r1i1p1f1/Omon/no3/gn/v20210318
	Remapping 7 files in /maps/rt582/cmipper/.esgpull/data/CMIP6/ScenarioMIP/CSIRO/ACCESS-ESM1-5/ssp126/r1i1p1f1/Omon/no3/gn/v20210318
	Remapping 7 files in /maps/rt582/cmipper/.esgpull/data/CMIP6/ScenarioMIP/CSIRO/ACCESS-ESM1-5/ssp126/r1i1p1f1/Omon/no3/gn/v20210318
	Remapping /maps/rt582/cmipper/.esgpull/data/CMIP6/ScenarioMIP/CSIRO/ACCESS-ESM1-5/ssp126/r1i1p1f1/Omon/no3/gn/v20210318/no3_Omon_ACCESS-ESM1-5_ssp126_r1i1p1f1_gn_225101-226012.nc -> /maps/rt582/cmipper/.esgpull/data/CMIP6/ScenarioMIP/CSIRO/ACCESS-ESM1-5/ssp126/r1i1p1f1/Omon/no3/gn/v20210318/remapped/no3_Omon_ACCESS-ESM1-5_ssp126_r1i1p1f1_gn_225101-226012.nc
Remapped: /maps/rt582/cmipper/.esgpull/data/CMIP6/ScenarioMIP/CSIRO/ACCESS-ESM1-5/ssp126/r1i1p1f1/Omon/no3/gn/v20210318/no3_Omon_ACCESS-ESM1-5_ssp126_r1i1p1f1_gn_225101-226012.nc -> /maps/rt582/cmipper/.esgpull/data/CMIP6/ScenarioMIP/CSIRO/ACCESS-ESM1-5/ssp126/r1i1p1f1/Omon/no3/gn/v20210318/remapped/no3_Omon_ACCESS-ESM1-5_ssp126_r1i1p1f1_gn_225101-226012.nc
	Remapping /maps/rt582/cmipper/.esgpull/data/CMIP6/ScenarioMIP/CSIRO/ACCESS-ESM1-5/ssp126/r1i1p1f1/Omon/no3/gn/v20210318/no3_Omon_ACCESS-ESM1-5_ssp126_r1i1p1f1_gn_219101-220012.nc -> /maps/rt582/cmipper/.esgpull/data/CMIP6/ScenarioMIP/CSIRO/ACCESS-ESM1-5/ssp126/r1i1p1f1/Omon/no3/gn/v20210318/remapped/no3_Omon_ACCESS-ESM1-5_ssp126_r1i1p1f1_gn_219101-220012.nc
Remapped: /maps/rt582/cmipper/.esgpull/data/CMIP6/ScenarioMIP/CSIRO/ACCESS-ESM1-5/ssp126/r1i1p1f1/Omon/no3/gn/v20210318/no3_Omon_ACCESS-ESM1-5_ssp126_r1i1p1f1_gn_219101-220012.nc -> /maps/rt582/cmipper/.esgpull/data/CMIP6/ScenarioMIP/CSIRO/ACCESS-ESM1-5/ssp126/r1i1p1f1/Omon/no3/gn/v20210318/remapped/no3_Omon_ACCESS-ESM1-5_ssp126_r1i1p1f1_gn_219101-220012.nc
	Remapping /maps/rt582/cmipper/.esgpull/data/CMIP6/ScenarioMIP/CSIRO/ACCESS-ESM1-5/ssp126/r1i1p1f1/Omon/no3/gn/v20210318/no3_Omon_ACCESS-ESM1-5_ssp126_r1i1p1f1_gn_229101-230012.nc -> /maps/rt582/cmipper/.esgpull/data/CMIP6/ScenarioMIP/CSIRO/ACCESS-ESM1-5/ssp126/r1i1p1f1/Omon/no3/gn/v20210318/remapped/no3_Omon_ACCESS-ESM1-5_ssp126_r1i1p1f1_gn_229101-230012.nc
Remapped: /maps/rt582/cmipper/.esgpull/data/CMIP6/ScenarioMIP/CSIRO/ACCESS-ESM1-5/ssp126/r1i1p1f1/Omon/no3/gn/v20210318/no3_Omon_ACCESS-ESM1-5_ssp126_r1i1p1f1_gn_229101-230012.nc -> /maps/rt582/cmipper/.esgpull/data/CMIP6/ScenarioMIP/CSIRO/ACCESS-ESM1-5/ssp126/r1i1p1f1/Omon/no3/gn/v20210318/remapped/no3_Omon_ACCESS-ESM1-5_ssp126_r1i1p1f1_gn_229101-230012.nc
	Remapping /maps/rt582/cmipper/.esgpull/data/CMIP6/ScenarioMIP/CSIRO/ACCESS-ESM1-5/ssp126/r1i1p1f1/Omon/no3/gn/v20210318/no3_Omon_ACCESS-ESM1-5_ssp126_r1i1p1f1_gn_216101-217012.nc -> /maps/rt582/cmipper/.esgpull/data/CMIP6/ScenarioMIP/CSIRO/ACCESS-ESM1-5/ssp126/r1i1p1f1/Omon/no3/gn/v20210318/remapped/no3_Omon_ACCESS-ESM1-5_ssp126_r1i1p1f1_gn_216101-217012.nc
Remapped: /maps/rt582/cmipper/.esgpull/data/CMIP6/ScenarioMIP/CSIRO/ACCESS-ESM1-5/ssp126/r1i1p1f1/Omon/no3/gn/v20210318/no3_Omon_ACCESS-ESM1-5_ssp126_r1i1p1f1_gn_216101-217012.nc -> /maps/rt582/cmipper/.esgpull/data/CMIP6/ScenarioMIP/CSIRO/ACCESS-ESM1-5/ssp126/r1i1p1f1/Omon/no3/gn/v20210318/remapped/no3_Omon_ACCESS-ESM1-5_ssp126_r1i1p1f1_gn_216101-217012.nc
	Remapping /maps/rt582/cmipper/.esgpull/data/CMIP6/ScenarioMIP/CSIRO/ACCESS-ESM1-5/ssp126/r1i1p1f1/Omon/no3/gn/v20210318/no3_Omon_ACCESS-ESM1-5_ssp126_r1i1p1f1_gn_227101-228012.nc -> /maps/rt582/cmipper/.esgpull/data/CMIP6/ScenarioMIP/CSIRO/ACCESS-ESM1-5/ssp126/r1i1p1f1/Omon/no3/gn/v20210318/remapped/no3_Omon_ACCESS-ESM1-5_ssp126_r1i1p1f1_gn_227101-228012.nc
Remapped: /maps/rt582/cmipper/.esgpull/data/CMIP6/ScenarioMIP/CSIRO/ACCESS-ESM1-5/ssp126/r1i1p1f1/Omon/no3/gn/v20210318/no3_Omon_ACCESS-ESM1-5_ssp126_r1i1p1f1_gn_227101-228012.nc -> /maps/rt582/cmipper/.esgpull/data/CMIP6/ScenarioMIP/CSIRO/ACCESS-ESM1-5/ssp126/r1i1p1f1/Omon/no3/gn/v20210318/remapped/no3_Omon_ACCESS-ESM1-5_ssp126_r1i1p1f1_gn_227101-228012.nc
	Remapping /maps/rt582/cmipper/.esgpull/data/CMIP6/ScenarioMIP/CSIRO/ACCESS-ESM1-5/ssp126/r1i1p1f1/Omon/no3/gn/v20210318/no3_Omon_ACCESS-ESM1-5_ssp126_r1i1p1f1_gn_224101-225012.nc -> /maps/rt582/cmipper/.esgpull/data/CMIP6/ScenarioMIP/CSIRO/ACCESS-ESM1-5/ssp126/r1i1p1f1/Omon/no3/gn/v20210318/remapped/no3_Omon_ACCESS-ESM1-5_ssp126_r1i1p1f1_gn_224101-225012.nc
Remapped: /maps/rt582/cmipper/.esgpull/data/CMIP6/ScenarioMIP/CSIRO/ACCESS-ESM1-5/ssp126/r1i1p1f1/Omon/no3/gn/v20210318/no3_Omon_ACCESS-ESM1-5_ssp126_r1i1p1f1_gn_224101-225012.nc -> /maps/rt582/cmipper/.esgpull/data/CMIP6/ScenarioMIP/CSIRO/ACCESS-ESM1-5/ssp126/r1i1p1f1/Omon/no3/gn/v20210318/remapped/no3_Omon_ACCESS-ESM1-5_ssp126_r1i1p1f1_gn_224101-225012.nc
/maps/rt582/cmipper/.esgpull/data/CMIP6/ScenarioMIP/CSIRO/ACCESS-ESM1-5/ssp126/r1i1p1f1/Omon/no3/gn/v20210318/remapped/no3_Omon_ACCESS-ESM1-5_ssp126_r1i1p1f1_gn_220101-221012.nc already exists. Skipping...
Scanning directory: /maps/rt582/cmipper/.esgpull/data/CMIP6/ScenarioMIP/CSIRO/ACCESS-ESM1-5/ssp126/r1i1p1f1/Omon/no3/gn/v20210318/remapped
Skipping directory (filepath contains remapped/processed): /maps/rt582/cmipper/.esgpull/data/CMIP6/ScenarioMIP/CSIRO/ACCESS-ESM1-5/ssp126/r1i1p1f1/Omon/no3/gn/v20210318/remapped
Scanning directory: /maps/rt582/cmipper/.esgpull/data/CMIP6/ScenarioMIP/CSIRO/ACCESS-ESM1-5/ssp126/r1i1p1f1/Omon/arag/gn/v20210318
	Remapping 3 files in /maps/rt582/cmipper/.esgpull/data/CMIP6/ScenarioMIP/CSIRO/ACCESS-ESM1-5/ssp126/r1i1p1f1/Omon/arag/gn/v20210318
	Remapping 3 files in /maps/rt582/cmipper/.esgpull/data/CMIP6/ScenarioMIP/CSIRO/ACCESS-ESM1-5/ssp126/r1i1p1f1/Omon/arag/gn/v20210318
	Remapping /maps/rt582/cmipper/.esgpull/data/CMIP6/ScenarioMIP/CSIRO/ACCESS-ESM1-5/ssp126/r1i1p1f1/Omon/arag/gn/v20210318/arag_Omon_ACCESS-ESM1-5_ssp126_r1i1p1f1_gn_208501-209412.nc -> /maps/rt582/cmipper/.esgpull/data/CMIP6/ScenarioMIP/CSIRO/ACCESS-ESM1-5/ssp126/r1i1p1f1/Omon/arag/gn/v20210318/remapped/arag_Omon_ACCESS-ESM1-5_ssp126_r1i1p1f1_gn_208501-209412.nc
Remapped: /maps/rt582/cmipper/.esgpull/data/CMIP6/ScenarioMIP/CSIRO/ACCESS-ESM1-5/ssp126/r1i1p1f1/Omon/arag/gn/v20210318/arag_Omon_ACCESS-ESM1-5_ssp126_r1i1p1f1_gn_208501-209412.nc -> /maps/rt582/cmipper/.esgpull/data/CMIP6/ScenarioMIP/CSIRO/ACCESS-ESM1-5/ssp126/r1i1p1f1/Omon/arag/gn/v20210318/remapped/arag_Omon_ACCESS-ESM1-5_ssp126_r1i1p1f1_gn_208501-209412.nc
	Remapping /maps/rt582/cmipper/.esgpull/data/CMIP6/ScenarioMIP/CSIRO/ACCESS-ESM1-5/ssp126/r1i1p1f1/Omon/arag/gn/v20210318/arag_Omon_ACCESS-ESM1-5_ssp126_r1i1p1f1_gn_205501-206412.nc -> /maps/rt582/cmipper/.esgpull/data/CMIP6/ScenarioMIP/CSIRO/ACCESS-ESM1-5/ssp126/r1i1p1f1/Omon/arag/gn/v20210318/remapped/arag_Omon_ACCESS-ESM1-5_ssp126_r1i1p1f1_gn_205501-206412.nc
Remapped: /maps/rt582/cmipper/.esgpull/data/CMIP6/ScenarioMIP/CSIRO/ACCESS-ESM1-5/ssp126/r1i1p1f1/Omon/arag/gn/v20210318/arag_Omon_ACCESS-ESM1-5_ssp126_r1i1p1f1_gn_205501-206412.nc -> /maps/rt582/cmipper/.esgpull/data/CMIP6/ScenarioMIP/CSIRO/ACCESS-ESM1-5/ssp126/r1i1p1f1/Omon/arag/gn/v20210318/remapped/arag_Omon_ACCESS-ESM1-5_ssp126_r1i1p1f1_gn_205501-206412.nc
	Remapping /maps/rt582/cmipper/.esgpull/data/CMIP6/ScenarioMIP/CSIRO/ACCESS-ESM1-5/ssp126/r1i1p1f1/Omon/arag/gn/v20210318/arag_Omon_ACCESS-ESM1-5_ssp126_r1i1p1f1_gn_225101-226012.nc -> /maps/rt582/cmipper/.esgpull/data/CMIP6/ScenarioMIP/CSIRO/ACCESS-ESM1-5/ssp126/r1i1p1f1/Omon/arag/gn/v20210318/remapped/arag_Omon_ACCESS-ESM1-5_ssp126_r1i1p1f1_gn_225101-226012.nc
Remapped: /maps/rt582/cmipper/.esgpull/data/CMIP6/ScenarioMIP/CSIRO/ACCESS-ESM1-5/ssp126/r1i1p1f1/Omon/arag/gn/v20210318/arag_Omon_ACCESS-ESM1-5_ssp126_r1i1p1f1_gn_225101-226012.nc -> /maps/rt582/cmipper/.esgpull/data/CMIP6/ScenarioMIP/CSIRO/ACCESS-ESM1-5/ssp126/r1i1p1f1/Omon/arag/gn/v20210318/remapped/arag_Omon_ACCESS-ESM1-5_ssp126_r1i1p1f1_gn_225101-226012.nc
Scanning directory: /maps/rt582/cmipper/.esgpull/data/CMIP6/ScenarioMIP/CSIRO/ACCESS-ESM1-5/ssp126/r1i1p1f1/Omon/arag/gn/v20210318/remapped
Skipping directory (filepath contains remapped/processed): /maps/rt582/cmipper/.esgpull/data/CMIP6/ScenarioMIP/CSIRO/ACCESS-ESM1-5/ssp126/r1i1p1f1/Omon/arag/gn/v20210318/remapped
Scanning directory: /maps/rt582/cmipper/.esgpull/data/CMIP6/ScenarioMIP/CSIRO/ACCESS-ESM1-5/ssp370/r1i1p1f1/Omon
No .nc files found in /maps/rt582/cmipper/.esgpull/data/CMIP6/ScenarioMIP/CSIRO/ACCESS-ESM1-5/ssp370/r1i1p1f1/Omon
Scanning directory: /maps/rt582/cmipper/.esgpull/data/CMIP6/ScenarioMIP/CSIRO/ACCESS-ESM1-5/ssp370/r1i1p1f1/Omon/po4
No .nc files found in /maps/rt582/cmipper/.esgpull/data/CMIP6/ScenarioMIP/CSIRO/ACCESS-ESM1-5/ssp370/r1i1p1f1/Omon/po4
Scanning directory: /maps/rt582/cmipper/.esgpull/data/CMIP6/ScenarioMIP/CSIRO/ACCESS-ESM1-5/ssp370/r1i1p1f1/Omon/no3
No .nc files found in /maps/rt582/cmipper/.esgpull/data/CMIP6/ScenarioMIP/CSIRO/ACCESS-ESM1-5/ssp370/r1i1p1f1/Omon/no3
Scanning directory: /maps/rt582/cmipper/.esgpull/data/CMIP6/ScenarioMIP/CSIRO/ACCESS-ESM1-5/ssp370/r1i1p1f1/Omon/arag
No .nc files found in /maps/rt582/cmipper/.esgpull/data/CMIP6/ScenarioMIP/CSIRO/ACCESS-ESM1-5/ssp370/r1i1p1f1/Omon/arag
Scanning directory: /maps/rt582/cmipper/.esgpull/data/CMIP6/ScenarioMIP/CSIRO/ACCESS-ESM1-5/ssp370/r1i1p1f1/Omon/po4/gn
No .nc files found in /maps/rt582/cmipper/.esgpull/data/CMIP6/ScenarioMIP/CSIRO/ACCESS-ESM1-5/ssp370/r1i1p1f1/Omon/po4/gn
Scanning directory: /maps/rt582/cmipper/.esgpull/data/CMIP6/ScenarioMIP/CSIRO/ACCESS-ESM1-5/ssp370/r1i1p1f1/Omon/no3/gn
No .nc files found in /maps/rt582/cmipper/.esgpull/data/CMIP6/ScenarioMIP/CSIRO/ACCESS-ESM1-5/ssp370/r1i1p1f1/Omon/no3/gn
Scanning directory: /maps/rt582/cmipper/.esgpull/data/CMIP6/ScenarioMIP/CSIRO/ACCESS-ESM1-5/ssp370/r1i1p1f1/Omon/arag/gn
No .nc files found in /maps/rt582/cmipper/.esgpull/data/CMIP6/ScenarioMIP/CSIRO/ACCESS-ESM1-5/ssp370/r1i1p1f1/Omon/arag/gn
Scanning directory: /maps/rt582/cmipper/.esgpull/data/CMIP6/ScenarioMIP/CSIRO/ACCESS-ESM1-5/ssp370/r1i1p1f1/Omon/po4/gn/v20191115
	Remapping 2 files in /maps/rt582/cmipper/.esgpull/data/CMIP6/ScenarioMIP/CSIRO/ACCESS-ESM1-5/ssp370/r1i1p1f1/Omon/po4/gn/v20191115
	Remapping 2 files in /maps/rt582/cmipper/.esgpull/data/CMIP6/ScenarioMIP/CSIRO/ACCESS-ESM1-5/ssp370/r1i1p1f1/Omon/po4/gn/v20191115
	Remapping /maps/rt582/cmipper/.esgpull/data/CMIP6/ScenarioMIP/CSIRO/ACCESS-ESM1-5/ssp370/r1i1p1f1/Omon/po4/gn/v20191115/po4_Omon_ACCESS-ESM1-5_ssp370_r1i1p1f1_gn_205501-206412.nc -> /maps/rt582/cmipper/.esgpull/data/CMIP6/ScenarioMIP/CSIRO/ACCESS-ESM1-5/ssp370/r1i1p1f1/Omon/po4/gn/v20191115/remapped/po4_Omon_ACCESS-ESM1-5_ssp370_r1i1p1f1_gn_205501-206412.nc
Remapped: /maps/rt582/cmipper/.esgpull/data/CMIP6/ScenarioMIP/CSIRO/ACCESS-ESM1-5/ssp370/r1i1p1f1/Omon/po4/gn/v20191115/po4_Omon_ACCESS-ESM1-5_ssp370_r1i1p1f1_gn_205501-206412.nc -> /maps/rt582/cmipper/.esgpull/data/CMIP6/ScenarioMIP/CSIRO/ACCESS-ESM1-5/ssp370/r1i1p1f1/Omon/po4/gn/v20191115/remapped/po4_Omon_ACCESS-ESM1-5_ssp370_r1i1p1f1_gn_205501-206412.nc
	Remapping /maps/rt582/cmipper/.esgpull/data/CMIP6/ScenarioMIP/CSIRO/ACCESS-ESM1-5/ssp370/r1i1p1f1/Omon/po4/gn/v20191115/po4_Omon_ACCESS-ESM1-5_ssp370_r1i1p1f1_gn_202501-203412.nc -> /maps/rt582/cmipper/.esgpull/data/CMIP6/ScenarioMIP/CSIRO/ACCESS-ESM1-5/ssp370/r1i1p1f1/Omon/po4/gn/v20191115/remapped/po4_Omon_ACCESS-ESM1-5_ssp370_r1i1p1f1_gn_202501-203412.nc
Remapped: /maps/rt582/cmipper/.esgpull/data/CMIP6/ScenarioMIP/CSIRO/ACCESS-ESM1-5/ssp370/r1i1p1f1/Omon/po4/gn/v20191115/po4_Omon_ACCESS-ESM1-5_ssp370_r1i1p1f1_gn_202501-203412.nc -> /maps/rt582/cmipper/.esgpull/data/CMIP6/ScenarioMIP/CSIRO/ACCESS-ESM1-5/ssp370/r1i1p1f1/Omon/po4/gn/v20191115/remapped/po4_Omon_ACCESS-ESM1-5_ssp370_r1i1p1f1_gn_202501-203412.nc
Scanning directory: /maps/rt582/cmipper/.esgpull/data/CMIP6/ScenarioMIP/CSIRO/ACCESS-ESM1-5/ssp370/r1i1p1f1/Omon/po4/gn/v20191115/remapped
Skipping directory (filepath contains remapped/processed): /maps/rt582/cmipper/.esgpull/data/CMIP6/ScenarioMIP/CSIRO/ACCESS-ESM1-5/ssp370/r1i1p1f1/Omon/po4/gn/v20191115/remapped
Scanning directory: /maps/rt582/cmipper/.esgpull/data/CMIP6/ScenarioMIP/CSIRO/ACCESS-ESM1-5/ssp370/r1i1p1f1/Omon/no3/gn/v20191115
No .nc files found in /maps/rt582/cmipper/.esgpull/data/CMIP6/ScenarioMIP/CSIRO/ACCESS-ESM1-5/ssp370/r1i1p1f1/Omon/no3/gn/v20191115
Scanning directory: /maps/rt582/cmipper/.esgpull/data/CMIP6/ScenarioMIP/CSIRO/ACCESS-ESM1-5/ssp370/r1i1p1f1/Omon/no3/gn/v20191115/remapped
Skipping directory (filepath contains remapped/processed): /maps/rt582/cmipper/.esgpull/data/CMIP6/ScenarioMIP/CSIRO/ACCESS-ESM1-5/ssp370/r1i1p1f1/Omon/no3/gn/v20191115/remapped
Scanning directory: /maps/rt582/cmipper/.esgpull/data/CMIP6/ScenarioMIP/CSIRO/ACCESS-ESM1-5/ssp370/r1i1p1f1/Omon/arag/gn/v20191115
	Remapping 5 files in /maps/rt582/cmipper/.esgpull/data/CMIP6/ScenarioMIP/CSIRO/ACCESS-ESM1-5/ssp370/r1i1p1f1/Omon/arag/gn/v20191115
	Remapping 5 files in /maps/rt582/cmipper/.esgpull/data/CMIP6/ScenarioMIP/CSIRO/ACCESS-ESM1-5/ssp370/r1i1p1f1/Omon/arag/gn/v20191115
	Remapping /maps/rt582/cmipper/.esgpull/data/CMIP6/ScenarioMIP/CSIRO/ACCESS-ESM1-5/ssp370/r1i1p1f1/Omon/arag/gn/v20191115/arag_Omon_ACCESS-ESM1-5_ssp370_r1i1p1f1_gn_204501-205412.nc -> /maps/rt582/cmipper/.esgpull/data/CMIP6/ScenarioMIP/CSIRO/ACCESS-ESM1-5/ssp370/r1i1p1f1/Omon/arag/gn/v20191115/remapped/arag_Omon_ACCESS-ESM1-5_ssp370_r1i1p1f1_gn_204501-205412.nc
Remapped: /maps/rt582/cmipper/.esgpull/data/CMIP6/ScenarioMIP/CSIRO/ACCESS-ESM1-5/ssp370/r1i1p1f1/Omon/arag/gn/v20191115/arag_Omon_ACCESS-ESM1-5_ssp370_r1i1p1f1_gn_204501-205412.nc -> /maps/rt582/cmipper/.esgpull/data/CMIP6/ScenarioMIP/CSIRO/ACCESS-ESM1-5/ssp370/r1i1p1f1/Omon/arag/gn/v20191115/remapped/arag_Omon_ACCESS-ESM1-5_ssp370_r1i1p1f1_gn_204501-205412.nc
	Remapping /maps/rt582/cmipper/.esgpull/data/CMIP6/ScenarioMIP/CSIRO/ACCESS-ESM1-5/ssp370/r1i1p1f1/Omon/arag/gn/v20191115/arag_Omon_ACCESS-ESM1-5_ssp370_r1i1p1f1_gn_209501-210012.nc -> /maps/rt582/cmipper/.esgpull/data/CMIP6/ScenarioMIP/CSIRO/ACCESS-ESM1-5/ssp370/r1i1p1f1/Omon/arag/gn/v20191115/remapped/arag_Omon_ACCESS-ESM1-5_ssp370_r1i1p1f1_gn_209501-210012.nc
Remapped: /maps/rt582/cmipper/.esgpull/data/CMIP6/ScenarioMIP/CSIRO/ACCESS-ESM1-5/ssp370/r1i1p1f1/Omon/arag/gn/v20191115/arag_Omon_ACCESS-ESM1-5_ssp370_r1i1p1f1_gn_209501-210012.nc -> /maps/rt582/cmipper/.esgpull/data/CMIP6/ScenarioMIP/CSIRO/ACCESS-ESM1-5/ssp370/r1i1p1f1/Omon/arag/gn/v20191115/remapped/arag_Omon_ACCESS-ESM1-5_ssp370_r1i1p1f1_gn_209501-210012.nc
	Remapping /maps/rt582/cmipper/.esgpull/data/CMIP6/ScenarioMIP/CSIRO/ACCESS-ESM1-5/ssp370/r1i1p1f1/Omon/arag/gn/v20191115/arag_Omon_ACCESS-ESM1-5_ssp370_r1i1p1f1_gn_207501-208412.nc -> /maps/rt582/cmipper/.esgpull/data/CMIP6/ScenarioMIP/CSIRO/ACCESS-ESM1-5/ssp370/r1i1p1f1/Omon/arag/gn/v20191115/remapped/arag_Omon_ACCESS-ESM1-5_ssp370_r1i1p1f1_gn_207501-208412.nc
Remapped: /maps/rt582/cmipper/.esgpull/data/CMIP6/ScenarioMIP/CSIRO/ACCESS-ESM1-5/ssp370/r1i1p1f1/Omon/arag/gn/v20191115/arag_Omon_ACCESS-ESM1-5_ssp370_r1i1p1f1_gn_207501-208412.nc -> /maps/rt582/cmipper/.esgpull/data/CMIP6/ScenarioMIP/CSIRO/ACCESS-ESM1-5/ssp370/r1i1p1f1/Omon/arag/gn/v20191115/remapped/arag_Omon_ACCESS-ESM1-5_ssp370_r1i1p1f1_gn_207501-208412.nc
	Remapping /maps/rt582/cmipper/.esgpull/data/CMIP6/ScenarioMIP/CSIRO/ACCESS-ESM1-5/ssp370/r1i1p1f1/Omon/arag/gn/v20191115/arag_Omon_ACCESS-ESM1-5_ssp370_r1i1p1f1_gn_201501-202412.nc -> /maps/rt582/cmipper/.esgpull/data/CMIP6/ScenarioMIP/CSIRO/ACCESS-ESM1-5/ssp370/r1i1p1f1/Omon/arag/gn/v20191115/remapped/arag_Omon_ACCESS-ESM1-5_ssp370_r1i1p1f1_gn_201501-202412.nc
Remapped: /maps/rt582/cmipper/.esgpull/data/CMIP6/ScenarioMIP/CSIRO/ACCESS-ESM1-5/ssp370/r1i1p1f1/Omon/arag/gn/v20191115/arag_Omon_ACCESS-ESM1-5_ssp370_r1i1p1f1_gn_201501-202412.nc -> /maps/rt582/cmipper/.esgpull/data/CMIP6/ScenarioMIP/CSIRO/ACCESS-ESM1-5/ssp370/r1i1p1f1/Omon/arag/gn/v20191115/remapped/arag_Omon_ACCESS-ESM1-5_ssp370_r1i1p1f1_gn_201501-202412.nc
	Remapping /maps/rt582/cmipper/.esgpull/data/CMIP6/ScenarioMIP/CSIRO/ACCESS-ESM1-5/ssp370/r1i1p1f1/Omon/arag/gn/v20191115/arag_Omon_ACCESS-ESM1-5_ssp370_r1i1p1f1_gn_202501-203412.nc -> /maps/rt582/cmipper/.esgpull/data/CMIP6/ScenarioMIP/CSIRO/ACCESS-ESM1-5/ssp370/r1i1p1f1/Omon/arag/gn/v20191115/remapped/arag_Omon_ACCESS-ESM1-5_ssp370_r1i1p1f1_gn_202501-203412.nc
Remapped: /maps/rt582/cmipper/.esgpull/data/CMIP6/ScenarioMIP/CSIRO/ACCESS-ESM1-5/ssp370/r1i1p1f1/Omon/arag/gn/v20191115/arag_Omon_ACCESS-ESM1-5_ssp370_r1i1p1f1_gn_202501-203412.nc -> /maps/rt582/cmipper/.esgpull/data/CMIP6/ScenarioMIP/CSIRO/ACCESS-ESM1-5/ssp370/r1i1p1f1/Omon/arag/gn/v20191115/remapped/arag_Omon_ACCESS-ESM1-5_ssp370_r1i1p1f1_gn_202501-203412.nc
Scanning directory: /maps/rt582/cmipper/.esgpull/data/CMIP6/ScenarioMIP/CSIRO/ACCESS-ESM1-5/ssp370/r1i1p1f1/Omon/arag/gn/v20191115/remapped
Skipping directory (filepath contains remapped/processed): /maps/rt582/cmipper/.esgpull/data/CMIP6/ScenarioMIP/CSIRO/ACCESS-ESM1-5/ssp370/r1i1p1f1/Omon/arag/gn/v20191115/remapped
Scanning directory: /maps/rt582/cmipper/.esgpull/data/CMIP6/ScenarioMIP/CSIRO/ACCESS-ESM1-5/ssp245/r1i1p1f1/Omon
No .nc files found in /maps/rt582/cmipper/.esgpull/data/CMIP6/ScenarioMIP/CSIRO/ACCESS-ESM1-5/ssp245/r1i1p1f1/Omon
Scanning directory: /maps/rt582/cmipper/.esgpull/data/CMIP6/ScenarioMIP/CSIRO/ACCESS-ESM1-5/ssp245/r1i1p1f1/Omon/arag
No .nc files found in /maps/rt582/cmipper/.esgpull/data/CMIP6/ScenarioMIP/CSIRO/ACCESS-ESM1-5/ssp245/r1i1p1f1/Omon/arag
Scanning directory: /maps/rt582/cmipper/.esgpull/data/CMIP6/ScenarioMIP/CSIRO/ACCESS-ESM1-5/ssp245/r1i1p1f1/Omon/po4
No .nc files found in /maps/rt582/cmipper/.esgpull/data/CMIP6/ScenarioMIP/CSIRO/ACCESS-ESM1-5/ssp245/r1i1p1f1/Omon/po4
Scanning directory: /maps/rt582/cmipper/.esgpull/data/CMIP6/ScenarioMIP/CSIRO/ACCESS-ESM1-5/ssp245/r1i1p1f1/Omon/no3
No .nc files found in /maps/rt582/cmipper/.esgpull/data/CMIP6/ScenarioMIP/CSIRO/ACCESS-ESM1-5/ssp245/r1i1p1f1/Omon/no3
Scanning directory: /maps/rt582/cmipper/.esgpull/data/CMIP6/ScenarioMIP/CSIRO/ACCESS-ESM1-5/ssp245/r1i1p1f1/Omon/arag/gn
No .nc files found in /maps/rt582/cmipper/.esgpull/data/CMIP6/ScenarioMIP/CSIRO/ACCESS-ESM1-5/ssp245/r1i1p1f1/Omon/arag/gn
Scanning directory: /maps/rt582/cmipper/.esgpull/data/CMIP6/ScenarioMIP/CSIRO/ACCESS-ESM1-5/ssp245/r1i1p1f1/Omon/po4/gn
No .nc files found in /maps/rt582/cmipper/.esgpull/data/CMIP6/ScenarioMIP/CSIRO/ACCESS-ESM1-5/ssp245/r1i1p1f1/Omon/po4/gn
Scanning directory: /maps/rt582/cmipper/.esgpull/data/CMIP6/ScenarioMIP/CSIRO/ACCESS-ESM1-5/ssp245/r1i1p1f1/Omon/no3/gn
No .nc files found in /maps/rt582/cmipper/.esgpull/data/CMIP6/ScenarioMIP/CSIRO/ACCESS-ESM1-5/ssp245/r1i1p1f1/Omon/no3/gn
Scanning directory: /maps/rt582/cmipper/.esgpull/data/CMIP6/ScenarioMIP/CSIRO/ACCESS-ESM1-5/ssp245/r1i1p1f1/Omon/arag/gn/v20191115
	Remapping 2 files in /maps/rt582/cmipper/.esgpull/data/CMIP6/ScenarioMIP/CSIRO/ACCESS-ESM1-5/ssp245/r1i1p1f1/Omon/arag/gn/v20191115
	Remapping 2 files in /maps/rt582/cmipper/.esgpull/data/CMIP6/ScenarioMIP/CSIRO/ACCESS-ESM1-5/ssp245/r1i1p1f1/Omon/arag/gn/v20191115
	Remapping /maps/rt582/cmipper/.esgpull/data/CMIP6/ScenarioMIP/CSIRO/ACCESS-ESM1-5/ssp245/r1i1p1f1/Omon/arag/gn/v20191115/arag_Omon_ACCESS-ESM1-5_ssp245_r1i1p1f1_gn_208501-209412.nc -> /maps/rt582/cmipper/.esgpull/data/CMIP6/ScenarioMIP/CSIRO/ACCESS-ESM1-5/ssp245/r1i1p1f1/Omon/arag/gn/v20191115/remapped/arag_Omon_ACCESS-ESM1-5_ssp245_r1i1p1f1_gn_208501-209412.nc
Remapped: /maps/rt582/cmipper/.esgpull/data/CMIP6/ScenarioMIP/CSIRO/ACCESS-ESM1-5/ssp245/r1i1p1f1/Omon/arag/gn/v20191115/arag_Omon_ACCESS-ESM1-5_ssp245_r1i1p1f1_gn_208501-209412.nc -> /maps/rt582/cmipper/.esgpull/data/CMIP6/ScenarioMIP/CSIRO/ACCESS-ESM1-5/ssp245/r1i1p1f1/Omon/arag/gn/v20191115/remapped/arag_Omon_ACCESS-ESM1-5_ssp245_r1i1p1f1_gn_208501-209412.nc
	Remapping /maps/rt582/cmipper/.esgpull/data/CMIP6/ScenarioMIP/CSIRO/ACCESS-ESM1-5/ssp245/r1i1p1f1/Omon/arag/gn/v20191115/arag_Omon_ACCESS-ESM1-5_ssp245_r1i1p1f1_gn_205501-206412.nc -> /maps/rt582/cmipper/.esgpull/data/CMIP6/ScenarioMIP/CSIRO/ACCESS-ESM1-5/ssp245/r1i1p1f1/Omon/arag/gn/v20191115/remapped/arag_Omon_ACCESS-ESM1-5_ssp245_r1i1p1f1_gn_205501-206412.nc
Remapped: /maps/rt582/cmipper/.esgpull/data/CMIP6/ScenarioMIP/CSIRO/ACCESS-ESM1-5/ssp245/r1i1p1f1/Omon/arag/gn/v20191115/arag_Omon_ACCESS-ESM1-5_ssp245_r1i1p1f1_gn_205501-206412.nc -> /maps/rt582/cmipper/.esgpull/data/CMIP6/ScenarioMIP/CSIRO/ACCESS-ESM1-5/ssp245/r1i1p1f1/Omon/arag/gn/v20191115/remapped/arag_Omon_ACCESS-ESM1-5_ssp245_r1i1p1f1_gn_205501-206412.nc
Scanning directory: /maps/rt582/cmipper/.esgpull/data/CMIP6/ScenarioMIP/CSIRO/ACCESS-ESM1-5/ssp245/r1i1p1f1/Omon/arag/gn/v20191115/remapped
Skipping directory (filepath contains remapped/processed): /maps/rt582/cmipper/.esgpull/data/CMIP6/ScenarioMIP/CSIRO/ACCESS-ESM1-5/ssp245/r1i1p1f1/Omon/arag/gn/v20191115/remapped
Scanning directory: /maps/rt582/cmipper/.esgpull/data/CMIP6/ScenarioMIP/CSIRO/ACCESS-ESM1-5/ssp245/r1i1p1f1/Omon/po4/gn/v20191115
	Remapping 2 files in /maps/rt582/cmipper/.esgpull/data/CMIP6/ScenarioMIP/CSIRO/ACCESS-ESM1-5/ssp245/r1i1p1f1/Omon/po4/gn/v20191115
	Remapping 2 files in /maps/rt582/cmipper/.esgpull/data/CMIP6/ScenarioMIP/CSIRO/ACCESS-ESM1-5/ssp245/r1i1p1f1/Omon/po4/gn/v20191115
	Remapping /maps/rt582/cmipper/.esgpull/data/CMIP6/ScenarioMIP/CSIRO/ACCESS-ESM1-5/ssp245/r1i1p1f1/Omon/po4/gn/v20191115/po4_Omon_ACCESS-ESM1-5_ssp245_r1i1p1f1_gn_203501-204412.nc -> /maps/rt582/cmipper/.esgpull/data/CMIP6/ScenarioMIP/CSIRO/ACCESS-ESM1-5/ssp245/r1i1p1f1/Omon/po4/gn/v20191115/remapped/po4_Omon_ACCESS-ESM1-5_ssp245_r1i1p1f1_gn_203501-204412.nc
Remapped: /maps/rt582/cmipper/.esgpull/data/CMIP6/ScenarioMIP/CSIRO/ACCESS-ESM1-5/ssp245/r1i1p1f1/Omon/po4/gn/v20191115/po4_Omon_ACCESS-ESM1-5_ssp245_r1i1p1f1_gn_203501-204412.nc -> /maps/rt582/cmipper/.esgpull/data/CMIP6/ScenarioMIP/CSIRO/ACCESS-ESM1-5/ssp245/r1i1p1f1/Omon/po4/gn/v20191115/remapped/po4_Omon_ACCESS-ESM1-5_ssp245_r1i1p1f1_gn_203501-204412.nc
	Remapping /maps/rt582/cmipper/.esgpull/data/CMIP6/ScenarioMIP/CSIRO/ACCESS-ESM1-5/ssp245/r1i1p1f1/Omon/po4/gn/v20191115/po4_Omon_ACCESS-ESM1-5_ssp245_r1i1p1f1_gn_207501-208412.nc -> /maps/rt582/cmipper/.esgpull/data/CMIP6/ScenarioMIP/CSIRO/ACCESS-ESM1-5/ssp245/r1i1p1f1/Omon/po4/gn/v20191115/remapped/po4_Omon_ACCESS-ESM1-5_ssp245_r1i1p1f1_gn_207501-208412.nc
Remapped: /maps/rt582/cmipper/.esgpull/data/CMIP6/ScenarioMIP/CSIRO/ACCESS-ESM1-5/ssp245/r1i1p1f1/Omon/po4/gn/v20191115/po4_Omon_ACCESS-ESM1-5_ssp245_r1i1p1f1_gn_207501-208412.nc -> /maps/rt582/cmipper/.esgpull/data/CMIP6/ScenarioMIP/CSIRO/ACCESS-ESM1-5/ssp245/r1i1p1f1/Omon/po4/gn/v20191115/remapped/po4_Omon_ACCESS-ESM1-5_ssp245_r1i1p1f1_gn_207501-208412.nc
Scanning directory: /maps/rt582/cmipper/.esgpull/data/CMIP6/ScenarioMIP/CSIRO/ACCESS-ESM1-5/ssp245/r1i1p1f1/Omon/po4/gn/v20191115/remapped
Skipping directory (filepath contains remapped/processed): /maps/rt582/cmipper/.esgpull/data/CMIP6/ScenarioMIP/CSIRO/ACCESS-ESM1-5/ssp245/r1i1p1f1/Omon/po4/gn/v20191115/remapped
Scanning directory: /maps/rt582/cmipper/.esgpull/data/CMIP6/ScenarioMIP/CSIRO/ACCESS-ESM1-5/ssp245/r1i1p1f1/Omon/no3/gn/v20191115
	Remapping 4 files in /maps/rt582/cmipper/.esgpull/data/CMIP6/ScenarioMIP/CSIRO/ACCESS-ESM1-5/ssp245/r1i1p1f1/Omon/no3/gn/v20191115
	Remapping 4 files in /maps/rt582/cmipper/.esgpull/data/CMIP6/ScenarioMIP/CSIRO/ACCESS-ESM1-5/ssp245/r1i1p1f1/Omon/no3/gn/v20191115
	Remapping /maps/rt582/cmipper/.esgpull/data/CMIP6/ScenarioMIP/CSIRO/ACCESS-ESM1-5/ssp245/r1i1p1f1/Omon/no3/gn/v20191115/no3_Omon_ACCESS-ESM1-5_ssp245_r1i1p1f1_gn_205501-206412.nc -> /maps/rt582/cmipper/.esgpull/data/CMIP6/ScenarioMIP/CSIRO/ACCESS-ESM1-5/ssp245/r1i1p1f1/Omon/no3/gn/v20191115/remapped/no3_Omon_ACCESS-ESM1-5_ssp245_r1i1p1f1_gn_205501-206412.nc
Remapped: /maps/rt582/cmipper/.esgpull/data/CMIP6/ScenarioMIP/CSIRO/ACCESS-ESM1-5/ssp245/r1i1p1f1/Omon/no3/gn/v20191115/no3_Omon_ACCESS-ESM1-5_ssp245_r1i1p1f1_gn_205501-206412.nc -> /maps/rt582/cmipper/.esgpull/data/CMIP6/ScenarioMIP/CSIRO/ACCESS-ESM1-5/ssp245/r1i1p1f1/Omon/no3/gn/v20191115/remapped/no3_Omon_ACCESS-ESM1-5_ssp245_r1i1p1f1_gn_205501-206412.nc
	Remapping /maps/rt582/cmipper/.esgpull/data/CMIP6/ScenarioMIP/CSIRO/ACCESS-ESM1-5/ssp245/r1i1p1f1/Omon/no3/gn/v20191115/no3_Omon_ACCESS-ESM1-5_ssp245_r1i1p1f1_gn_203501-204412.nc -> /maps/rt582/cmipper/.esgpull/data/CMIP6/ScenarioMIP/CSIRO/ACCESS-ESM1-5/ssp245/r1i1p1f1/Omon/no3/gn/v20191115/remapped/no3_Omon_ACCESS-ESM1-5_ssp245_r1i1p1f1_gn_203501-204412.nc
Remapped: /maps/rt582/cmipper/.esgpull/data/CMIP6/ScenarioMIP/CSIRO/ACCESS-ESM1-5/ssp245/r1i1p1f1/Omon/no3/gn/v20191115/no3_Omon_ACCESS-ESM1-5_ssp245_r1i1p1f1_gn_203501-204412.nc -> /maps/rt582/cmipper/.esgpull/data/CMIP6/ScenarioMIP/CSIRO/ACCESS-ESM1-5/ssp245/r1i1p1f1/Omon/no3/gn/v20191115/remapped/no3_Omon_ACCESS-ESM1-5_ssp245_r1i1p1f1_gn_203501-204412.nc
	Remapping /maps/rt582/cmipper/.esgpull/data/CMIP6/ScenarioMIP/CSIRO/ACCESS-ESM1-5/ssp245/r1i1p1f1/Omon/no3/gn/v20191115/no3_Omon_ACCESS-ESM1-5_ssp245_r1i1p1f1_gn_207501-208412.nc -> /maps/rt582/cmipper/.esgpull/data/CMIP6/ScenarioMIP/CSIRO/ACCESS-ESM1-5/ssp245/r1i1p1f1/Omon/no3/gn/v20191115/remapped/no3_Omon_ACCESS-ESM1-5_ssp245_r1i1p1f1_gn_207501-208412.nc
Remapped: /maps/rt582/cmipper/.esgpull/data/CMIP6/ScenarioMIP/CSIRO/ACCESS-ESM1-5/ssp245/r1i1p1f1/Omon/no3/gn/v20191115/no3_Omon_ACCESS-ESM1-5_ssp245_r1i1p1f1_gn_207501-208412.nc -> /maps/rt582/cmipper/.esgpull/data/CMIP6/ScenarioMIP/CSIRO/ACCESS-ESM1-5/ssp245/r1i1p1f1/Omon/no3/gn/v20191115/remapped/no3_Omon_ACCESS-ESM1-5_ssp245_r1i1p1f1_gn_207501-208412.nc
	Remapping /maps/rt582/cmipper/.esgpull/data/CMIP6/ScenarioMIP/CSIRO/ACCESS-ESM1-5/ssp245/r1i1p1f1/Omon/no3/gn/v20191115/no3_Omon_ACCESS-ESM1-5_ssp245_r1i1p1f1_gn_202501-203412.nc -> /maps/rt582/cmipper/.esgpull/data/CMIP6/ScenarioMIP/CSIRO/ACCESS-ESM1-5/ssp245/r1i1p1f1/Omon/no3/gn/v20191115/remapped/no3_Omon_ACCESS-ESM1-5_ssp245_r1i1p1f1_gn_202501-203412.nc
Remapped: /maps/rt582/cmipper/.esgpull/data/CMIP6/ScenarioMIP/CSIRO/ACCESS-ESM1-5/ssp245/r1i1p1f1/Omon/no3/gn/v20191115/no3_Omon_ACCESS-ESM1-5_ssp245_r1i1p1f1_gn_202501-203412.nc -> /maps/rt582/cmipper/.esgpull/data/CMIP6/ScenarioMIP/CSIRO/ACCESS-ESM1-5/ssp245/r1i1p1f1/Omon/no3/gn/v20191115/remapped/no3_Omon_ACCESS-ESM1-5_ssp245_r1i1p1f1_gn_202501-203412.nc
Scanning directory: /maps/rt582/cmipper/.esgpull/data/CMIP6/ScenarioMIP/CSIRO/ACCESS-ESM1-5/ssp245/r1i1p1f1/Omon/no3/gn/v20191115/remapped
Skipping directory (filepath contains remapped/processed): /maps/rt582/cmipper/.esgpull/data/CMIP6/ScenarioMIP/CSIRO/ACCESS-ESM1-5/ssp245/r1i1p1f1/Omon/no3/gn/v20191115/remapped
Scanning directory: /maps/rt582/cmipper/.esgpull/data/CMIP6
No .nc files found in /maps/rt582/cmipper/.esgpull/data/CMIP6
cdo    remapcon: YAC first order conservative weights from curvilinear (360x300) to lonlat (1440x720) grid, with source mask (69782)
cdo    remapcon: YAC first order conservative weights from curvilinear (360x300) to lonlat (1440x720) grid, with source mask (69782)
cdo    remapcon: YAC first order conservative weights from curvilinear (360x300) to lonlat (1440x720) grid, with source mask (69782)
cdo    remapcon: YAC first order conservative weights from curvilinear (360x300) to lonlat (1440x720) grid, with source mask (69782)
cdo    remapcon: YAC first order conservative weights from curvilinear (360x300) to lonlat (1440x720) grid, with source mask (69782)
cdo    remapcon: YAC first order conservative weights from curvilinear (360x300) to lonlat (1440x720) grid, with source mask (69782)
cdo    remapcon: YAC first order conservative weights from curvilinear (360x300) to lonlat (1440x720) grid, with source mask (69782)
cdo    remapcon: YAC first order conservative weights from curvilinear (360x300) to lonlat (1440x720) grid, with source mask (69782)
cdo    remapcon: YAC first order conservative weights from curvilinear (360x300) to lonlat (1440x720) grid, with source mask (69782)
cdo    remapcon: YAC first order conservative weights from curvilinear (360x300) to lonlat (1440x720) grid, with source mask (69782)
cdo    remapcon: YAC first order conservative weights from curvilinear (360x300) to lonlat (1440x720) grid, with source mask (69782)
cdo    remapcon: YAC first order conservative weights from curvilinear (360x300) to lonlat (1440x720) grid, with source mask (69782)
cdo    remapcon: YAC first order conservative weights from curvilinear (360x300) to lonlat (1440x720) grid, with source mask (69782)
cdo    remapcon: YAC first order conservative weights from curvilinear (360x300) to lonlat (1440x720) grid, with source mask (69782)
cdo    remapcon: YAC first order conservative weights from curvilinear (360x300) to lonlat (1440x720) grid, with source mask (69782)
cdo    remapcon: YAC first order conservative weights from curvilinear (360x300) to lonlat (1440x720) grid, with source mask (69782)
cdo    remapcon: YAC first order conservative weights from curvilinear (360x300) to lonlat (1440x720) grid, with source mask (69782)
cdo    remapcon: YAC first order conservative weights from curvilinear (360x300) to lonlat (1440x720) grid, with source mask (69782)
cdo    remapcon: YAC first order conservative weights from curvilinear (360x300) to lonlat (1440x720) grid, with source mask (69782)
cdo    remapcon: YAC first order conservative weights from curvilinear (360x300) to lonlat (1440x720) grid, with source mask (69782)
Scanning directory: /maps/rt582/cmipper/.esgpull/data/CMIP6/CMIP
No .nc files found in /maps/rt582/cmipper/.esgpull/data/CMIP6/CMIP
Scanning directory: /maps/rt582/cmipper/.esgpull/data/CMIP6/ScenarioMIP
No .nc files found in /maps/rt582/cmipper/.esgpull/data/CMIP6/ScenarioMIP
Scanning directory: /maps/rt582/cmipper/.esgpull/data/CMIP6/CMIP/CSIRO
No .nc files found in /maps/rt582/cmipper/.esgpull/data/CMIP6/CMIP/CSIRO
Scanning directory: /maps/rt582/cmipper/.esgpull/data/CMIP6/CMIP/AWI
No .nc files found in /maps/rt582/cmipper/.esgpull/data/CMIP6/CMIP/AWI
Scanning directory: /maps/rt582/cmipper/.esgpull/data/CMIP6/ScenarioMIP/AWI
No .nc files found in /maps/rt582/cmipper/.esgpull/data/CMIP6/ScenarioMIP/AWI
Scanning directory: /maps/rt582/cmipper/.esgpull/data/CMIP6/ScenarioMIP/CSIRO
No .nc files found in /maps/rt582/cmipper/.esgpull/data/CMIP6/ScenarioMIP/CSIRO
Scanning directory: /maps/rt582/cmipper/.esgpull/data/CMIP6/CMIP/CSIRO/ACCESS-ESM1-5
No .nc files found in /maps/rt582/cmipper/.esgpull/data/CMIP6/CMIP/CSIRO/ACCESS-ESM1-5
Scanning directory: /maps/rt582/cmipper/.esgpull/data/CMIP6/CMIP/AWI/AWI-CM-1-1-MR
No .nc files found in /maps/rt582/cmipper/.esgpull/data/CMIP6/CMIP/AWI/AWI-CM-1-1-MR
Scanning directory: /maps/rt582/cmipper/.esgpull/data/CMIP6/CMIP/CSIRO/ACCESS-ESM1-5/historical
No .nc files found in /maps/rt582/cmipper/.esgpull/data/CMIP6/CMIP/CSIRO/ACCESS-ESM1-5/historical
Scanning directory: /maps/rt582/cmipper/.esgpull/data/CMIP6/CMIP/CSIRO/ACCESS-ESM1-5/historical/r1i1p1f1
No .nc files found in /maps/rt582/cmipper/.esgpull/data/CMIP6/CMIP/CSIRO/ACCESS-ESM1-5/historical/r1i1p1f1
Scanning directory: /maps/rt582/cmipper/.esgpull/data/CMIP6/CMIP/CSIRO/ACCESS-ESM1-5/historical/r1i1p1f1/Omon
No .nc files found in /maps/rt582/cmipper/.esgpull/data/CMIP6/CMIP/CSIRO/ACCESS-ESM1-5/historical/r1i1p1f1/Omon
Scanning directory: /maps/rt582/cmipper/.esgpull/data/CMIP6/CMIP/CSIRO/ACCESS-ESM1-5/historical/r1i1p1f1/Omon/arag
No .nc files found in /maps/rt582/cmipper/.esgpull/data/CMIP6/CMIP/CSIRO/ACCESS-ESM1-5/historical/r1i1p1f1/Omon/arag
Scanning directory: /maps/rt582/cmipper/.esgpull/data/CMIP6/CMIP/CSIRO/ACCESS-ESM1-5/historical/r1i1p1f1/Omon/arag/gn
No .nc files found in /maps/rt582/cmipper/.esgpull/data/CMIP6/CMIP/CSIRO/ACCESS-ESM1-5/historical/r1i1p1f1/Omon/arag/gn
Scanning directory: /maps/rt582/cmipper/.esgpull/data/CMIP6/CMIP/CSIRO/ACCESS-ESM1-5/historical/r1i1p1f1/Omon/arag/gn/v20191115
No .nc files found in /maps/rt582/cmipper/.esgpull/data/CMIP6/CMIP/CSIRO/ACCESS-ESM1-5/historical/r1i1p1f1/Omon/arag/gn/v20191115
Scanning directory: /maps/rt582/cmipper/.esgpull/data/CMIP6/CMIP/CSIRO/ACCESS-ESM1-5/historical/r1i1p1f1/Omon/arag/gn/v20191115/remapped
Skipping directory (filepath contains remapped/processed): /maps/rt582/cmipper/.esgpull/data/CMIP6/CMIP/CSIRO/ACCESS-ESM1-5/historical/r1i1p1f1/Omon/arag/gn/v20191115/remapped
Scanning directory: /maps/rt582/cmipper/.esgpull/data/CMIP6/CMIP/AWI/AWI-CM-1-1-MR/historical
No .nc files found in /maps/rt582/cmipper/.esgpull/data/CMIP6/CMIP/AWI/AWI-CM-1-1-MR/historical
Scanning directory: /maps/rt582/cmipper/.esgpull/data/CMIP6/CMIP/AWI/AWI-CM-1-1-MR/historical/r1i1p1f1
No .nc files found in /maps/rt582/cmipper/.esgpull/data/CMIP6/CMIP/AWI/AWI-CM-1-1-MR/historical/r1i1p1f1
Scanning directory: /maps/rt582/cmipper/.esgpull/data/CMIP6/CMIP/AWI/AWI-CM-1-1-MR/historical/r1i1p1f1/Omon
No .nc files found in /maps/rt582/cmipper/.esgpull/data/CMIP6/CMIP/AWI/AWI-CM-1-1-MR/historical/r1i1p1f1/Omon
Scanning directory: /maps/rt582/cmipper/.esgpull/data/CMIP6/CMIP/AWI/AWI-CM-1-1-MR/historical/r1i1p1f1/Omon/so
No .nc files found in /maps/rt582/cmipper/.esgpull/data/CMIP6/CMIP/AWI/AWI-CM-1-1-MR/historical/r1i1p1f1/Omon/so
Scanning directory: /maps/rt582/cmipper/.esgpull/data/CMIP6/CMIP/AWI/AWI-CM-1-1-MR/historical/r1i1p1f1/Omon/thetao
No .nc files found in /maps/rt582/cmipper/.esgpull/data/CMIP6/CMIP/AWI/AWI-CM-1-1-MR/historical/r1i1p1f1/Omon/thetao
Scanning directory: /maps/rt582/cmipper/.esgpull/data/CMIP6/CMIP/AWI/AWI-CM-1-1-MR/historical/r1i1p1f1/Omon/tos
No .nc files found in /maps/rt582/cmipper/.esgpull/data/CMIP6/CMIP/AWI/AWI-CM-1-1-MR/historical/r1i1p1f1/Omon/tos
Scanning directory: /maps/rt582/cmipper/.esgpull/data/CMIP6/CMIP/AWI/AWI-CM-1-1-MR/historical/r1i1p1f1/Omon/rsdo
No .nc files found in /maps/rt582/cmipper/.esgpull/data/CMIP6/CMIP/AWI/AWI-CM-1-1-MR/historical/r1i1p1f1/Omon/rsdo
Scanning directory: /maps/rt582/cmipper/.esgpull/data/CMIP6/CMIP/AWI/AWI-CM-1-1-MR/historical/r1i1p1f1/Omon/so/gn
No .nc files found in /maps/rt582/cmipper/.esgpull/data/CMIP6/CMIP/AWI/AWI-CM-1-1-MR/historical/r1i1p1f1/Omon/so/gn
Scanning directory: /maps/rt582/cmipper/.esgpull/data/CMIP6/CMIP/AWI/AWI-CM-1-1-MR/historical/r1i1p1f1/Omon/thetao/gn
No .nc files found in /maps/rt582/cmipper/.esgpull/data/CMIP6/CMIP/AWI/AWI-CM-1-1-MR/historical/r1i1p1f1/Omon/thetao/gn
Scanning directory: /maps/rt582/cmipper/.esgpull/data/CMIP6/CMIP/AWI/AWI-CM-1-1-MR/historical/r1i1p1f1/Omon/tos/gn
No .nc files found in /maps/rt582/cmipper/.esgpull/data/CMIP6/CMIP/AWI/AWI-CM-1-1-MR/historical/r1i1p1f1/Omon/tos/gn
Scanning directory: /maps/rt582/cmipper/.esgpull/data/CMIP6/CMIP/AWI/AWI-CM-1-1-MR/historical/r1i1p1f1/Omon/rsdo/gn
No .nc files found in /maps/rt582/cmipper/.esgpull/data/CMIP6/CMIP/AWI/AWI-CM-1-1-MR/historical/r1i1p1f1/Omon/rsdo/gn
Scanning directory: /maps/rt582/cmipper/.esgpull/data/CMIP6/CMIP/AWI/AWI-CM-1-1-MR/historical/r1i1p1f1/Omon/so/gn/v20181218
No .nc files found in /maps/rt582/cmipper/.esgpull/data/CMIP6/CMIP/AWI/AWI-CM-1-1-MR/historical/r1i1p1f1/Omon/so/gn/v20181218
Scanning directory: /maps/rt582/cmipper/.esgpull/data/CMIP6/CMIP/AWI/AWI-CM-1-1-MR/historical/r1i1p1f1/Omon/so/gn/v20181218/remapped
Skipping directory (filepath contains remapped/processed): /maps/rt582/cmipper/.esgpull/data/CMIP6/CMIP/AWI/AWI-CM-1-1-MR/historical/r1i1p1f1/Omon/so/gn/v20181218/remapped
Scanning directory: /maps/rt582/cmipper/.esgpull/data/CMIP6/CMIP/AWI/AWI-CM-1-1-MR/historical/r1i1p1f1/Omon/thetao/gn/v20181218
No .nc files found in /maps/rt582/cmipper/.esgpull/data/CMIP6/CMIP/AWI/AWI-CM-1-1-MR/historical/r1i1p1f1/Omon/thetao/gn/v20181218
Scanning directory: /maps/rt582/cmipper/.esgpull/data/CMIP6/CMIP/AWI/AWI-CM-1-1-MR/historical/r1i1p1f1/Omon/thetao/gn/v20181218/remapped
Skipping directory (filepath contains remapped/processed): /maps/rt582/cmipper/.esgpull/data/CMIP6/CMIP/AWI/AWI-CM-1-1-MR/historical/r1i1p1f1/Omon/thetao/gn/v20181218/remapped
Scanning directory: /maps/rt582/cmipper/.esgpull/data/CMIP6/CMIP/AWI/AWI-CM-1-1-MR/historical/r1i1p1f1/Omon/tos/gn/v20181218
No .nc files found in /maps/rt582/cmipper/.esgpull/data/CMIP6/CMIP/AWI/AWI-CM-1-1-MR/historical/r1i1p1f1/Omon/tos/gn/v20181218
Scanning directory: /maps/rt582/cmipper/.esgpull/data/CMIP6/CMIP/AWI/AWI-CM-1-1-MR/historical/r1i1p1f1/Omon/tos/gn/v20181218/remapped
Skipping directory (filepath contains remapped/processed): /maps/rt582/cmipper/.esgpull/data/CMIP6/CMIP/AWI/AWI-CM-1-1-MR/historical/r1i1p1f1/Omon/tos/gn/v20181218/remapped
Scanning directory: /maps/rt582/cmipper/.esgpull/data/CMIP6/CMIP/AWI/AWI-CM-1-1-MR/historical/r1i1p1f1/Omon/rsdo/gn/v20181218
No .nc files found in /maps/rt582/cmipper/.esgpull/data/CMIP6/CMIP/AWI/AWI-CM-1-1-MR/historical/r1i1p1f1/Omon/rsdo/gn/v20181218
Scanning directory: /maps/rt582/cmipper/.esgpull/data/CMIP6/CMIP/AWI/AWI-CM-1-1-MR/historical/r1i1p1f1/Omon/rsdo/gn/v20181218/remapped
Skipping directory (filepath contains remapped/processed): /maps/rt582/cmipper/.esgpull/data/CMIP6/CMIP/AWI/AWI-CM-1-1-MR/historical/r1i1p1f1/Omon/rsdo/gn/v20181218/remapped
Scanning directory: /maps/rt582/cmipper/.esgpull/data/CMIP6/ScenarioMIP/AWI/AWI-CM-1-1-MR
No .nc files found in /maps/rt582/cmipper/.esgpull/data/CMIP6/ScenarioMIP/AWI/AWI-CM-1-1-MR
Scanning directory: /maps/rt582/cmipper/.esgpull/data/CMIP6/ScenarioMIP/CSIRO/ACCESS-ESM1-5
No .nc files found in /maps/rt582/cmipper/.esgpull/data/CMIP6/ScenarioMIP/CSIRO/ACCESS-ESM1-5
Scanning directory: /maps/rt582/cmipper/.esgpull/data/CMIP6/ScenarioMIP/AWI/AWI-CM-1-1-MR/ssp126
No .nc files found in /maps/rt582/cmipper/.esgpull/data/CMIP6/ScenarioMIP/AWI/AWI-CM-1-1-MR/ssp126
Scanning directory: /maps/rt582/cmipper/.esgpull/data/CMIP6/ScenarioMIP/AWI/AWI-CM-1-1-MR/ssp585
No .nc files found in /maps/rt582/cmipper/.esgpull/data/CMIP6/ScenarioMIP/AWI/AWI-CM-1-1-MR/ssp585
Scanning directory: /maps/rt582/cmipper/.esgpull/data/CMIP6/ScenarioMIP/AWI/AWI-CM-1-1-MR/ssp245
No .nc files found in /maps/rt582/cmipper/.esgpull/data/CMIP6/ScenarioMIP/AWI/AWI-CM-1-1-MR/ssp245
Scanning directory: /maps/rt582/cmipper/.esgpull/data/CMIP6/ScenarioMIP/AWI/AWI-CM-1-1-MR/ssp370
No .nc files found in /maps/rt582/cmipper/.esgpull/data/CMIP6/ScenarioMIP/AWI/AWI-CM-1-1-MR/ssp370
Scanning directory: /maps/rt582/cmipper/.esgpull/data/CMIP6/ScenarioMIP/AWI/AWI-CM-1-1-MR/ssp126/r1i1p1f1
No .nc files found in /maps/rt582/cmipper/.esgpull/data/CMIP6/ScenarioMIP/AWI/AWI-CM-1-1-MR/ssp126/r1i1p1f1
Scanning directory: /maps/rt582/cmipper/.esgpull/data/CMIP6/ScenarioMIP/AWI/AWI-CM-1-1-MR/ssp585/r1i1p1f1
No .nc files found in /maps/rt582/cmipper/.esgpull/data/CMIP6/ScenarioMIP/AWI/AWI-CM-1-1-MR/ssp585/r1i1p1f1
Scanning directory: /maps/rt582/cmipper/.esgpull/data/CMIP6/ScenarioMIP/AWI/AWI-CM-1-1-MR/ssp245/r1i1p1f1
No .nc files found in /maps/rt582/cmipper/.esgpull/data/CMIP6/ScenarioMIP/AWI/AWI-CM-1-1-MR/ssp245/r1i1p1f1
Scanning directory: /maps/rt582/cmipper/.esgpull/data/CMIP6/ScenarioMIP/AWI/AWI-CM-1-1-MR/ssp370/r1i1p1f1
No .nc files found in /maps/rt582/cmipper/.esgpull/data/CMIP6/ScenarioMIP/AWI/AWI-CM-1-1-MR/ssp370/r1i1p1f1
Scanning directory: /maps/rt582/cmipper/.esgpull/data/CMIP6/ScenarioMIP/AWI/AWI-CM-1-1-MR/ssp126/r1i1p1f1/Omon
No .nc files found in /maps/rt582/cmipper/.esgpull/data/CMIP6/ScenarioMIP/AWI/AWI-CM-1-1-MR/ssp126/r1i1p1f1/Omon
Scanning directory: /maps/rt582/cmipper/.esgpull/data/CMIP6/ScenarioMIP/AWI/AWI-CM-1-1-MR/ssp126/r1i1p1f1/Omon/so
No .nc files found in /maps/rt582/cmipper/.esgpull/data/CMIP6/ScenarioMIP/AWI/AWI-CM-1-1-MR/ssp126/r1i1p1f1/Omon/so
Scanning directory: /maps/rt582/cmipper/.esgpull/data/CMIP6/ScenarioMIP/AWI/AWI-CM-1-1-MR/ssp126/r1i1p1f1/Omon/rsdo
No .nc files found in /maps/rt582/cmipper/.esgpull/data/CMIP6/ScenarioMIP/AWI/AWI-CM-1-1-MR/ssp126/r1i1p1f1/Omon/rsdo
Scanning directory: /maps/rt582/cmipper/.esgpull/data/CMIP6/ScenarioMIP/AWI/AWI-CM-1-1-MR/ssp126/r1i1p1f1/Omon/tos
No .nc files found in /maps/rt582/cmipper/.esgpull/data/CMIP6/ScenarioMIP/AWI/AWI-CM-1-1-MR/ssp126/r1i1p1f1/Omon/tos
Scanning directory: /maps/rt582/cmipper/.esgpull/data/CMIP6/ScenarioMIP/AWI/AWI-CM-1-1-MR/ssp126/r1i1p1f1/Omon/so/gn
No .nc files found in /maps/rt582/cmipper/.esgpull/data/CMIP6/ScenarioMIP/AWI/AWI-CM-1-1-MR/ssp126/r1i1p1f1/Omon/so/gn
Scanning directory: /maps/rt582/cmipper/.esgpull/data/CMIP6/ScenarioMIP/AWI/AWI-CM-1-1-MR/ssp126/r1i1p1f1/Omon/rsdo/gn
No .nc files found in /maps/rt582/cmipper/.esgpull/data/CMIP6/ScenarioMIP/AWI/AWI-CM-1-1-MR/ssp126/r1i1p1f1/Omon/rsdo/gn
Scanning directory: /maps/rt582/cmipper/.esgpull/data/CMIP6/ScenarioMIP/AWI/AWI-CM-1-1-MR/ssp126/r1i1p1f1/Omon/tos/gn
No .nc files found in /maps/rt582/cmipper/.esgpull/data/CMIP6/ScenarioMIP/AWI/AWI-CM-1-1-MR/ssp126/r1i1p1f1/Omon/tos/gn
Scanning directory: /maps/rt582/cmipper/.esgpull/data/CMIP6/ScenarioMIP/AWI/AWI-CM-1-1-MR/ssp126/r1i1p1f1/Omon/so/gn/v20181218
No .nc files found in /maps/rt582/cmipper/.esgpull/data/CMIP6/ScenarioMIP/AWI/AWI-CM-1-1-MR/ssp126/r1i1p1f1/Omon/so/gn/v20181218
Scanning directory: /maps/rt582/cmipper/.esgpull/data/CMIP6/ScenarioMIP/AWI/AWI-CM-1-1-MR/ssp126/r1i1p1f1/Omon/so/gn/v20181218/remapped
Skipping directory (filepath contains remapped/processed): /maps/rt582/cmipper/.esgpull/data/CMIP6/ScenarioMIP/AWI/AWI-CM-1-1-MR/ssp126/r1i1p1f1/Omon/so/gn/v20181218/remapped
Scanning directory: /maps/rt582/cmipper/.esgpull/data/CMIP6/ScenarioMIP/AWI/AWI-CM-1-1-MR/ssp126/r1i1p1f1/Omon/rsdo/gn/v20181218
No .nc files found in /maps/rt582/cmipper/.esgpull/data/CMIP6/ScenarioMIP/AWI/AWI-CM-1-1-MR/ssp126/r1i1p1f1/Omon/rsdo/gn/v20181218
Scanning directory: /maps/rt582/cmipper/.esgpull/data/CMIP6/ScenarioMIP/AWI/AWI-CM-1-1-MR/ssp126/r1i1p1f1/Omon/rsdo/gn/v20181218/remapped
Skipping directory (filepath contains remapped/processed): /maps/rt582/cmipper/.esgpull/data/CMIP6/ScenarioMIP/AWI/AWI-CM-1-1-MR/ssp126/r1i1p1f1/Omon/rsdo/gn/v20181218/remapped
Scanning directory: /maps/rt582/cmipper/.esgpull/data/CMIP6/ScenarioMIP/AWI/AWI-CM-1-1-MR/ssp126/r1i1p1f1/Omon/tos/gn/v20181218
No .nc files found in /maps/rt582/cmipper/.esgpull/data/CMIP6/ScenarioMIP/AWI/AWI-CM-1-1-MR/ssp126/r1i1p1f1/Omon/tos/gn/v20181218
Scanning directory: /maps/rt582/cmipper/.esgpull/data/CMIP6/ScenarioMIP/AWI/AWI-CM-1-1-MR/ssp126/r1i1p1f1/Omon/tos/gn/v20181218/remapped
Skipping directory (filepath contains remapped/processed): /maps/rt582/cmipper/.esgpull/data/CMIP6/ScenarioMIP/AWI/AWI-CM-1-1-MR/ssp126/r1i1p1f1/Omon/tos/gn/v20181218/remapped
Scanning directory: /maps/rt582/cmipper/.esgpull/data/CMIP6/ScenarioMIP/AWI/AWI-CM-1-1-MR/ssp585/r1i1p1f1/Omon
No .nc files found in /maps/rt582/cmipper/.esgpull/data/CMIP6/ScenarioMIP/AWI/AWI-CM-1-1-MR/ssp585/r1i1p1f1/Omon
Scanning directory: /maps/rt582/cmipper/.esgpull/data/CMIP6/ScenarioMIP/AWI/AWI-CM-1-1-MR/ssp585/r1i1p1f1/Omon/so
No .nc files found in /maps/rt582/cmipper/.esgpull/data/CMIP6/ScenarioMIP/AWI/AWI-CM-1-1-MR/ssp585/r1i1p1f1/Omon/so
Scanning directory: /maps/rt582/cmipper/.esgpull/data/CMIP6/ScenarioMIP/AWI/AWI-CM-1-1-MR/ssp585/r1i1p1f1/Omon/rsdo
No .nc files found in /maps/rt582/cmipper/.esgpull/data/CMIP6/ScenarioMIP/AWI/AWI-CM-1-1-MR/ssp585/r1i1p1f1/Omon/rsdo
Scanning directory: /maps/rt582/cmipper/.esgpull/data/CMIP6/ScenarioMIP/AWI/AWI-CM-1-1-MR/ssp585/r1i1p1f1/Omon/thetao
No .nc files found in /maps/rt582/cmipper/.esgpull/data/CMIP6/ScenarioMIP/AWI/AWI-CM-1-1-MR/ssp585/r1i1p1f1/Omon/thetao
Scanning directory: /maps/rt582/cmipper/.esgpull/data/CMIP6/ScenarioMIP/AWI/AWI-CM-1-1-MR/ssp585/r1i1p1f1/Omon/tos
No .nc files found in /maps/rt582/cmipper/.esgpull/data/CMIP6/ScenarioMIP/AWI/AWI-CM-1-1-MR/ssp585/r1i1p1f1/Omon/tos
Scanning directory: /maps/rt582/cmipper/.esgpull/data/CMIP6/ScenarioMIP/AWI/AWI-CM-1-1-MR/ssp585/r1i1p1f1/Omon/so/gn
No .nc files found in /maps/rt582/cmipper/.esgpull/data/CMIP6/ScenarioMIP/AWI/AWI-CM-1-1-MR/ssp585/r1i1p1f1/Omon/so/gn
Scanning directory: /maps/rt582/cmipper/.esgpull/data/CMIP6/ScenarioMIP/AWI/AWI-CM-1-1-MR/ssp585/r1i1p1f1/Omon/rsdo/gn
No .nc files found in /maps/rt582/cmipper/.esgpull/data/CMIP6/ScenarioMIP/AWI/AWI-CM-1-1-MR/ssp585/r1i1p1f1/Omon/rsdo/gn
Scanning directory: /maps/rt582/cmipper/.esgpull/data/CMIP6/ScenarioMIP/AWI/AWI-CM-1-1-MR/ssp585/r1i1p1f1/Omon/thetao/gn
No .nc files found in /maps/rt582/cmipper/.esgpull/data/CMIP6/ScenarioMIP/AWI/AWI-CM-1-1-MR/ssp585/r1i1p1f1/Omon/thetao/gn
Scanning directory: /maps/rt582/cmipper/.esgpull/data/CMIP6/ScenarioMIP/AWI/AWI-CM-1-1-MR/ssp585/r1i1p1f1/Omon/tos/gn
No .nc files found in /maps/rt582/cmipper/.esgpull/data/CMIP6/ScenarioMIP/AWI/AWI-CM-1-1-MR/ssp585/r1i1p1f1/Omon/tos/gn
Scanning directory: /maps/rt582/cmipper/.esgpull/data/CMIP6/ScenarioMIP/AWI/AWI-CM-1-1-MR/ssp585/r1i1p1f1/Omon/so/gn/v20181218
No .nc files found in /maps/rt582/cmipper/.esgpull/data/CMIP6/ScenarioMIP/AWI/AWI-CM-1-1-MR/ssp585/r1i1p1f1/Omon/so/gn/v20181218
Scanning directory: /maps/rt582/cmipper/.esgpull/data/CMIP6/ScenarioMIP/AWI/AWI-CM-1-1-MR/ssp585/r1i1p1f1/Omon/so/gn/v20181218/remapped
Skipping directory (filepath contains remapped/processed): /maps/rt582/cmipper/.esgpull/data/CMIP6/ScenarioMIP/AWI/AWI-CM-1-1-MR/ssp585/r1i1p1f1/Omon/so/gn/v20181218/remapped
Scanning directory: /maps/rt582/cmipper/.esgpull/data/CMIP6/ScenarioMIP/AWI/AWI-CM-1-1-MR/ssp585/r1i1p1f1/Omon/rsdo/gn/v20181218
No .nc files found in /maps/rt582/cmipper/.esgpull/data/CMIP6/ScenarioMIP/AWI/AWI-CM-1-1-MR/ssp585/r1i1p1f1/Omon/rsdo/gn/v20181218
Scanning directory: /maps/rt582/cmipper/.esgpull/data/CMIP6/ScenarioMIP/AWI/AWI-CM-1-1-MR/ssp585/r1i1p1f1/Omon/rsdo/gn/v20181218/remapped
Skipping directory (filepath contains remapped/processed): /maps/rt582/cmipper/.esgpull/data/CMIP6/ScenarioMIP/AWI/AWI-CM-1-1-MR/ssp585/r1i1p1f1/Omon/rsdo/gn/v20181218/remapped
Scanning directory: /maps/rt582/cmipper/.esgpull/data/CMIP6/ScenarioMIP/AWI/AWI-CM-1-1-MR/ssp585/r1i1p1f1/Omon/thetao/gn/v20181218
No .nc files found in /maps/rt582/cmipper/.esgpull/data/CMIP6/ScenarioMIP/AWI/AWI-CM-1-1-MR/ssp585/r1i1p1f1/Omon/thetao/gn/v20181218
Scanning directory: /maps/rt582/cmipper/.esgpull/data/CMIP6/ScenarioMIP/AWI/AWI-CM-1-1-MR/ssp585/r1i1p1f1/Omon/thetao/gn/v20181218/remapped
Skipping directory (filepath contains remapped/processed): /maps/rt582/cmipper/.esgpull/data/CMIP6/ScenarioMIP/AWI/AWI-CM-1-1-MR/ssp585/r1i1p1f1/Omon/thetao/gn/v20181218/remapped
Scanning directory: /maps/rt582/cmipper/.esgpull/data/CMIP6/ScenarioMIP/AWI/AWI-CM-1-1-MR/ssp585/r1i1p1f1/Omon/tos/gn/v20181218
No .nc files found in /maps/rt582/cmipper/.esgpull/data/CMIP6/ScenarioMIP/AWI/AWI-CM-1-1-MR/ssp585/r1i1p1f1/Omon/tos/gn/v20181218
Scanning directory: /maps/rt582/cmipper/.esgpull/data/CMIP6/ScenarioMIP/AWI/AWI-CM-1-1-MR/ssp585/r1i1p1f1/Omon/tos/gn/v20181218/remapped
Skipping directory (filepath contains remapped/processed): /maps/rt582/cmipper/.esgpull/data/CMIP6/ScenarioMIP/AWI/AWI-CM-1-1-MR/ssp585/r1i1p1f1/Omon/tos/gn/v20181218/remapped
Scanning directory: /maps/rt582/cmipper/.esgpull/data/CMIP6/ScenarioMIP/AWI/AWI-CM-1-1-MR/ssp245/r1i1p1f1/Omon
No .nc files found in /maps/rt582/cmipper/.esgpull/data/CMIP6/ScenarioMIP/AWI/AWI-CM-1-1-MR/ssp245/r1i1p1f1/Omon
Scanning directory: /maps/rt582/cmipper/.esgpull/data/CMIP6/ScenarioMIP/AWI/AWI-CM-1-1-MR/ssp245/r1i1p1f1/Omon/tos
No .nc files found in /maps/rt582/cmipper/.esgpull/data/CMIP6/ScenarioMIP/AWI/AWI-CM-1-1-MR/ssp245/r1i1p1f1/Omon/tos
Scanning directory: /maps/rt582/cmipper/.esgpull/data/CMIP6/ScenarioMIP/AWI/AWI-CM-1-1-MR/ssp245/r1i1p1f1/Omon/rsdo
No .nc files found in /maps/rt582/cmipper/.esgpull/data/CMIP6/ScenarioMIP/AWI/AWI-CM-1-1-MR/ssp245/r1i1p1f1/Omon/rsdo
Scanning directory: /maps/rt582/cmipper/.esgpull/data/CMIP6/ScenarioMIP/AWI/AWI-CM-1-1-MR/ssp245/r1i1p1f1/Omon/so
No .nc files found in /maps/rt582/cmipper/.esgpull/data/CMIP6/ScenarioMIP/AWI/AWI-CM-1-1-MR/ssp245/r1i1p1f1/Omon/so
Scanning directory: /maps/rt582/cmipper/.esgpull/data/CMIP6/ScenarioMIP/AWI/AWI-CM-1-1-MR/ssp245/r1i1p1f1/Omon/tos/gn
No .nc files found in /maps/rt582/cmipper/.esgpull/data/CMIP6/ScenarioMIP/AWI/AWI-CM-1-1-MR/ssp245/r1i1p1f1/Omon/tos/gn
Scanning directory: /maps/rt582/cmipper/.esgpull/data/CMIP6/ScenarioMIP/AWI/AWI-CM-1-1-MR/ssp245/r1i1p1f1/Omon/rsdo/gn
No .nc files found in /maps/rt582/cmipper/.esgpull/data/CMIP6/ScenarioMIP/AWI/AWI-CM-1-1-MR/ssp245/r1i1p1f1/Omon/rsdo/gn
Scanning directory: /maps/rt582/cmipper/.esgpull/data/CMIP6/ScenarioMIP/AWI/AWI-CM-1-1-MR/ssp245/r1i1p1f1/Omon/so/gn
No .nc files found in /maps/rt582/cmipper/.esgpull/data/CMIP6/ScenarioMIP/AWI/AWI-CM-1-1-MR/ssp245/r1i1p1f1/Omon/so/gn
Scanning directory: /maps/rt582/cmipper/.esgpull/data/CMIP6/ScenarioMIP/AWI/AWI-CM-1-1-MR/ssp245/r1i1p1f1/Omon/tos/gn/v20181218
No .nc files found in /maps/rt582/cmipper/.esgpull/data/CMIP6/ScenarioMIP/AWI/AWI-CM-1-1-MR/ssp245/r1i1p1f1/Omon/tos/gn/v20181218
Scanning directory: /maps/rt582/cmipper/.esgpull/data/CMIP6/ScenarioMIP/AWI/AWI-CM-1-1-MR/ssp245/r1i1p1f1/Omon/tos/gn/v20181218/remapped
Skipping directory (filepath contains remapped/processed): /maps/rt582/cmipper/.esgpull/data/CMIP6/ScenarioMIP/AWI/AWI-CM-1-1-MR/ssp245/r1i1p1f1/Omon/tos/gn/v20181218/remapped
Scanning directory: /maps/rt582/cmipper/.esgpull/data/CMIP6/ScenarioMIP/AWI/AWI-CM-1-1-MR/ssp245/r1i1p1f1/Omon/rsdo/gn/v20181218
No .nc files found in /maps/rt582/cmipper/.esgpull/data/CMIP6/ScenarioMIP/AWI/AWI-CM-1-1-MR/ssp245/r1i1p1f1/Omon/rsdo/gn/v20181218
Scanning directory: /maps/rt582/cmipper/.esgpull/data/CMIP6/ScenarioMIP/AWI/AWI-CM-1-1-MR/ssp245/r1i1p1f1/Omon/rsdo/gn/v20181218/remapped
Skipping directory (filepath contains remapped/processed): /maps/rt582/cmipper/.esgpull/data/CMIP6/ScenarioMIP/AWI/AWI-CM-1-1-MR/ssp245/r1i1p1f1/Omon/rsdo/gn/v20181218/remapped
Scanning directory: /maps/rt582/cmipper/.esgpull/data/CMIP6/ScenarioMIP/AWI/AWI-CM-1-1-MR/ssp245/r1i1p1f1/Omon/so/gn/v20181218
No .nc files found in /maps/rt582/cmipper/.esgpull/data/CMIP6/ScenarioMIP/AWI/AWI-CM-1-1-MR/ssp245/r1i1p1f1/Omon/so/gn/v20181218
Scanning directory: /maps/rt582/cmipper/.esgpull/data/CMIP6/ScenarioMIP/AWI/AWI-CM-1-1-MR/ssp245/r1i1p1f1/Omon/so/gn/v20181218/remapped
Skipping directory (filepath contains remapped/processed): /maps/rt582/cmipper/.esgpull/data/CMIP6/ScenarioMIP/AWI/AWI-CM-1-1-MR/ssp245/r1i1p1f1/Omon/so/gn/v20181218/remapped
Scanning directory: /maps/rt582/cmipper/.esgpull/data/CMIP6/ScenarioMIP/AWI/AWI-CM-1-1-MR/ssp370/r1i1p1f1/Omon
No .nc files found in /maps/rt582/cmipper/.esgpull/data/CMIP6/ScenarioMIP/AWI/AWI-CM-1-1-MR/ssp370/r1i1p1f1/Omon
Scanning directory: /maps/rt582/cmipper/.esgpull/data/CMIP6/ScenarioMIP/AWI/AWI-CM-1-1-MR/ssp370/r1i1p1f1/Omon/so
No .nc files found in /maps/rt582/cmipper/.esgpull/data/CMIP6/ScenarioMIP/AWI/AWI-CM-1-1-MR/ssp370/r1i1p1f1/Omon/so
Scanning directory: /maps/rt582/cmipper/.esgpull/data/CMIP6/ScenarioMIP/AWI/AWI-CM-1-1-MR/ssp370/r1i1p1f1/Omon/thetao
No .nc files found in /maps/rt582/cmipper/.esgpull/data/CMIP6/ScenarioMIP/AWI/AWI-CM-1-1-MR/ssp370/r1i1p1f1/Omon/thetao
Scanning directory: /maps/rt582/cmipper/.esgpull/data/CMIP6/ScenarioMIP/AWI/AWI-CM-1-1-MR/ssp370/r1i1p1f1/Omon/rsdo
No .nc files found in /maps/rt582/cmipper/.esgpull/data/CMIP6/ScenarioMIP/AWI/AWI-CM-1-1-MR/ssp370/r1i1p1f1/Omon/rsdo
Scanning directory: /maps/rt582/cmipper/.esgpull/data/CMIP6/ScenarioMIP/AWI/AWI-CM-1-1-MR/ssp370/r1i1p1f1/Omon/tos
No .nc files found in /maps/rt582/cmipper/.esgpull/data/CMIP6/ScenarioMIP/AWI/AWI-CM-1-1-MR/ssp370/r1i1p1f1/Omon/tos
Scanning directory: /maps/rt582/cmipper/.esgpull/data/CMIP6/ScenarioMIP/AWI/AWI-CM-1-1-MR/ssp370/r1i1p1f1/Omon/so/gn
No .nc files found in /maps/rt582/cmipper/.esgpull/data/CMIP6/ScenarioMIP/AWI/AWI-CM-1-1-MR/ssp370/r1i1p1f1/Omon/so/gn
Scanning directory: /maps/rt582/cmipper/.esgpull/data/CMIP6/ScenarioMIP/AWI/AWI-CM-1-1-MR/ssp370/r1i1p1f1/Omon/thetao/gn
No .nc files found in /maps/rt582/cmipper/.esgpull/data/CMIP6/ScenarioMIP/AWI/AWI-CM-1-1-MR/ssp370/r1i1p1f1/Omon/thetao/gn
Scanning directory: /maps/rt582/cmipper/.esgpull/data/CMIP6/ScenarioMIP/AWI/AWI-CM-1-1-MR/ssp370/r1i1p1f1/Omon/rsdo/gn
No .nc files found in /maps/rt582/cmipper/.esgpull/data/CMIP6/ScenarioMIP/AWI/AWI-CM-1-1-MR/ssp370/r1i1p1f1/Omon/rsdo/gn
Scanning directory: /maps/rt582/cmipper/.esgpull/data/CMIP6/ScenarioMIP/AWI/AWI-CM-1-1-MR/ssp370/r1i1p1f1/Omon/tos/gn
No .nc files found in /maps/rt582/cmipper/.esgpull/data/CMIP6/ScenarioMIP/AWI/AWI-CM-1-1-MR/ssp370/r1i1p1f1/Omon/tos/gn
Scanning directory: /maps/rt582/cmipper/.esgpull/data/CMIP6/ScenarioMIP/AWI/AWI-CM-1-1-MR/ssp370/r1i1p1f1/Omon/so/gn/v20181218
No .nc files found in /maps/rt582/cmipper/.esgpull/data/CMIP6/ScenarioMIP/AWI/AWI-CM-1-1-MR/ssp370/r1i1p1f1/Omon/so/gn/v20181218
Scanning directory: /maps/rt582/cmipper/.esgpull/data/CMIP6/ScenarioMIP/AWI/AWI-CM-1-1-MR/ssp370/r1i1p1f1/Omon/so/gn/v20181218/remapped
Skipping directory (filepath contains remapped/processed): /maps/rt582/cmipper/.esgpull/data/CMIP6/ScenarioMIP/AWI/AWI-CM-1-1-MR/ssp370/r1i1p1f1/Omon/so/gn/v20181218/remapped
Scanning directory: /maps/rt582/cmipper/.esgpull/data/CMIP6/ScenarioMIP/AWI/AWI-CM-1-1-MR/ssp370/r1i1p1f1/Omon/thetao/gn/v20181218
No .nc files found in /maps/rt582/cmipper/.esgpull/data/CMIP6/ScenarioMIP/AWI/AWI-CM-1-1-MR/ssp370/r1i1p1f1/Omon/thetao/gn/v20181218
Scanning directory: /maps/rt582/cmipper/.esgpull/data/CMIP6/ScenarioMIP/AWI/AWI-CM-1-1-MR/ssp370/r1i1p1f1/Omon/thetao/gn/v20181218/remapped
Skipping directory (filepath contains remapped/processed): /maps/rt582/cmipper/.esgpull/data/CMIP6/ScenarioMIP/AWI/AWI-CM-1-1-MR/ssp370/r1i1p1f1/Omon/thetao/gn/v20181218/remapped
Scanning directory: /maps/rt582/cmipper/.esgpull/data/CMIP6/ScenarioMIP/AWI/AWI-CM-1-1-MR/ssp370/r1i1p1f1/Omon/rsdo/gn/v20181218
No .nc files found in /maps/rt582/cmipper/.esgpull/data/CMIP6/ScenarioMIP/AWI/AWI-CM-1-1-MR/ssp370/r1i1p1f1/Omon/rsdo/gn/v20181218
Scanning directory: /maps/rt582/cmipper/.esgpull/data/CMIP6/ScenarioMIP/AWI/AWI-CM-1-1-MR/ssp370/r1i1p1f1/Omon/rsdo/gn/v20181218/remapped
Skipping directory (filepath contains remapped/processed): /maps/rt582/cmipper/.esgpull/data/CMIP6/ScenarioMIP/AWI/AWI-CM-1-1-MR/ssp370/r1i1p1f1/Omon/rsdo/gn/v20181218/remapped
Scanning directory: /maps/rt582/cmipper/.esgpull/data/CMIP6/ScenarioMIP/AWI/AWI-CM-1-1-MR/ssp370/r1i1p1f1/Omon/tos/gn/v20181218
No .nc files found in /maps/rt582/cmipper/.esgpull/data/CMIP6/ScenarioMIP/AWI/AWI-CM-1-1-MR/ssp370/r1i1p1f1/Omon/tos/gn/v20181218
Scanning directory: /maps/rt582/cmipper/.esgpull/data/CMIP6/ScenarioMIP/AWI/AWI-CM-1-1-MR/ssp370/r1i1p1f1/Omon/tos/gn/v20181218/remapped
Skipping directory (filepath contains remapped/processed): /maps/rt582/cmipper/.esgpull/data/CMIP6/ScenarioMIP/AWI/AWI-CM-1-1-MR/ssp370/r1i1p1f1/Omon/tos/gn/v20181218/remapped
Scanning directory: /maps/rt582/cmipper/.esgpull/data/CMIP6/ScenarioMIP/CSIRO/ACCESS-ESM1-5/ssp585
No .nc files found in /maps/rt582/cmipper/.esgpull/data/CMIP6/ScenarioMIP/CSIRO/ACCESS-ESM1-5/ssp585
Scanning directory: /maps/rt582/cmipper/.esgpull/data/CMIP6/ScenarioMIP/CSIRO/ACCESS-ESM1-5/ssp126
No .nc files found in /maps/rt582/cmipper/.esgpull/data/CMIP6/ScenarioMIP/CSIRO/ACCESS-ESM1-5/ssp126
Scanning directory: /maps/rt582/cmipper/.esgpull/data/CMIP6/ScenarioMIP/CSIRO/ACCESS-ESM1-5/ssp370
No .nc files found in /maps/rt582/cmipper/.esgpull/data/CMIP6/ScenarioMIP/CSIRO/ACCESS-ESM1-5/ssp370
Scanning directory: /maps/rt582/cmipper/.esgpull/data/CMIP6/ScenarioMIP/CSIRO/ACCESS-ESM1-5/ssp245
No .nc files found in /maps/rt582/cmipper/.esgpull/data/CMIP6/ScenarioMIP/CSIRO/ACCESS-ESM1-5/ssp245
Scanning directory: /maps/rt582/cmipper/.esgpull/data/CMIP6/ScenarioMIP/CSIRO/ACCESS-ESM1-5/ssp585/r1i1p1f1
No .nc files found in /maps/rt582/cmipper/.esgpull/data/CMIP6/ScenarioMIP/CSIRO/ACCESS-ESM1-5/ssp585/r1i1p1f1
Scanning directory: /maps/rt582/cmipper/.esgpull/data/CMIP6/ScenarioMIP/CSIRO/ACCESS-ESM1-5/ssp126/r1i1p1f1
No .nc files found in /maps/rt582/cmipper/.esgpull/data/CMIP6/ScenarioMIP/CSIRO/ACCESS-ESM1-5/ssp126/r1i1p1f1
Scanning directory: /maps/rt582/cmipper/.esgpull/data/CMIP6/ScenarioMIP/CSIRO/ACCESS-ESM1-5/ssp370/r1i1p1f1
No .nc files found in /maps/rt582/cmipper/.esgpull/data/CMIP6/ScenarioMIP/CSIRO/ACCESS-ESM1-5/ssp370/r1i1p1f1
Scanning directory: /maps/rt582/cmipper/.esgpull/data/CMIP6/ScenarioMIP/CSIRO/ACCESS-ESM1-5/ssp245/r1i1p1f1
No .nc files found in /maps/rt582/cmipper/.esgpull/data/CMIP6/ScenarioMIP/CSIRO/ACCESS-ESM1-5/ssp245/r1i1p1f1
Scanning directory: /maps/rt582/cmipper/.esgpull/data/CMIP6/ScenarioMIP/CSIRO/ACCESS-ESM1-5/ssp585/r1i1p1f1/Omon
No .nc files found in /maps/rt582/cmipper/.esgpull/data/CMIP6/ScenarioMIP/CSIRO/ACCESS-ESM1-5/ssp585/r1i1p1f1/Omon
Scanning directory: /maps/rt582/cmipper/.esgpull/data/CMIP6/ScenarioMIP/CSIRO/ACCESS-ESM1-5/ssp585/r1i1p1f1/Omon/arag
No .nc files found in /maps/rt582/cmipper/.esgpull/data/CMIP6/ScenarioMIP/CSIRO/ACCESS-ESM1-5/ssp585/r1i1p1f1/Omon/arag
Scanning directory: /maps/rt582/cmipper/.esgpull/data/CMIP6/ScenarioMIP/CSIRO/ACCESS-ESM1-5/ssp585/r1i1p1f1/Omon/po4
No .nc files found in /maps/rt582/cmipper/.esgpull/data/CMIP6/ScenarioMIP/CSIRO/ACCESS-ESM1-5/ssp585/r1i1p1f1/Omon/po4
Scanning directory: /maps/rt582/cmipper/.esgpull/data/CMIP6/ScenarioMIP/CSIRO/ACCESS-ESM1-5/ssp585/r1i1p1f1/Omon/no3
No .nc files found in /maps/rt582/cmipper/.esgpull/data/CMIP6/ScenarioMIP/CSIRO/ACCESS-ESM1-5/ssp585/r1i1p1f1/Omon/no3
Scanning directory: /maps/rt582/cmipper/.esgpull/data/CMIP6/ScenarioMIP/CSIRO/ACCESS-ESM1-5/ssp585/r1i1p1f1/Omon/arag/gn
No .nc files found in /maps/rt582/cmipper/.esgpull/data/CMIP6/ScenarioMIP/CSIRO/ACCESS-ESM1-5/ssp585/r1i1p1f1/Omon/arag/gn
Scanning directory: /maps/rt582/cmipper/.esgpull/data/CMIP6/ScenarioMIP/CSIRO/ACCESS-ESM1-5/ssp585/r1i1p1f1/Omon/po4/gn
No .nc files found in /maps/rt582/cmipper/.esgpull/data/CMIP6/ScenarioMIP/CSIRO/ACCESS-ESM1-5/ssp585/r1i1p1f1/Omon/po4/gn
Scanning directory: /maps/rt582/cmipper/.esgpull/data/CMIP6/ScenarioMIP/CSIRO/ACCESS-ESM1-5/ssp585/r1i1p1f1/Omon/no3/gn
No .nc files found in /maps/rt582/cmipper/.esgpull/data/CMIP6/ScenarioMIP/CSIRO/ACCESS-ESM1-5/ssp585/r1i1p1f1/Omon/no3/gn
Scanning directory: /maps/rt582/cmipper/.esgpull/data/CMIP6/ScenarioMIP/CSIRO/ACCESS-ESM1-5/ssp585/r1i1p1f1/Omon/arag/gn/v20210318
	Remapping 2 files in /maps/rt582/cmipper/.esgpull/data/CMIP6/ScenarioMIP/CSIRO/ACCESS-ESM1-5/ssp585/r1i1p1f1/Omon/arag/gn/v20210318
	Remapping 2 files in /maps/rt582/cmipper/.esgpull/data/CMIP6/ScenarioMIP/CSIRO/ACCESS-ESM1-5/ssp585/r1i1p1f1/Omon/arag/gn/v20210318
	Remapping /maps/rt582/cmipper/.esgpull/data/CMIP6/ScenarioMIP/CSIRO/ACCESS-ESM1-5/ssp585/r1i1p1f1/Omon/arag/gn/v20210318/arag_Omon_ACCESS-ESM1-5_ssp585_r1i1p1f1_gn_219101-220012.nc -> /maps/rt582/cmipper/.esgpull/data/CMIP6/ScenarioMIP/CSIRO/ACCESS-ESM1-5/ssp585/r1i1p1f1/Omon/arag/gn/v20210318/remapped/arag_Omon_ACCESS-ESM1-5_ssp585_r1i1p1f1_gn_219101-220012.nc
Remapped: /maps/rt582/cmipper/.esgpull/data/CMIP6/ScenarioMIP/CSIRO/ACCESS-ESM1-5/ssp585/r1i1p1f1/Omon/arag/gn/v20210318/arag_Omon_ACCESS-ESM1-5_ssp585_r1i1p1f1_gn_219101-220012.nc -> /maps/rt582/cmipper/.esgpull/data/CMIP6/ScenarioMIP/CSIRO/ACCESS-ESM1-5/ssp585/r1i1p1f1/Omon/arag/gn/v20210318/remapped/arag_Omon_ACCESS-ESM1-5_ssp585_r1i1p1f1_gn_219101-220012.nc
	Remapping /maps/rt582/cmipper/.esgpull/data/CMIP6/ScenarioMIP/CSIRO/ACCESS-ESM1-5/ssp585/r1i1p1f1/Omon/arag/gn/v20210318/arag_Omon_ACCESS-ESM1-5_ssp585_r1i1p1f1_gn_204501-205412.nc -> /maps/rt582/cmipper/.esgpull/data/CMIP6/ScenarioMIP/CSIRO/ACCESS-ESM1-5/ssp585/r1i1p1f1/Omon/arag/gn/v20210318/remapped/arag_Omon_ACCESS-ESM1-5_ssp585_r1i1p1f1_gn_204501-205412.nc
Remapped: /maps/rt582/cmipper/.esgpull/data/CMIP6/ScenarioMIP/CSIRO/ACCESS-ESM1-5/ssp585/r1i1p1f1/Omon/arag/gn/v20210318/arag_Omon_ACCESS-ESM1-5_ssp585_r1i1p1f1_gn_204501-205412.nc -> /maps/rt582/cmipper/.esgpull/data/CMIP6/ScenarioMIP/CSIRO/ACCESS-ESM1-5/ssp585/r1i1p1f1/Omon/arag/gn/v20210318/remapped/arag_Omon_ACCESS-ESM1-5_ssp585_r1i1p1f1_gn_204501-205412.nc
Scanning directory: /maps/rt582/cmipper/.esgpull/data/CMIP6/ScenarioMIP/CSIRO/ACCESS-ESM1-5/ssp585/r1i1p1f1/Omon/arag/gn/v20210318/remapped
Skipping directory (filepath contains remapped/processed): /maps/rt582/cmipper/.esgpull/data/CMIP6/ScenarioMIP/CSIRO/ACCESS-ESM1-5/ssp585/r1i1p1f1/Omon/arag/gn/v20210318/remapped
Scanning directory: /maps/rt582/cmipper/.esgpull/data/CMIP6/ScenarioMIP/CSIRO/ACCESS-ESM1-5/ssp585/r1i1p1f1/Omon/po4/gn/v20210318
	Remapping 7 files in /maps/rt582/cmipper/.esgpull/data/CMIP6/ScenarioMIP/CSIRO/ACCESS-ESM1-5/ssp585/r1i1p1f1/Omon/po4/gn/v20210318
	Remapping 7 files in /maps/rt582/cmipper/.esgpull/data/CMIP6/ScenarioMIP/CSIRO/ACCESS-ESM1-5/ssp585/r1i1p1f1/Omon/po4/gn/v20210318
	Remapping /maps/rt582/cmipper/.esgpull/data/CMIP6/ScenarioMIP/CSIRO/ACCESS-ESM1-5/ssp585/r1i1p1f1/Omon/po4/gn/v20210318/po4_Omon_ACCESS-ESM1-5_ssp585_r1i1p1f1_gn_202501-203412.nc -> /maps/rt582/cmipper/.esgpull/data/CMIP6/ScenarioMIP/CSIRO/ACCESS-ESM1-5/ssp585/r1i1p1f1/Omon/po4/gn/v20210318/remapped/po4_Omon_ACCESS-ESM1-5_ssp585_r1i1p1f1_gn_202501-203412.nc
Remapped: /maps/rt582/cmipper/.esgpull/data/CMIP6/ScenarioMIP/CSIRO/ACCESS-ESM1-5/ssp585/r1i1p1f1/Omon/po4/gn/v20210318/po4_Omon_ACCESS-ESM1-5_ssp585_r1i1p1f1_gn_202501-203412.nc -> /maps/rt582/cmipper/.esgpull/data/CMIP6/ScenarioMIP/CSIRO/ACCESS-ESM1-5/ssp585/r1i1p1f1/Omon/po4/gn/v20210318/remapped/po4_Omon_ACCESS-ESM1-5_ssp585_r1i1p1f1_gn_202501-203412.nc
	Remapping /maps/rt582/cmipper/.esgpull/data/CMIP6/ScenarioMIP/CSIRO/ACCESS-ESM1-5/ssp585/r1i1p1f1/Omon/po4/gn/v20210318/po4_Omon_ACCESS-ESM1-5_ssp585_r1i1p1f1_gn_201501-202412.nc -> /maps/rt582/cmipper/.esgpull/data/CMIP6/ScenarioMIP/CSIRO/ACCESS-ESM1-5/ssp585/r1i1p1f1/Omon/po4/gn/v20210318/remapped/po4_Omon_ACCESS-ESM1-5_ssp585_r1i1p1f1_gn_201501-202412.nc
Remapped: /maps/rt582/cmipper/.esgpull/data/CMIP6/ScenarioMIP/CSIRO/ACCESS-ESM1-5/ssp585/r1i1p1f1/Omon/po4/gn/v20210318/po4_Omon_ACCESS-ESM1-5_ssp585_r1i1p1f1_gn_201501-202412.nc -> /maps/rt582/cmipper/.esgpull/data/CMIP6/ScenarioMIP/CSIRO/ACCESS-ESM1-5/ssp585/r1i1p1f1/Omon/po4/gn/v20210318/remapped/po4_Omon_ACCESS-ESM1-5_ssp585_r1i1p1f1_gn_201501-202412.nc
	Remapping /maps/rt582/cmipper/.esgpull/data/CMIP6/ScenarioMIP/CSIRO/ACCESS-ESM1-5/ssp585/r1i1p1f1/Omon/po4/gn/v20210318/po4_Omon_ACCESS-ESM1-5_ssp585_r1i1p1f1_gn_211101-212012.nc -> /maps/rt582/cmipper/.esgpull/data/CMIP6/ScenarioMIP/CSIRO/ACCESS-ESM1-5/ssp585/r1i1p1f1/Omon/po4/gn/v20210318/remapped/po4_Omon_ACCESS-ESM1-5_ssp585_r1i1p1f1_gn_211101-212012.nc
Remapped: /maps/rt582/cmipper/.esgpull/data/CMIP6/ScenarioMIP/CSIRO/ACCESS-ESM1-5/ssp585/r1i1p1f1/Omon/po4/gn/v20210318/po4_Omon_ACCESS-ESM1-5_ssp585_r1i1p1f1_gn_211101-212012.nc -> /maps/rt582/cmipper/.esgpull/data/CMIP6/ScenarioMIP/CSIRO/ACCESS-ESM1-5/ssp585/r1i1p1f1/Omon/po4/gn/v20210318/remapped/po4_Omon_ACCESS-ESM1-5_ssp585_r1i1p1f1_gn_211101-212012.nc
	Remapping /maps/rt582/cmipper/.esgpull/data/CMIP6/ScenarioMIP/CSIRO/ACCESS-ESM1-5/ssp585/r1i1p1f1/Omon/po4/gn/v20210318/po4_Omon_ACCESS-ESM1-5_ssp585_r1i1p1f1_gn_213101-214012.nc -> /maps/rt582/cmipper/.esgpull/data/CMIP6/ScenarioMIP/CSIRO/ACCESS-ESM1-5/ssp585/r1i1p1f1/Omon/po4/gn/v20210318/remapped/po4_Omon_ACCESS-ESM1-5_ssp585_r1i1p1f1_gn_213101-214012.nc
Remapped: /maps/rt582/cmipper/.esgpull/data/CMIP6/ScenarioMIP/CSIRO/ACCESS-ESM1-5/ssp585/r1i1p1f1/Omon/po4/gn/v20210318/po4_Omon_ACCESS-ESM1-5_ssp585_r1i1p1f1_gn_213101-214012.nc -> /maps/rt582/cmipper/.esgpull/data/CMIP6/ScenarioMIP/CSIRO/ACCESS-ESM1-5/ssp585/r1i1p1f1/Omon/po4/gn/v20210318/remapped/po4_Omon_ACCESS-ESM1-5_ssp585_r1i1p1f1_gn_213101-214012.nc
	Remapping /maps/rt582/cmipper/.esgpull/data/CMIP6/ScenarioMIP/CSIRO/ACCESS-ESM1-5/ssp585/r1i1p1f1/Omon/po4/gn/v20210318/po4_Omon_ACCESS-ESM1-5_ssp585_r1i1p1f1_gn_205501-206412.nc -> /maps/rt582/cmipper/.esgpull/data/CMIP6/ScenarioMIP/CSIRO/ACCESS-ESM1-5/ssp585/r1i1p1f1/Omon/po4/gn/v20210318/remapped/po4_Omon_ACCESS-ESM1-5_ssp585_r1i1p1f1_gn_205501-206412.nc
Remapped: /maps/rt582/cmipper/.esgpull/data/CMIP6/ScenarioMIP/CSIRO/ACCESS-ESM1-5/ssp585/r1i1p1f1/Omon/po4/gn/v20210318/po4_Omon_ACCESS-ESM1-5_ssp585_r1i1p1f1_gn_205501-206412.nc -> /maps/rt582/cmipper/.esgpull/data/CMIP6/ScenarioMIP/CSIRO/ACCESS-ESM1-5/ssp585/r1i1p1f1/Omon/po4/gn/v20210318/remapped/po4_Omon_ACCESS-ESM1-5_ssp585_r1i1p1f1_gn_205501-206412.nc
	Remapping /maps/rt582/cmipper/.esgpull/data/CMIP6/ScenarioMIP/CSIRO/ACCESS-ESM1-5/ssp585/r1i1p1f1/Omon/po4/gn/v20210318/po4_Omon_ACCESS-ESM1-5_ssp585_r1i1p1f1_gn_217101-218012.nc -> /maps/rt582/cmipper/.esgpull/data/CMIP6/ScenarioMIP/CSIRO/ACCESS-ESM1-5/ssp585/r1i1p1f1/Omon/po4/gn/v20210318/remapped/po4_Omon_ACCESS-ESM1-5_ssp585_r1i1p1f1_gn_217101-218012.nc
Remapped: /maps/rt582/cmipper/.esgpull/data/CMIP6/ScenarioMIP/CSIRO/ACCESS-ESM1-5/ssp585/r1i1p1f1/Omon/po4/gn/v20210318/po4_Omon_ACCESS-ESM1-5_ssp585_r1i1p1f1_gn_217101-218012.nc -> /maps/rt582/cmipper/.esgpull/data/CMIP6/ScenarioMIP/CSIRO/ACCESS-ESM1-5/ssp585/r1i1p1f1/Omon/po4/gn/v20210318/remapped/po4_Omon_ACCESS-ESM1-5_ssp585_r1i1p1f1_gn_217101-218012.nc
	Remapping /maps/rt582/cmipper/.esgpull/data/CMIP6/ScenarioMIP/CSIRO/ACCESS-ESM1-5/ssp585/r1i1p1f1/Omon/po4/gn/v20210318/po4_Omon_ACCESS-ESM1-5_ssp585_r1i1p1f1_gn_203501-204412.nc -> /maps/rt582/cmipper/.esgpull/data/CMIP6/ScenarioMIP/CSIRO/ACCESS-ESM1-5/ssp585/r1i1p1f1/Omon/po4/gn/v20210318/remapped/po4_Omon_ACCESS-ESM1-5_ssp585_r1i1p1f1_gn_203501-204412.nc
Remapped: /maps/rt582/cmipper/.esgpull/data/CMIP6/ScenarioMIP/CSIRO/ACCESS-ESM1-5/ssp585/r1i1p1f1/Omon/po4/gn/v20210318/po4_Omon_ACCESS-ESM1-5_ssp585_r1i1p1f1_gn_203501-204412.nc -> /maps/rt582/cmipper/.esgpull/data/CMIP6/ScenarioMIP/CSIRO/ACCESS-ESM1-5/ssp585/r1i1p1f1/Omon/po4/gn/v20210318/remapped/po4_Omon_ACCESS-ESM1-5_ssp585_r1i1p1f1_gn_203501-204412.nc
Scanning directory: /maps/rt582/cmipper/.esgpull/data/CMIP6/ScenarioMIP/CSIRO/ACCESS-ESM1-5/ssp585/r1i1p1f1/Omon/po4/gn/v20210318/remapped
Skipping directory (filepath contains remapped/processed): /maps/rt582/cmipper/.esgpull/data/CMIP6/ScenarioMIP/CSIRO/ACCESS-ESM1-5/ssp585/r1i1p1f1/Omon/po4/gn/v20210318/remapped
Scanning directory: /maps/rt582/cmipper/.esgpull/data/CMIP6/ScenarioMIP/CSIRO/ACCESS-ESM1-5/ssp585/r1i1p1f1/Omon/no3/gn/v20210318
	Remapping 3 files in /maps/rt582/cmipper/.esgpull/data/CMIP6/ScenarioMIP/CSIRO/ACCESS-ESM1-5/ssp585/r1i1p1f1/Omon/no3/gn/v20210318
	Remapping 3 files in /maps/rt582/cmipper/.esgpull/data/CMIP6/ScenarioMIP/CSIRO/ACCESS-ESM1-5/ssp585/r1i1p1f1/Omon/no3/gn/v20210318
	Remapping /maps/rt582/cmipper/.esgpull/data/CMIP6/ScenarioMIP/CSIRO/ACCESS-ESM1-5/ssp585/r1i1p1f1/Omon/no3/gn/v20210318/no3_Omon_ACCESS-ESM1-5_ssp585_r1i1p1f1_gn_214101-215012.nc -> /maps/rt582/cmipper/.esgpull/data/CMIP6/ScenarioMIP/CSIRO/ACCESS-ESM1-5/ssp585/r1i1p1f1/Omon/no3/gn/v20210318/remapped/no3_Omon_ACCESS-ESM1-5_ssp585_r1i1p1f1_gn_214101-215012.nc
Remapped: /maps/rt582/cmipper/.esgpull/data/CMIP6/ScenarioMIP/CSIRO/ACCESS-ESM1-5/ssp585/r1i1p1f1/Omon/no3/gn/v20210318/no3_Omon_ACCESS-ESM1-5_ssp585_r1i1p1f1_gn_214101-215012.nc -> /maps/rt582/cmipper/.esgpull/data/CMIP6/ScenarioMIP/CSIRO/ACCESS-ESM1-5/ssp585/r1i1p1f1/Omon/no3/gn/v20210318/remapped/no3_Omon_ACCESS-ESM1-5_ssp585_r1i1p1f1_gn_214101-215012.nc
/maps/rt582/cmipper/.esgpull/data/CMIP6/ScenarioMIP/CSIRO/ACCESS-ESM1-5/ssp585/r1i1p1f1/Omon/no3/gn/v20210318/remapped/no3_Omon_ACCESS-ESM1-5_ssp585_r1i1p1f1_gn_217101-218012.nc already exists. Skipping...
	Remapping /maps/rt582/cmipper/.esgpull/data/CMIP6/ScenarioMIP/CSIRO/ACCESS-ESM1-5/ssp585/r1i1p1f1/Omon/no3/gn/v20210318/no3_Omon_ACCESS-ESM1-5_ssp585_r1i1p1f1_gn_216101-217012.nc -> /maps/rt582/cmipper/.esgpull/data/CMIP6/ScenarioMIP/CSIRO/ACCESS-ESM1-5/ssp585/r1i1p1f1/Omon/no3/gn/v20210318/remapped/no3_Omon_ACCESS-ESM1-5_ssp585_r1i1p1f1_gn_216101-217012.nc
Remapped: /maps/rt582/cmipper/.esgpull/data/CMIP6/ScenarioMIP/CSIRO/ACCESS-ESM1-5/ssp585/r1i1p1f1/Omon/no3/gn/v20210318/no3_Omon_ACCESS-ESM1-5_ssp585_r1i1p1f1_gn_216101-217012.nc -> /maps/rt582/cmipper/.esgpull/data/CMIP6/ScenarioMIP/CSIRO/ACCESS-ESM1-5/ssp585/r1i1p1f1/Omon/no3/gn/v20210318/remapped/no3_Omon_ACCESS-ESM1-5_ssp585_r1i1p1f1_gn_216101-217012.nc
Scanning directory: /maps/rt582/cmipper/.esgpull/data/CMIP6/ScenarioMIP/CSIRO/ACCESS-ESM1-5/ssp585/r1i1p1f1/Omon/no3/gn/v20210318/remapped
Skipping directory (filepath contains remapped/processed): /maps/rt582/cmipper/.esgpull/data/CMIP6/ScenarioMIP/CSIRO/ACCESS-ESM1-5/ssp585/r1i1p1f1/Omon/no3/gn/v20210318/remapped
Scanning directory: /maps/rt582/cmipper/.esgpull/data/CMIP6/ScenarioMIP/CSIRO/ACCESS-ESM1-5/ssp126/r1i1p1f1/Omon
No .nc files found in /maps/rt582/cmipper/.esgpull/data/CMIP6/ScenarioMIP/CSIRO/ACCESS-ESM1-5/ssp126/r1i1p1f1/Omon
Scanning directory: /maps/rt582/cmipper/.esgpull/data/CMIP6/ScenarioMIP/CSIRO/ACCESS-ESM1-5/ssp126/r1i1p1f1/Omon/po4
No .nc files found in /maps/rt582/cmipper/.esgpull/data/CMIP6/ScenarioMIP/CSIRO/ACCESS-ESM1-5/ssp126/r1i1p1f1/Omon/po4
Scanning directory: /maps/rt582/cmipper/.esgpull/data/CMIP6/ScenarioMIP/CSIRO/ACCESS-ESM1-5/ssp126/r1i1p1f1/Omon/no3
No .nc files found in /maps/rt582/cmipper/.esgpull/data/CMIP6/ScenarioMIP/CSIRO/ACCESS-ESM1-5/ssp126/r1i1p1f1/Omon/no3
Scanning directory: /maps/rt582/cmipper/.esgpull/data/CMIP6/ScenarioMIP/CSIRO/ACCESS-ESM1-5/ssp126/r1i1p1f1/Omon/arag
No .nc files found in /maps/rt582/cmipper/.esgpull/data/CMIP6/ScenarioMIP/CSIRO/ACCESS-ESM1-5/ssp126/r1i1p1f1/Omon/arag
Scanning directory: /maps/rt582/cmipper/.esgpull/data/CMIP6/ScenarioMIP/CSIRO/ACCESS-ESM1-5/ssp126/r1i1p1f1/Omon/po4/gn
No .nc files found in /maps/rt582/cmipper/.esgpull/data/CMIP6/ScenarioMIP/CSIRO/ACCESS-ESM1-5/ssp126/r1i1p1f1/Omon/po4/gn
Scanning directory: /maps/rt582/cmipper/.esgpull/data/CMIP6/ScenarioMIP/CSIRO/ACCESS-ESM1-5/ssp126/r1i1p1f1/Omon/no3/gn
No .nc files found in /maps/rt582/cmipper/.esgpull/data/CMIP6/ScenarioMIP/CSIRO/ACCESS-ESM1-5/ssp126/r1i1p1f1/Omon/no3/gn
Scanning directory: /maps/rt582/cmipper/.esgpull/data/CMIP6/ScenarioMIP/CSIRO/ACCESS-ESM1-5/ssp126/r1i1p1f1/Omon/arag/gn
No .nc files found in /maps/rt582/cmipper/.esgpull/data/CMIP6/ScenarioMIP/CSIRO/ACCESS-ESM1-5/ssp126/r1i1p1f1/Omon/arag/gn
Scanning directory: /maps/rt582/cmipper/.esgpull/data/CMIP6/ScenarioMIP/CSIRO/ACCESS-ESM1-5/ssp126/r1i1p1f1/Omon/po4/gn/v20210318
	Remapping 3 files in /maps/rt582/cmipper/.esgpull/data/CMIP6/ScenarioMIP/CSIRO/ACCESS-ESM1-5/ssp126/r1i1p1f1/Omon/po4/gn/v20210318
	Remapping 3 files in /maps/rt582/cmipper/.esgpull/data/CMIP6/ScenarioMIP/CSIRO/ACCESS-ESM1-5/ssp126/r1i1p1f1/Omon/po4/gn/v20210318
	Remapping /maps/rt582/cmipper/.esgpull/data/CMIP6/ScenarioMIP/CSIRO/ACCESS-ESM1-5/ssp126/r1i1p1f1/Omon/po4/gn/v20210318/po4_Omon_ACCESS-ESM1-5_ssp126_r1i1p1f1_gn_212101-213012.nc -> /maps/rt582/cmipper/.esgpull/data/CMIP6/ScenarioMIP/CSIRO/ACCESS-ESM1-5/ssp126/r1i1p1f1/Omon/po4/gn/v20210318/remapped/po4_Omon_ACCESS-ESM1-5_ssp126_r1i1p1f1_gn_212101-213012.nc
Remapped: /maps/rt582/cmipper/.esgpull/data/CMIP6/ScenarioMIP/CSIRO/ACCESS-ESM1-5/ssp126/r1i1p1f1/Omon/po4/gn/v20210318/po4_Omon_ACCESS-ESM1-5_ssp126_r1i1p1f1_gn_212101-213012.nc -> /maps/rt582/cmipper/.esgpull/data/CMIP6/ScenarioMIP/CSIRO/ACCESS-ESM1-5/ssp126/r1i1p1f1/Omon/po4/gn/v20210318/remapped/po4_Omon_ACCESS-ESM1-5_ssp126_r1i1p1f1_gn_212101-213012.nc
	Remapping /maps/rt582/cmipper/.esgpull/data/CMIP6/ScenarioMIP/CSIRO/ACCESS-ESM1-5/ssp126/r1i1p1f1/Omon/po4/gn/v20210318/po4_Omon_ACCESS-ESM1-5_ssp126_r1i1p1f1_gn_201501-202412.nc -> /maps/rt582/cmipper/.esgpull/data/CMIP6/ScenarioMIP/CSIRO/ACCESS-ESM1-5/ssp126/r1i1p1f1/Omon/po4/gn/v20210318/remapped/po4_Omon_ACCESS-ESM1-5_ssp126_r1i1p1f1_gn_201501-202412.nc
Remapped: /maps/rt582/cmipper/.esgpull/data/CMIP6/ScenarioMIP/CSIRO/ACCESS-ESM1-5/ssp126/r1i1p1f1/Omon/po4/gn/v20210318/po4_Omon_ACCESS-ESM1-5_ssp126_r1i1p1f1_gn_201501-202412.nc -> /maps/rt582/cmipper/.esgpull/data/CMIP6/ScenarioMIP/CSIRO/ACCESS-ESM1-5/ssp126/r1i1p1f1/Omon/po4/gn/v20210318/remapped/po4_Omon_ACCESS-ESM1-5_ssp126_r1i1p1f1_gn_201501-202412.nc
	Remapping /maps/rt582/cmipper/.esgpull/data/CMIP6/ScenarioMIP/CSIRO/ACCESS-ESM1-5/ssp126/r1i1p1f1/Omon/po4/gn/v20210318/po4_Omon_ACCESS-ESM1-5_ssp126_r1i1p1f1_gn_207501-208412.nc -> /maps/rt582/cmipper/.esgpull/data/CMIP6/ScenarioMIP/CSIRO/ACCESS-ESM1-5/ssp126/r1i1p1f1/Omon/po4/gn/v20210318/remapped/po4_Omon_ACCESS-ESM1-5_ssp126_r1i1p1f1_gn_207501-208412.nc
Remapped: /maps/rt582/cmipper/.esgpull/data/CMIP6/ScenarioMIP/CSIRO/ACCESS-ESM1-5/ssp126/r1i1p1f1/Omon/po4/gn/v20210318/po4_Omon_ACCESS-ESM1-5_ssp126_r1i1p1f1_gn_207501-208412.nc -> /maps/rt582/cmipper/.esgpull/data/CMIP6/ScenarioMIP/CSIRO/ACCESS-ESM1-5/ssp126/r1i1p1f1/Omon/po4/gn/v20210318/remapped/po4_Omon_ACCESS-ESM1-5_ssp126_r1i1p1f1_gn_207501-208412.nc
Scanning directory: /maps/rt582/cmipper/.esgpull/data/CMIP6/ScenarioMIP/CSIRO/ACCESS-ESM1-5/ssp126/r1i1p1f1/Omon/po4/gn/v20210318/remapped
Skipping directory (filepath contains remapped/processed): /maps/rt582/cmipper/.esgpull/data/CMIP6/ScenarioMIP/CSIRO/ACCESS-ESM1-5/ssp126/r1i1p1f1/Omon/po4/gn/v20210318/remapped
Scanning directory: /maps/rt582/cmipper/.esgpull/data/CMIP6/ScenarioMIP/CSIRO/ACCESS-ESM1-5/ssp126/r1i1p1f1/Omon/no3/gn/v20210318
	Remapping 3 files in /maps/rt582/cmipper/.esgpull/data/CMIP6/ScenarioMIP/CSIRO/ACCESS-ESM1-5/ssp126/r1i1p1f1/Omon/no3/gn/v20210318
	Remapping 3 files in /maps/rt582/cmipper/.esgpull/data/CMIP6/ScenarioMIP/CSIRO/ACCESS-ESM1-5/ssp126/r1i1p1f1/Omon/no3/gn/v20210318
	Remapping /maps/rt582/cmipper/.esgpull/data/CMIP6/ScenarioMIP/CSIRO/ACCESS-ESM1-5/ssp126/r1i1p1f1/Omon/no3/gn/v20210318/no3_Omon_ACCESS-ESM1-5_ssp126_r1i1p1f1_gn_208501-209412.nc -> /maps/rt582/cmipper/.esgpull/data/CMIP6/ScenarioMIP/CSIRO/ACCESS-ESM1-5/ssp126/r1i1p1f1/Omon/no3/gn/v20210318/remapped/no3_Omon_ACCESS-ESM1-5_ssp126_r1i1p1f1_gn_208501-209412.nc
Remapped: /maps/rt582/cmipper/.esgpull/data/CMIP6/ScenarioMIP/CSIRO/ACCESS-ESM1-5/ssp126/r1i1p1f1/Omon/no3/gn/v20210318/no3_Omon_ACCESS-ESM1-5_ssp126_r1i1p1f1_gn_208501-209412.nc -> /maps/rt582/cmipper/.esgpull/data/CMIP6/ScenarioMIP/CSIRO/ACCESS-ESM1-5/ssp126/r1i1p1f1/Omon/no3/gn/v20210318/remapped/no3_Omon_ACCESS-ESM1-5_ssp126_r1i1p1f1_gn_208501-209412.nc
/maps/rt582/cmipper/.esgpull/data/CMIP6/ScenarioMIP/CSIRO/ACCESS-ESM1-5/ssp126/r1i1p1f1/Omon/no3/gn/v20210318/remapped/no3_Omon_ACCESS-ESM1-5_ssp126_r1i1p1f1_gn_220101-221012.nc already exists. Skipping...
	Remapping /maps/rt582/cmipper/.esgpull/data/CMIP6/ScenarioMIP/CSIRO/ACCESS-ESM1-5/ssp126/r1i1p1f1/Omon/no3/gn/v20210318/no3_Omon_ACCESS-ESM1-5_ssp126_r1i1p1f1_gn_212101-213012.nc -> /maps/rt582/cmipper/.esgpull/data/CMIP6/ScenarioMIP/CSIRO/ACCESS-ESM1-5/ssp126/r1i1p1f1/Omon/no3/gn/v20210318/remapped/no3_Omon_ACCESS-ESM1-5_ssp126_r1i1p1f1_gn_212101-213012.nc
Remapped: /maps/rt582/cmipper/.esgpull/data/CMIP6/ScenarioMIP/CSIRO/ACCESS-ESM1-5/ssp126/r1i1p1f1/Omon/no3/gn/v20210318/no3_Omon_ACCESS-ESM1-5_ssp126_r1i1p1f1_gn_212101-213012.nc -> /maps/rt582/cmipper/.esgpull/data/CMIP6/ScenarioMIP/CSIRO/ACCESS-ESM1-5/ssp126/r1i1p1f1/Omon/no3/gn/v20210318/remapped/no3_Omon_ACCESS-ESM1-5_ssp126_r1i1p1f1_gn_212101-213012.nc
Scanning directory: /maps/rt582/cmipper/.esgpull/data/CMIP6/ScenarioMIP/CSIRO/ACCESS-ESM1-5/ssp126/r1i1p1f1/Omon/no3/gn/v20210318/remapped
Skipping directory (filepath contains remapped/processed): /maps/rt582/cmipper/.esgpull/data/CMIP6/ScenarioMIP/CSIRO/ACCESS-ESM1-5/ssp126/r1i1p1f1/Omon/no3/gn/v20210318/remapped
Scanning directory: /maps/rt582/cmipper/.esgpull/data/CMIP6/ScenarioMIP/CSIRO/ACCESS-ESM1-5/ssp126/r1i1p1f1/Omon/arag/gn/v20210318
	Remapping 4 files in /maps/rt582/cmipper/.esgpull/data/CMIP6/ScenarioMIP/CSIRO/ACCESS-ESM1-5/ssp126/r1i1p1f1/Omon/arag/gn/v20210318
	Remapping 4 files in /maps/rt582/cmipper/.esgpull/data/CMIP6/ScenarioMIP/CSIRO/ACCESS-ESM1-5/ssp126/r1i1p1f1/Omon/arag/gn/v20210318
	Remapping /maps/rt582/cmipper/.esgpull/data/CMIP6/ScenarioMIP/CSIRO/ACCESS-ESM1-5/ssp126/r1i1p1f1/Omon/arag/gn/v20210318/arag_Omon_ACCESS-ESM1-5_ssp126_r1i1p1f1_gn_221101-222012.nc -> /maps/rt582/cmipper/.esgpull/data/CMIP6/ScenarioMIP/CSIRO/ACCESS-ESM1-5/ssp126/r1i1p1f1/Omon/arag/gn/v20210318/remapped/arag_Omon_ACCESS-ESM1-5_ssp126_r1i1p1f1_gn_221101-222012.nc
Remapped: /maps/rt582/cmipper/.esgpull/data/CMIP6/ScenarioMIP/CSIRO/ACCESS-ESM1-5/ssp126/r1i1p1f1/Omon/arag/gn/v20210318/arag_Omon_ACCESS-ESM1-5_ssp126_r1i1p1f1_gn_221101-222012.nc -> /maps/rt582/cmipper/.esgpull/data/CMIP6/ScenarioMIP/CSIRO/ACCESS-ESM1-5/ssp126/r1i1p1f1/Omon/arag/gn/v20210318/remapped/arag_Omon_ACCESS-ESM1-5_ssp126_r1i1p1f1_gn_221101-222012.nc
	Remapping /maps/rt582/cmipper/.esgpull/data/CMIP6/ScenarioMIP/CSIRO/ACCESS-ESM1-5/ssp126/r1i1p1f1/Omon/arag/gn/v20210318/arag_Omon_ACCESS-ESM1-5_ssp126_r1i1p1f1_gn_222101-223012.nc -> /maps/rt582/cmipper/.esgpull/data/CMIP6/ScenarioMIP/CSIRO/ACCESS-ESM1-5/ssp126/r1i1p1f1/Omon/arag/gn/v20210318/remapped/arag_Omon_ACCESS-ESM1-5_ssp126_r1i1p1f1_gn_222101-223012.nc
Remapped: /maps/rt582/cmipper/.esgpull/data/CMIP6/ScenarioMIP/CSIRO/ACCESS-ESM1-5/ssp126/r1i1p1f1/Omon/arag/gn/v20210318/arag_Omon_ACCESS-ESM1-5_ssp126_r1i1p1f1_gn_222101-223012.nc -> /maps/rt582/cmipper/.esgpull/data/CMIP6/ScenarioMIP/CSIRO/ACCESS-ESM1-5/ssp126/r1i1p1f1/Omon/arag/gn/v20210318/remapped/arag_Omon_ACCESS-ESM1-5_ssp126_r1i1p1f1_gn_222101-223012.nc
	Remapping /maps/rt582/cmipper/.esgpull/data/CMIP6/ScenarioMIP/CSIRO/ACCESS-ESM1-5/ssp126/r1i1p1f1/Omon/arag/gn/v20210318/arag_Omon_ACCESS-ESM1-5_ssp126_r1i1p1f1_gn_206501-207412.nc -> /maps/rt582/cmipper/.esgpull/data/CMIP6/ScenarioMIP/CSIRO/ACCESS-ESM1-5/ssp126/r1i1p1f1/Omon/arag/gn/v20210318/remapped/arag_Omon_ACCESS-ESM1-5_ssp126_r1i1p1f1_gn_206501-207412.nc
Remapped: /maps/rt582/cmipper/.esgpull/data/CMIP6/ScenarioMIP/CSIRO/ACCESS-ESM1-5/ssp126/r1i1p1f1/Omon/arag/gn/v20210318/arag_Omon_ACCESS-ESM1-5_ssp126_r1i1p1f1_gn_206501-207412.nc -> /maps/rt582/cmipper/.esgpull/data/CMIP6/ScenarioMIP/CSIRO/ACCESS-ESM1-5/ssp126/r1i1p1f1/Omon/arag/gn/v20210318/remapped/arag_Omon_ACCESS-ESM1-5_ssp126_r1i1p1f1_gn_206501-207412.nc
	Remapping /maps/rt582/cmipper/.esgpull/data/CMIP6/ScenarioMIP/CSIRO/ACCESS-ESM1-5/ssp126/r1i1p1f1/Omon/arag/gn/v20210318/arag_Omon_ACCESS-ESM1-5_ssp126_r1i1p1f1_gn_224101-225012.nc -> /maps/rt582/cmipper/.esgpull/data/CMIP6/ScenarioMIP/CSIRO/ACCESS-ESM1-5/ssp126/r1i1p1f1/Omon/arag/gn/v20210318/remapped/arag_Omon_ACCESS-ESM1-5_ssp126_r1i1p1f1_gn_224101-225012.nc
Remapped: /maps/rt582/cmipper/.esgpull/data/CMIP6/ScenarioMIP/CSIRO/ACCESS-ESM1-5/ssp126/r1i1p1f1/Omon/arag/gn/v20210318/arag_Omon_ACCESS-ESM1-5_ssp126_r1i1p1f1_gn_224101-225012.nc -> /maps/rt582/cmipper/.esgpull/data/CMIP6/ScenarioMIP/CSIRO/ACCESS-ESM1-5/ssp126/r1i1p1f1/Omon/arag/gn/v20210318/remapped/arag_Omon_ACCESS-ESM1-5_ssp126_r1i1p1f1_gn_224101-225012.nc
Scanning directory: /maps/rt582/cmipper/.esgpull/data/CMIP6/ScenarioMIP/CSIRO/ACCESS-ESM1-5/ssp126/r1i1p1f1/Omon/arag/gn/v20210318/remapped
Skipping directory (filepath contains remapped/processed): /maps/rt582/cmipper/.esgpull/data/CMIP6/ScenarioMIP/CSIRO/ACCESS-ESM1-5/ssp126/r1i1p1f1/Omon/arag/gn/v20210318/remapped
Scanning directory: /maps/rt582/cmipper/.esgpull/data/CMIP6/ScenarioMIP/CSIRO/ACCESS-ESM1-5/ssp370/r1i1p1f1/Omon
No .nc files found in /maps/rt582/cmipper/.esgpull/data/CMIP6/ScenarioMIP/CSIRO/ACCESS-ESM1-5/ssp370/r1i1p1f1/Omon
Scanning directory: /maps/rt582/cmipper/.esgpull/data/CMIP6/ScenarioMIP/CSIRO/ACCESS-ESM1-5/ssp370/r1i1p1f1/Omon/po4
No .nc files found in /maps/rt582/cmipper/.esgpull/data/CMIP6/ScenarioMIP/CSIRO/ACCESS-ESM1-5/ssp370/r1i1p1f1/Omon/po4
Scanning directory: /maps/rt582/cmipper/.esgpull/data/CMIP6/ScenarioMIP/CSIRO/ACCESS-ESM1-5/ssp370/r1i1p1f1/Omon/no3
No .nc files found in /maps/rt582/cmipper/.esgpull/data/CMIP6/ScenarioMIP/CSIRO/ACCESS-ESM1-5/ssp370/r1i1p1f1/Omon/no3
Scanning directory: /maps/rt582/cmipper/.esgpull/data/CMIP6/ScenarioMIP/CSIRO/ACCESS-ESM1-5/ssp370/r1i1p1f1/Omon/arag
No .nc files found in /maps/rt582/cmipper/.esgpull/data/CMIP6/ScenarioMIP/CSIRO/ACCESS-ESM1-5/ssp370/r1i1p1f1/Omon/arag
Scanning directory: /maps/rt582/cmipper/.esgpull/data/CMIP6/ScenarioMIP/CSIRO/ACCESS-ESM1-5/ssp370/r1i1p1f1/Omon/po4/gn
No .nc files found in /maps/rt582/cmipper/.esgpull/data/CMIP6/ScenarioMIP/CSIRO/ACCESS-ESM1-5/ssp370/r1i1p1f1/Omon/po4/gn
Scanning directory: /maps/rt582/cmipper/.esgpull/data/CMIP6/ScenarioMIP/CSIRO/ACCESS-ESM1-5/ssp370/r1i1p1f1/Omon/no3/gn
No .nc files found in /maps/rt582/cmipper/.esgpull/data/CMIP6/ScenarioMIP/CSIRO/ACCESS-ESM1-5/ssp370/r1i1p1f1/Omon/no3/gn
Scanning directory: /maps/rt582/cmipper/.esgpull/data/CMIP6/ScenarioMIP/CSIRO/ACCESS-ESM1-5/ssp370/r1i1p1f1/Omon/arag/gn
No .nc files found in /maps/rt582/cmipper/.esgpull/data/CMIP6/ScenarioMIP/CSIRO/ACCESS-ESM1-5/ssp370/r1i1p1f1/Omon/arag/gn
Scanning directory: /maps/rt582/cmipper/.esgpull/data/CMIP6/ScenarioMIP/CSIRO/ACCESS-ESM1-5/ssp370/r1i1p1f1/Omon/po4/gn/v20191115
No .nc files found in /maps/rt582/cmipper/.esgpull/data/CMIP6/ScenarioMIP/CSIRO/ACCESS-ESM1-5/ssp370/r1i1p1f1/Omon/po4/gn/v20191115
Scanning directory: /maps/rt582/cmipper/.esgpull/data/CMIP6/ScenarioMIP/CSIRO/ACCESS-ESM1-5/ssp370/r1i1p1f1/Omon/po4/gn/v20191115/remapped
Skipping directory (filepath contains remapped/processed): /maps/rt582/cmipper/.esgpull/data/CMIP6/ScenarioMIP/CSIRO/ACCESS-ESM1-5/ssp370/r1i1p1f1/Omon/po4/gn/v20191115/remapped
Scanning directory: /maps/rt582/cmipper/.esgpull/data/CMIP6/ScenarioMIP/CSIRO/ACCESS-ESM1-5/ssp370/r1i1p1f1/Omon/no3/gn/v20191115
No .nc files found in /maps/rt582/cmipper/.esgpull/data/CMIP6/ScenarioMIP/CSIRO/ACCESS-ESM1-5/ssp370/r1i1p1f1/Omon/no3/gn/v20191115
Scanning directory: /maps/rt582/cmipper/.esgpull/data/CMIP6/ScenarioMIP/CSIRO/ACCESS-ESM1-5/ssp370/r1i1p1f1/Omon/no3/gn/v20191115/remapped
Skipping directory (filepath contains remapped/processed): /maps/rt582/cmipper/.esgpull/data/CMIP6/ScenarioMIP/CSIRO/ACCESS-ESM1-5/ssp370/r1i1p1f1/Omon/no3/gn/v20191115/remapped
Scanning directory: /maps/rt582/cmipper/.esgpull/data/CMIP6/ScenarioMIP/CSIRO/ACCESS-ESM1-5/ssp370/r1i1p1f1/Omon/arag/gn/v20191115
No .nc files found in /maps/rt582/cmipper/.esgpull/data/CMIP6/ScenarioMIP/CSIRO/ACCESS-ESM1-5/ssp370/r1i1p1f1/Omon/arag/gn/v20191115
Scanning directory: /maps/rt582/cmipper/.esgpull/data/CMIP6/ScenarioMIP/CSIRO/ACCESS-ESM1-5/ssp370/r1i1p1f1/Omon/arag/gn/v20191115/remapped
Skipping directory (filepath contains remapped/processed): /maps/rt582/cmipper/.esgpull/data/CMIP6/ScenarioMIP/CSIRO/ACCESS-ESM1-5/ssp370/r1i1p1f1/Omon/arag/gn/v20191115/remapped
Scanning directory: /maps/rt582/cmipper/.esgpull/data/CMIP6/ScenarioMIP/CSIRO/ACCESS-ESM1-5/ssp245/r1i1p1f1/Omon
No .nc files found in /maps/rt582/cmipper/.esgpull/data/CMIP6/ScenarioMIP/CSIRO/ACCESS-ESM1-5/ssp245/r1i1p1f1/Omon
Scanning directory: /maps/rt582/cmipper/.esgpull/data/CMIP6/ScenarioMIP/CSIRO/ACCESS-ESM1-5/ssp245/r1i1p1f1/Omon/arag
No .nc files found in /maps/rt582/cmipper/.esgpull/data/CMIP6/ScenarioMIP/CSIRO/ACCESS-ESM1-5/ssp245/r1i1p1f1/Omon/arag
Scanning directory: /maps/rt582/cmipper/.esgpull/data/CMIP6/ScenarioMIP/CSIRO/ACCESS-ESM1-5/ssp245/r1i1p1f1/Omon/po4
No .nc files found in /maps/rt582/cmipper/.esgpull/data/CMIP6/ScenarioMIP/CSIRO/ACCESS-ESM1-5/ssp245/r1i1p1f1/Omon/po4
Scanning directory: /maps/rt582/cmipper/.esgpull/data/CMIP6/ScenarioMIP/CSIRO/ACCESS-ESM1-5/ssp245/r1i1p1f1/Omon/no3
No .nc files found in /maps/rt582/cmipper/.esgpull/data/CMIP6/ScenarioMIP/CSIRO/ACCESS-ESM1-5/ssp245/r1i1p1f1/Omon/no3
Scanning directory: /maps/rt582/cmipper/.esgpull/data/CMIP6/ScenarioMIP/CSIRO/ACCESS-ESM1-5/ssp245/r1i1p1f1/Omon/arag/gn
No .nc files found in /maps/rt582/cmipper/.esgpull/data/CMIP6/ScenarioMIP/CSIRO/ACCESS-ESM1-5/ssp245/r1i1p1f1/Omon/arag/gn
Scanning directory: /maps/rt582/cmipper/.esgpull/data/CMIP6/ScenarioMIP/CSIRO/ACCESS-ESM1-5/ssp245/r1i1p1f1/Omon/po4/gn
No .nc files found in /maps/rt582/cmipper/.esgpull/data/CMIP6/ScenarioMIP/CSIRO/ACCESS-ESM1-5/ssp245/r1i1p1f1/Omon/po4/gn
Scanning directory: /maps/rt582/cmipper/.esgpull/data/CMIP6/ScenarioMIP/CSIRO/ACCESS-ESM1-5/ssp245/r1i1p1f1/Omon/no3/gn
No .nc files found in /maps/rt582/cmipper/.esgpull/data/CMIP6/ScenarioMIP/CSIRO/ACCESS-ESM1-5/ssp245/r1i1p1f1/Omon/no3/gn
Scanning directory: /maps/rt582/cmipper/.esgpull/data/CMIP6/ScenarioMIP/CSIRO/ACCESS-ESM1-5/ssp245/r1i1p1f1/Omon/arag/gn/v20191115
No .nc files found in /maps/rt582/cmipper/.esgpull/data/CMIP6/ScenarioMIP/CSIRO/ACCESS-ESM1-5/ssp245/r1i1p1f1/Omon/arag/gn/v20191115
Scanning directory: /maps/rt582/cmipper/.esgpull/data/CMIP6/ScenarioMIP/CSIRO/ACCESS-ESM1-5/ssp245/r1i1p1f1/Omon/arag/gn/v20191115/remapped
Skipping directory (filepath contains remapped/processed): /maps/rt582/cmipper/.esgpull/data/CMIP6/ScenarioMIP/CSIRO/ACCESS-ESM1-5/ssp245/r1i1p1f1/Omon/arag/gn/v20191115/remapped
Scanning directory: /maps/rt582/cmipper/.esgpull/data/CMIP6/ScenarioMIP/CSIRO/ACCESS-ESM1-5/ssp245/r1i1p1f1/Omon/po4/gn/v20191115
No .nc files found in /maps/rt582/cmipper/.esgpull/data/CMIP6/ScenarioMIP/CSIRO/ACCESS-ESM1-5/ssp245/r1i1p1f1/Omon/po4/gn/v20191115
Scanning directory: /maps/rt582/cmipper/.esgpull/data/CMIP6/ScenarioMIP/CSIRO/ACCESS-ESM1-5/ssp245/r1i1p1f1/Omon/po4/gn/v20191115/remapped
Skipping directory (filepath contains remapped/processed): /maps/rt582/cmipper/.esgpull/data/CMIP6/ScenarioMIP/CSIRO/ACCESS-ESM1-5/ssp245/r1i1p1f1/Omon/po4/gn/v20191115/remapped
Scanning directory: /maps/rt582/cmipper/.esgpull/data/CMIP6/ScenarioMIP/CSIRO/ACCESS-ESM1-5/ssp245/r1i1p1f1/Omon/no3/gn/v20191115
No .nc files found in /maps/rt582/cmipper/.esgpull/data/CMIP6/ScenarioMIP/CSIRO/ACCESS-ESM1-5/ssp245/r1i1p1f1/Omon/no3/gn/v20191115
Scanning directory: /maps/rt582/cmipper/.esgpull/data/CMIP6/ScenarioMIP/CSIRO/ACCESS-ESM1-5/ssp245/r1i1p1f1/Omon/no3/gn/v20191115/remapped
Skipping directory (filepath contains remapped/processed): /maps/rt582/cmipper/.esgpull/data/CMIP6/ScenarioMIP/CSIRO/ACCESS-ESM1-5/ssp245/r1i1p1f1/Omon/no3/gn/v20191115/remapped
Scanning directory: /maps/rt582/cmipper/.esgpull/data/CMIP6
No .nc files found in /maps/rt582/cmipper/.esgpull/data/CMIP6
cdo    remapcon: YAC first order conservative weights from curvilinear (360x300) to lonlat (1440x720) grid, with source mask (69782)
cdo    remapcon: YAC first order conservative weights from curvilinear (360x300) to lonlat (1440x720) grid, with source mask (69782)
cdo    remapcon: YAC first order conservative weights from curvilinear (360x300) to lonlat (1440x720) grid, with source mask (69782)
cdo    remapcon: YAC first order conservative weights from curvilinear (360x300) to lonlat (1440x720) grid, with source mask (69782)
cdo    remapcon: YAC first order conservative weights from curvilinear (360x300) to lonlat (1440x720) grid, with source mask (69782)
cdo    remapcon: YAC first order conservative weights from curvilinear (360x300) to lonlat (1440x720) grid, with source mask (69782)
cdo    remapcon: YAC first order conservative weights from curvilinear (360x300) to lonlat (1440x720) grid, with source mask (69782)
cdo    remapcon: YAC first order conservative weights from curvilinear (360x300) to lonlat (1440x720) grid, with source mask (69782)
cdo    remapcon: YAC first order conservative weights from curvilinear (360x300) to lonlat (1440x720) grid, with source mask (69782)
cdo    remapcon: YAC first order conservative weights from curvilinear (360x300) to lonlat (1440x720) grid, with source mask (69782)
cdo    remapcon: YAC first order conservative weights from curvilinear (360x300) to lonlat (1440x720) grid, with source mask (69782)
cdo    remapcon: YAC first order conservative weights from curvilinear (360x300) to lonlat (1440x720) grid, with source mask (69782)
cdo    remapcon: YAC first order conservative weights from curvilinear (360x300) to lonlat (1440x720) grid, with source mask (69782)
cdo    remapcon: YAC first order conservative weights from curvilinear (360x300) to lonlat (1440x720) grid, with source mask (69782)
cdo    remapcon: YAC first order conservative weights from curvilinear (360x300) to lonlat (1440x720) grid, with source mask (69782)
cdo    remapcon: YAC first order conservative weights from curvilinear (360x300) to lonlat (1440x720) grid, with source mask (69782)
cdo    remapcon: YAC first order conservative weights from curvilinear (360x300) to lonlat (1440x720) grid, with source mask (69782)
cdo    remapcon: YAC first order conservative weights from curvilinear (360x300) to lonlat (1440x720) grid, with source mask (69782)
cdo    remapcon: YAC first order conservative weights from curvilinear (360x300) to lonlat (1440x720) grid, with source mask (69782)
cdo    remapcon: YAC first order conservative weights from curvilinear (360x300) to lonlat (1440x720) grid, with source mask (69782)
cdo    remapcon: YAC first order conservative weights from curvilinear (360x300) to lonlat (1440x720) grid, with source mask (69782)
cdo    remapcon: YAC first order conservative weights from curvilinear (360x300) to lonlat (1440x720) grid, with source mask (69782)
cdo    remapcon: YAC first order conservative weights from curvilinear (360x300) to lonlat (1440x720) grid, with source mask (69782)
cdo    remapcon: YAC first order conservative weights from curvilinear (360x300) to lonlat (1440x720) grid, with source mask (69782)
cdo    remapcon: YAC first order conservative weights from curvilinear (360x300) to lonlat (1440x720) grid, with source mask (69782)
cdo    remapcon: YAC first order conservative weights from curvilinear (360x300) to lonlat (1440x720) grid, with source mask (69782)
cdo    remapcon: YAC first order conservative weights from curvilinear (360x300) to lonlat (1440x720) grid, with source mask (69782)
cdo    remapcon: YAC first order conservative weights from curvilinear (360x300) to lonlat (1440x720) grid, with source mask (69782)
cdo    remapcon: YAC first order conservative weights from curvilinear (360x300) to lonlat (1440x720) grid, with source mask (69782)
cdo    remapcon: YAC first order conservative weights from curvilinear (360x300) to lonlat (1440x720) grid, with source mask (69782)
cdo    remapcon: YAC first order conservative weights from curvilinear (360x300) to lonlat (1440x720) grid, with source mask (69782)
cdo    remapcon: YAC first order conservative weights from curvilinear (360x300) to lonlat (1440x720) grid, with source mask (69782)
cdo    remapcon: YAC first order conservative weights from curvilinear (360x300) to lonlat (1440x720) grid, with source mask (69782)
cdo    remapcon: YAC first order conservative weights from curvilinear (360x300) to lonlat (1440x720) grid, with source mask (69782)
Scanning directory: /maps/rt582/cmipper/.esgpull/data/CMIP6/CMIP
No .nc files found in /maps/rt582/cmipper/.esgpull/data/CMIP6/CMIP
Scanning directory: /maps/rt582/cmipper/.esgpull/data/CMIP6/ScenarioMIP
No .nc files found in /maps/rt582/cmipper/.esgpull/data/CMIP6/ScenarioMIP
Scanning directory: /maps/rt582/cmipper/.esgpull/data/CMIP6/CMIP/CSIRO
No .nc files found in /maps/rt582/cmipper/.esgpull/data/CMIP6/CMIP/CSIRO
Scanning directory: /maps/rt582/cmipper/.esgpull/data/CMIP6/CMIP/AWI
No .nc files found in /maps/rt582/cmipper/.esgpull/data/CMIP6/CMIP/AWI
Scanning directory: /maps/rt582/cmipper/.esgpull/data/CMIP6/ScenarioMIP/AWI
No .nc files found in /maps/rt582/cmipper/.esgpull/data/CMIP6/ScenarioMIP/AWI
Scanning directory: /maps/rt582/cmipper/.esgpull/data/CMIP6/ScenarioMIP/CSIRO
No .nc files found in /maps/rt582/cmipper/.esgpull/data/CMIP6/ScenarioMIP/CSIRO
Scanning directory: /maps/rt582/cmipper/.esgpull/data/CMIP6/CMIP/CSIRO/ACCESS-ESM1-5
No .nc files found in /maps/rt582/cmipper/.esgpull/data/CMIP6/CMIP/CSIRO/ACCESS-ESM1-5
Scanning directory: /maps/rt582/cmipper/.esgpull/data/CMIP6/CMIP/AWI/AWI-CM-1-1-MR
No .nc files found in /maps/rt582/cmipper/.esgpull/data/CMIP6/CMIP/AWI/AWI-CM-1-1-MR
Scanning directory: /maps/rt582/cmipper/.esgpull/data/CMIP6/CMIP/CSIRO/ACCESS-ESM1-5/historical
No .nc files found in /maps/rt582/cmipper/.esgpull/data/CMIP6/CMIP/CSIRO/ACCESS-ESM1-5/historical
Scanning directory: /maps/rt582/cmipper/.esgpull/data/CMIP6/CMIP/CSIRO/ACCESS-ESM1-5/historical/r1i1p1f1
No .nc files found in /maps/rt582/cmipper/.esgpull/data/CMIP6/CMIP/CSIRO/ACCESS-ESM1-5/historical/r1i1p1f1
Scanning directory: /maps/rt582/cmipper/.esgpull/data/CMIP6/CMIP/CSIRO/ACCESS-ESM1-5/historical/r1i1p1f1/Omon
No .nc files found in /maps/rt582/cmipper/.esgpull/data/CMIP6/CMIP/CSIRO/ACCESS-ESM1-5/historical/r1i1p1f1/Omon
Scanning directory: /maps/rt582/cmipper/.esgpull/data/CMIP6/CMIP/CSIRO/ACCESS-ESM1-5/historical/r1i1p1f1/Omon/no3
No .nc files found in /maps/rt582/cmipper/.esgpull/data/CMIP6/CMIP/CSIRO/ACCESS-ESM1-5/historical/r1i1p1f1/Omon/no3
Scanning directory: /maps/rt582/cmipper/.esgpull/data/CMIP6/CMIP/CSIRO/ACCESS-ESM1-5/historical/r1i1p1f1/Omon/po4
No .nc files found in /maps/rt582/cmipper/.esgpull/data/CMIP6/CMIP/CSIRO/ACCESS-ESM1-5/historical/r1i1p1f1/Omon/po4
Scanning directory: /maps/rt582/cmipper/.esgpull/data/CMIP6/CMIP/CSIRO/ACCESS-ESM1-5/historical/r1i1p1f1/Omon/arag
No .nc files found in /maps/rt582/cmipper/.esgpull/data/CMIP6/CMIP/CSIRO/ACCESS-ESM1-5/historical/r1i1p1f1/Omon/arag
Scanning directory: /maps/rt582/cmipper/.esgpull/data/CMIP6/CMIP/CSIRO/ACCESS-ESM1-5/historical/r1i1p1f1/Omon/no3/gn
No .nc files found in /maps/rt582/cmipper/.esgpull/data/CMIP6/CMIP/CSIRO/ACCESS-ESM1-5/historical/r1i1p1f1/Omon/no3/gn
Scanning directory: /maps/rt582/cmipper/.esgpull/data/CMIP6/CMIP/CSIRO/ACCESS-ESM1-5/historical/r1i1p1f1/Omon/po4/gn
No .nc files found in /maps/rt582/cmipper/.esgpull/data/CMIP6/CMIP/CSIRO/ACCESS-ESM1-5/historical/r1i1p1f1/Omon/po4/gn
Scanning directory: /maps/rt582/cmipper/.esgpull/data/CMIP6/CMIP/CSIRO/ACCESS-ESM1-5/historical/r1i1p1f1/Omon/arag/gn
No .nc files found in /maps/rt582/cmipper/.esgpull/data/CMIP6/CMIP/CSIRO/ACCESS-ESM1-5/historical/r1i1p1f1/Omon/arag/gn
Scanning directory: /maps/rt582/cmipper/.esgpull/data/CMIP6/CMIP/CSIRO/ACCESS-ESM1-5/historical/r1i1p1f1/Omon/no3/gn/v20191115
	Remapping 17 files in /maps/rt582/cmipper/.esgpull/data/CMIP6/CMIP/CSIRO/ACCESS-ESM1-5/historical/r1i1p1f1/Omon/no3/gn/v20191115
	Remapping 17 files in /maps/rt582/cmipper/.esgpull/data/CMIP6/CMIP/CSIRO/ACCESS-ESM1-5/historical/r1i1p1f1/Omon/no3/gn/v20191115
	Remapping /maps/rt582/cmipper/.esgpull/data/CMIP6/CMIP/CSIRO/ACCESS-ESM1-5/historical/r1i1p1f1/Omon/no3/gn/v20191115/no3_Omon_ACCESS-ESM1-5_historical_r1i1p1f1_gn_188001-188912.nc -> /maps/rt582/cmipper/.esgpull/data/CMIP6/CMIP/CSIRO/ACCESS-ESM1-5/historical/r1i1p1f1/Omon/no3/gn/v20191115/remapped/no3_Omon_ACCESS-ESM1-5_historical_r1i1p1f1_gn_188001-188912.nc
Remapped: /maps/rt582/cmipper/.esgpull/data/CMIP6/CMIP/CSIRO/ACCESS-ESM1-5/historical/r1i1p1f1/Omon/no3/gn/v20191115/no3_Omon_ACCESS-ESM1-5_historical_r1i1p1f1_gn_188001-188912.nc -> /maps/rt582/cmipper/.esgpull/data/CMIP6/CMIP/CSIRO/ACCESS-ESM1-5/historical/r1i1p1f1/Omon/no3/gn/v20191115/remapped/no3_Omon_ACCESS-ESM1-5_historical_r1i1p1f1_gn_188001-188912.nc
	Remapping /maps/rt582/cmipper/.esgpull/data/CMIP6/CMIP/CSIRO/ACCESS-ESM1-5/historical/r1i1p1f1/Omon/no3/gn/v20191115/no3_Omon_ACCESS-ESM1-5_historical_r1i1p1f1_gn_199001-199912.nc -> /maps/rt582/cmipper/.esgpull/data/CMIP6/CMIP/CSIRO/ACCESS-ESM1-5/historical/r1i1p1f1/Omon/no3/gn/v20191115/remapped/no3_Omon_ACCESS-ESM1-5_historical_r1i1p1f1_gn_199001-199912.nc
Remapped: /maps/rt582/cmipper/.esgpull/data/CMIP6/CMIP/CSIRO/ACCESS-ESM1-5/historical/r1i1p1f1/Omon/no3/gn/v20191115/no3_Omon_ACCESS-ESM1-5_historical_r1i1p1f1_gn_199001-199912.nc -> /maps/rt582/cmipper/.esgpull/data/CMIP6/CMIP/CSIRO/ACCESS-ESM1-5/historical/r1i1p1f1/Omon/no3/gn/v20191115/remapped/no3_Omon_ACCESS-ESM1-5_historical_r1i1p1f1_gn_199001-199912.nc
	Remapping /maps/rt582/cmipper/.esgpull/data/CMIP6/CMIP/CSIRO/ACCESS-ESM1-5/historical/r1i1p1f1/Omon/no3/gn/v20191115/no3_Omon_ACCESS-ESM1-5_historical_r1i1p1f1_gn_186001-186912.nc -> /maps/rt582/cmipper/.esgpull/data/CMIP6/CMIP/CSIRO/ACCESS-ESM1-5/historical/r1i1p1f1/Omon/no3/gn/v20191115/remapped/no3_Omon_ACCESS-ESM1-5_historical_r1i1p1f1_gn_186001-186912.nc
Remapped: /maps/rt582/cmipper/.esgpull/data/CMIP6/CMIP/CSIRO/ACCESS-ESM1-5/historical/r1i1p1f1/Omon/no3/gn/v20191115/no3_Omon_ACCESS-ESM1-5_historical_r1i1p1f1_gn_186001-186912.nc -> /maps/rt582/cmipper/.esgpull/data/CMIP6/CMIP/CSIRO/ACCESS-ESM1-5/historical/r1i1p1f1/Omon/no3/gn/v20191115/remapped/no3_Omon_ACCESS-ESM1-5_historical_r1i1p1f1_gn_186001-186912.nc
	Remapping /maps/rt582/cmipper/.esgpull/data/CMIP6/CMIP/CSIRO/ACCESS-ESM1-5/historical/r1i1p1f1/Omon/no3/gn/v20191115/no3_Omon_ACCESS-ESM1-5_historical_r1i1p1f1_gn_197001-197912.nc -> /maps/rt582/cmipper/.esgpull/data/CMIP6/CMIP/CSIRO/ACCESS-ESM1-5/historical/r1i1p1f1/Omon/no3/gn/v20191115/remapped/no3_Omon_ACCESS-ESM1-5_historical_r1i1p1f1_gn_197001-197912.nc
Remapped: /maps/rt582/cmipper/.esgpull/data/CMIP6/CMIP/CSIRO/ACCESS-ESM1-5/historical/r1i1p1f1/Omon/no3/gn/v20191115/no3_Omon_ACCESS-ESM1-5_historical_r1i1p1f1_gn_197001-197912.nc -> /maps/rt582/cmipper/.esgpull/data/CMIP6/CMIP/CSIRO/ACCESS-ESM1-5/historical/r1i1p1f1/Omon/no3/gn/v20191115/remapped/no3_Omon_ACCESS-ESM1-5_historical_r1i1p1f1_gn_197001-197912.nc
	Remapping /maps/rt582/cmipper/.esgpull/data/CMIP6/CMIP/CSIRO/ACCESS-ESM1-5/historical/r1i1p1f1/Omon/no3/gn/v20191115/no3_Omon_ACCESS-ESM1-5_historical_r1i1p1f1_gn_200001-200912.nc -> /maps/rt582/cmipper/.esgpull/data/CMIP6/CMIP/CSIRO/ACCESS-ESM1-5/historical/r1i1p1f1/Omon/no3/gn/v20191115/remapped/no3_Omon_ACCESS-ESM1-5_historical_r1i1p1f1_gn_200001-200912.nc
Remapped: /maps/rt582/cmipper/.esgpull/data/CMIP6/CMIP/CSIRO/ACCESS-ESM1-5/historical/r1i1p1f1/Omon/no3/gn/v20191115/no3_Omon_ACCESS-ESM1-5_historical_r1i1p1f1_gn_200001-200912.nc -> /maps/rt582/cmipper/.esgpull/data/CMIP6/CMIP/CSIRO/ACCESS-ESM1-5/historical/r1i1p1f1/Omon/no3/gn/v20191115/remapped/no3_Omon_ACCESS-ESM1-5_historical_r1i1p1f1_gn_200001-200912.nc
	Remapping /maps/rt582/cmipper/.esgpull/data/CMIP6/CMIP/CSIRO/ACCESS-ESM1-5/historical/r1i1p1f1/Omon/no3/gn/v20191115/no3_Omon_ACCESS-ESM1-5_historical_r1i1p1f1_gn_196001-196912.nc -> /maps/rt582/cmipper/.esgpull/data/CMIP6/CMIP/CSIRO/ACCESS-ESM1-5/historical/r1i1p1f1/Omon/no3/gn/v20191115/remapped/no3_Omon_ACCESS-ESM1-5_historical_r1i1p1f1_gn_196001-196912.nc
Remapped: /maps/rt582/cmipper/.esgpull/data/CMIP6/CMIP/CSIRO/ACCESS-ESM1-5/historical/r1i1p1f1/Omon/no3/gn/v20191115/no3_Omon_ACCESS-ESM1-5_historical_r1i1p1f1_gn_196001-196912.nc -> /maps/rt582/cmipper/.esgpull/data/CMIP6/CMIP/CSIRO/ACCESS-ESM1-5/historical/r1i1p1f1/Omon/no3/gn/v20191115/remapped/no3_Omon_ACCESS-ESM1-5_historical_r1i1p1f1_gn_196001-196912.nc
	Remapping /maps/rt582/cmipper/.esgpull/data/CMIP6/CMIP/CSIRO/ACCESS-ESM1-5/historical/r1i1p1f1/Omon/no3/gn/v20191115/no3_Omon_ACCESS-ESM1-5_historical_r1i1p1f1_gn_187001-187912.nc -> /maps/rt582/cmipper/.esgpull/data/CMIP6/CMIP/CSIRO/ACCESS-ESM1-5/historical/r1i1p1f1/Omon/no3/gn/v20191115/remapped/no3_Omon_ACCESS-ESM1-5_historical_r1i1p1f1_gn_187001-187912.nc
Remapped: /maps/rt582/cmipper/.esgpull/data/CMIP6/CMIP/CSIRO/ACCESS-ESM1-5/historical/r1i1p1f1/Omon/no3/gn/v20191115/no3_Omon_ACCESS-ESM1-5_historical_r1i1p1f1_gn_187001-187912.nc -> /maps/rt582/cmipper/.esgpull/data/CMIP6/CMIP/CSIRO/ACCESS-ESM1-5/historical/r1i1p1f1/Omon/no3/gn/v20191115/remapped/no3_Omon_ACCESS-ESM1-5_historical_r1i1p1f1_gn_187001-187912.nc
	Remapping /maps/rt582/cmipper/.esgpull/data/CMIP6/CMIP/CSIRO/ACCESS-ESM1-5/historical/r1i1p1f1/Omon/no3/gn/v20191115/no3_Omon_ACCESS-ESM1-5_historical_r1i1p1f1_gn_198001-198912.nc -> /maps/rt582/cmipper/.esgpull/data/CMIP6/CMIP/CSIRO/ACCESS-ESM1-5/historical/r1i1p1f1/Omon/no3/gn/v20191115/remapped/no3_Omon_ACCESS-ESM1-5_historical_r1i1p1f1_gn_198001-198912.nc
Remapped: /maps/rt582/cmipper/.esgpull/data/CMIP6/CMIP/CSIRO/ACCESS-ESM1-5/historical/r1i1p1f1/Omon/no3/gn/v20191115/no3_Omon_ACCESS-ESM1-5_historical_r1i1p1f1_gn_198001-198912.nc -> /maps/rt582/cmipper/.esgpull/data/CMIP6/CMIP/CSIRO/ACCESS-ESM1-5/historical/r1i1p1f1/Omon/no3/gn/v20191115/remapped/no3_Omon_ACCESS-ESM1-5_historical_r1i1p1f1_gn_198001-198912.nc
	Remapping /maps/rt582/cmipper/.esgpull/data/CMIP6/CMIP/CSIRO/ACCESS-ESM1-5/historical/r1i1p1f1/Omon/no3/gn/v20191115/no3_Omon_ACCESS-ESM1-5_historical_r1i1p1f1_gn_189001-189912.nc -> /maps/rt582/cmipper/.esgpull/data/CMIP6/CMIP/CSIRO/ACCESS-ESM1-5/historical/r1i1p1f1/Omon/no3/gn/v20191115/remapped/no3_Omon_ACCESS-ESM1-5_historical_r1i1p1f1_gn_189001-189912.nc
Remapped: /maps/rt582/cmipper/.esgpull/data/CMIP6/CMIP/CSIRO/ACCESS-ESM1-5/historical/r1i1p1f1/Omon/no3/gn/v20191115/no3_Omon_ACCESS-ESM1-5_historical_r1i1p1f1_gn_189001-189912.nc -> /maps/rt582/cmipper/.esgpull/data/CMIP6/CMIP/CSIRO/ACCESS-ESM1-5/historical/r1i1p1f1/Omon/no3/gn/v20191115/remapped/no3_Omon_ACCESS-ESM1-5_historical_r1i1p1f1_gn_189001-189912.nc
	Remapping /maps/rt582/cmipper/.esgpull/data/CMIP6/CMIP/CSIRO/ACCESS-ESM1-5/historical/r1i1p1f1/Omon/no3/gn/v20191115/no3_Omon_ACCESS-ESM1-5_historical_r1i1p1f1_gn_195001-195912.nc -> /maps/rt582/cmipper/.esgpull/data/CMIP6/CMIP/CSIRO/ACCESS-ESM1-5/historical/r1i1p1f1/Omon/no3/gn/v20191115/remapped/no3_Omon_ACCESS-ESM1-5_historical_r1i1p1f1_gn_195001-195912.nc
Remapped: /maps/rt582/cmipper/.esgpull/data/CMIP6/CMIP/CSIRO/ACCESS-ESM1-5/historical/r1i1p1f1/Omon/no3/gn/v20191115/no3_Omon_ACCESS-ESM1-5_historical_r1i1p1f1_gn_195001-195912.nc -> /maps/rt582/cmipper/.esgpull/data/CMIP6/CMIP/CSIRO/ACCESS-ESM1-5/historical/r1i1p1f1/Omon/no3/gn/v20191115/remapped/no3_Omon_ACCESS-ESM1-5_historical_r1i1p1f1_gn_195001-195912.nc
	Remapping /maps/rt582/cmipper/.esgpull/data/CMIP6/CMIP/CSIRO/ACCESS-ESM1-5/historical/r1i1p1f1/Omon/no3/gn/v20191115/no3_Omon_ACCESS-ESM1-5_historical_r1i1p1f1_gn_201001-201412.nc -> /maps/rt582/cmipper/.esgpull/data/CMIP6/CMIP/CSIRO/ACCESS-ESM1-5/historical/r1i1p1f1/Omon/no3/gn/v20191115/remapped/no3_Omon_ACCESS-ESM1-5_historical_r1i1p1f1_gn_201001-201412.nc
Remapped: /maps/rt582/cmipper/.esgpull/data/CMIP6/CMIP/CSIRO/ACCESS-ESM1-5/historical/r1i1p1f1/Omon/no3/gn/v20191115/no3_Omon_ACCESS-ESM1-5_historical_r1i1p1f1_gn_201001-201412.nc -> /maps/rt582/cmipper/.esgpull/data/CMIP6/CMIP/CSIRO/ACCESS-ESM1-5/historical/r1i1p1f1/Omon/no3/gn/v20191115/remapped/no3_Omon_ACCESS-ESM1-5_historical_r1i1p1f1_gn_201001-201412.nc
	Remapping /maps/rt582/cmipper/.esgpull/data/CMIP6/CMIP/CSIRO/ACCESS-ESM1-5/historical/r1i1p1f1/Omon/no3/gn/v20191115/no3_Omon_ACCESS-ESM1-5_historical_r1i1p1f1_gn_185001-185912.nc -> /maps/rt582/cmipper/.esgpull/data/CMIP6/CMIP/CSIRO/ACCESS-ESM1-5/historical/r1i1p1f1/Omon/no3/gn/v20191115/remapped/no3_Omon_ACCESS-ESM1-5_historical_r1i1p1f1_gn_185001-185912.nc
Remapped: /maps/rt582/cmipper/.esgpull/data/CMIP6/CMIP/CSIRO/ACCESS-ESM1-5/historical/r1i1p1f1/Omon/no3/gn/v20191115/no3_Omon_ACCESS-ESM1-5_historical_r1i1p1f1_gn_185001-185912.nc -> /maps/rt582/cmipper/.esgpull/data/CMIP6/CMIP/CSIRO/ACCESS-ESM1-5/historical/r1i1p1f1/Omon/no3/gn/v20191115/remapped/no3_Omon_ACCESS-ESM1-5_historical_r1i1p1f1_gn_185001-185912.nc
	Remapping /maps/rt582/cmipper/.esgpull/data/CMIP6/CMIP/CSIRO/ACCESS-ESM1-5/historical/r1i1p1f1/Omon/no3/gn/v20191115/no3_Omon_ACCESS-ESM1-5_historical_r1i1p1f1_gn_194001-194912.nc -> /maps/rt582/cmipper/.esgpull/data/CMIP6/CMIP/CSIRO/ACCESS-ESM1-5/historical/r1i1p1f1/Omon/no3/gn/v20191115/remapped/no3_Omon_ACCESS-ESM1-5_historical_r1i1p1f1_gn_194001-194912.nc
Remapped: /maps/rt582/cmipper/.esgpull/data/CMIP6/CMIP/CSIRO/ACCESS-ESM1-5/historical/r1i1p1f1/Omon/no3/gn/v20191115/no3_Omon_ACCESS-ESM1-5_historical_r1i1p1f1_gn_194001-194912.nc -> /maps/rt582/cmipper/.esgpull/data/CMIP6/CMIP/CSIRO/ACCESS-ESM1-5/historical/r1i1p1f1/Omon/no3/gn/v20191115/remapped/no3_Omon_ACCESS-ESM1-5_historical_r1i1p1f1_gn_194001-194912.nc
	Remapping /maps/rt582/cmipper/.esgpull/data/CMIP6/CMIP/CSIRO/ACCESS-ESM1-5/historical/r1i1p1f1/Omon/no3/gn/v20191115/no3_Omon_ACCESS-ESM1-5_historical_r1i1p1f1_gn_192001-192912.nc -> /maps/rt582/cmipper/.esgpull/data/CMIP6/CMIP/CSIRO/ACCESS-ESM1-5/historical/r1i1p1f1/Omon/no3/gn/v20191115/remapped/no3_Omon_ACCESS-ESM1-5_historical_r1i1p1f1_gn_192001-192912.nc
Remapped: /maps/rt582/cmipper/.esgpull/data/CMIP6/CMIP/CSIRO/ACCESS-ESM1-5/historical/r1i1p1f1/Omon/no3/gn/v20191115/no3_Omon_ACCESS-ESM1-5_historical_r1i1p1f1_gn_192001-192912.nc -> /maps/rt582/cmipper/.esgpull/data/CMIP6/CMIP/CSIRO/ACCESS-ESM1-5/historical/r1i1p1f1/Omon/no3/gn/v20191115/remapped/no3_Omon_ACCESS-ESM1-5_historical_r1i1p1f1_gn_192001-192912.nc
	Remapping /maps/rt582/cmipper/.esgpull/data/CMIP6/CMIP/CSIRO/ACCESS-ESM1-5/historical/r1i1p1f1/Omon/no3/gn/v20191115/no3_Omon_ACCESS-ESM1-5_historical_r1i1p1f1_gn_193001-193912.nc -> /maps/rt582/cmipper/.esgpull/data/CMIP6/CMIP/CSIRO/ACCESS-ESM1-5/historical/r1i1p1f1/Omon/no3/gn/v20191115/remapped/no3_Omon_ACCESS-ESM1-5_historical_r1i1p1f1_gn_193001-193912.nc
Remapped: /maps/rt582/cmipper/.esgpull/data/CMIP6/CMIP/CSIRO/ACCESS-ESM1-5/historical/r1i1p1f1/Omon/no3/gn/v20191115/no3_Omon_ACCESS-ESM1-5_historical_r1i1p1f1_gn_193001-193912.nc -> /maps/rt582/cmipper/.esgpull/data/CMIP6/CMIP/CSIRO/ACCESS-ESM1-5/historical/r1i1p1f1/Omon/no3/gn/v20191115/remapped/no3_Omon_ACCESS-ESM1-5_historical_r1i1p1f1_gn_193001-193912.nc
	Remapping /maps/rt582/cmipper/.esgpull/data/CMIP6/CMIP/CSIRO/ACCESS-ESM1-5/historical/r1i1p1f1/Omon/no3/gn/v20191115/no3_Omon_ACCESS-ESM1-5_historical_r1i1p1f1_gn_190001-190912.nc -> /maps/rt582/cmipper/.esgpull/data/CMIP6/CMIP/CSIRO/ACCESS-ESM1-5/historical/r1i1p1f1/Omon/no3/gn/v20191115/remapped/no3_Omon_ACCESS-ESM1-5_historical_r1i1p1f1_gn_190001-190912.nc
Remapped: /maps/rt582/cmipper/.esgpull/data/CMIP6/CMIP/CSIRO/ACCESS-ESM1-5/historical/r1i1p1f1/Omon/no3/gn/v20191115/no3_Omon_ACCESS-ESM1-5_historical_r1i1p1f1_gn_190001-190912.nc -> /maps/rt582/cmipper/.esgpull/data/CMIP6/CMIP/CSIRO/ACCESS-ESM1-5/historical/r1i1p1f1/Omon/no3/gn/v20191115/remapped/no3_Omon_ACCESS-ESM1-5_historical_r1i1p1f1_gn_190001-190912.nc
	Remapping /maps/rt582/cmipper/.esgpull/data/CMIP6/CMIP/CSIRO/ACCESS-ESM1-5/historical/r1i1p1f1/Omon/no3/gn/v20191115/no3_Omon_ACCESS-ESM1-5_historical_r1i1p1f1_gn_191001-191912.nc -> /maps/rt582/cmipper/.esgpull/data/CMIP6/CMIP/CSIRO/ACCESS-ESM1-5/historical/r1i1p1f1/Omon/no3/gn/v20191115/remapped/no3_Omon_ACCESS-ESM1-5_historical_r1i1p1f1_gn_191001-191912.nc
Remapped: /maps/rt582/cmipper/.esgpull/data/CMIP6/CMIP/CSIRO/ACCESS-ESM1-5/historical/r1i1p1f1/Omon/no3/gn/v20191115/no3_Omon_ACCESS-ESM1-5_historical_r1i1p1f1_gn_191001-191912.nc -> /maps/rt582/cmipper/.esgpull/data/CMIP6/CMIP/CSIRO/ACCESS-ESM1-5/historical/r1i1p1f1/Omon/no3/gn/v20191115/remapped/no3_Omon_ACCESS-ESM1-5_historical_r1i1p1f1_gn_191001-191912.nc
Scanning directory: /maps/rt582/cmipper/.esgpull/data/CMIP6/CMIP/CSIRO/ACCESS-ESM1-5/historical/r1i1p1f1/Omon/po4/gn/v20191115
	Remapping 17 files in /maps/rt582/cmipper/.esgpull/data/CMIP6/CMIP/CSIRO/ACCESS-ESM1-5/historical/r1i1p1f1/Omon/po4/gn/v20191115
	Remapping 17 files in /maps/rt582/cmipper/.esgpull/data/CMIP6/CMIP/CSIRO/ACCESS-ESM1-5/historical/r1i1p1f1/Omon/po4/gn/v20191115
	Remapping /maps/rt582/cmipper/.esgpull/data/CMIP6/CMIP/CSIRO/ACCESS-ESM1-5/historical/r1i1p1f1/Omon/po4/gn/v20191115/po4_Omon_ACCESS-ESM1-5_historical_r1i1p1f1_gn_200001-200912.nc -> /maps/rt582/cmipper/.esgpull/data/CMIP6/CMIP/CSIRO/ACCESS-ESM1-5/historical/r1i1p1f1/Omon/po4/gn/v20191115/remapped/po4_Omon_ACCESS-ESM1-5_historical_r1i1p1f1_gn_200001-200912.nc
Remapped: /maps/rt582/cmipper/.esgpull/data/CMIP6/CMIP/CSIRO/ACCESS-ESM1-5/historical/r1i1p1f1/Omon/po4/gn/v20191115/po4_Omon_ACCESS-ESM1-5_historical_r1i1p1f1_gn_200001-200912.nc -> /maps/rt582/cmipper/.esgpull/data/CMIP6/CMIP/CSIRO/ACCESS-ESM1-5/historical/r1i1p1f1/Omon/po4/gn/v20191115/remapped/po4_Omon_ACCESS-ESM1-5_historical_r1i1p1f1_gn_200001-200912.nc
	Remapping /maps/rt582/cmipper/.esgpull/data/CMIP6/CMIP/CSIRO/ACCESS-ESM1-5/historical/r1i1p1f1/Omon/po4/gn/v20191115/po4_Omon_ACCESS-ESM1-5_historical_r1i1p1f1_gn_187001-187912.nc -> /maps/rt582/cmipper/.esgpull/data/CMIP6/CMIP/CSIRO/ACCESS-ESM1-5/historical/r1i1p1f1/Omon/po4/gn/v20191115/remapped/po4_Omon_ACCESS-ESM1-5_historical_r1i1p1f1_gn_187001-187912.nc
Remapped: /maps/rt582/cmipper/.esgpull/data/CMIP6/CMIP/CSIRO/ACCESS-ESM1-5/historical/r1i1p1f1/Omon/po4/gn/v20191115/po4_Omon_ACCESS-ESM1-5_historical_r1i1p1f1_gn_187001-187912.nc -> /maps/rt582/cmipper/.esgpull/data/CMIP6/CMIP/CSIRO/ACCESS-ESM1-5/historical/r1i1p1f1/Omon/po4/gn/v20191115/remapped/po4_Omon_ACCESS-ESM1-5_historical_r1i1p1f1_gn_187001-187912.nc
	Remapping /maps/rt582/cmipper/.esgpull/data/CMIP6/CMIP/CSIRO/ACCESS-ESM1-5/historical/r1i1p1f1/Omon/po4/gn/v20191115/po4_Omon_ACCESS-ESM1-5_historical_r1i1p1f1_gn_196001-196912.nc -> /maps/rt582/cmipper/.esgpull/data/CMIP6/CMIP/CSIRO/ACCESS-ESM1-5/historical/r1i1p1f1/Omon/po4/gn/v20191115/remapped/po4_Omon_ACCESS-ESM1-5_historical_r1i1p1f1_gn_196001-196912.nc
Remapped: /maps/rt582/cmipper/.esgpull/data/CMIP6/CMIP/CSIRO/ACCESS-ESM1-5/historical/r1i1p1f1/Omon/po4/gn/v20191115/po4_Omon_ACCESS-ESM1-5_historical_r1i1p1f1_gn_196001-196912.nc -> /maps/rt582/cmipper/.esgpull/data/CMIP6/CMIP/CSIRO/ACCESS-ESM1-5/historical/r1i1p1f1/Omon/po4/gn/v20191115/remapped/po4_Omon_ACCESS-ESM1-5_historical_r1i1p1f1_gn_196001-196912.nc
	Remapping /maps/rt582/cmipper/.esgpull/data/CMIP6/CMIP/CSIRO/ACCESS-ESM1-5/historical/r1i1p1f1/Omon/po4/gn/v20191115/po4_Omon_ACCESS-ESM1-5_historical_r1i1p1f1_gn_189001-189912.nc -> /maps/rt582/cmipper/.esgpull/data/CMIP6/CMIP/CSIRO/ACCESS-ESM1-5/historical/r1i1p1f1/Omon/po4/gn/v20191115/remapped/po4_Omon_ACCESS-ESM1-5_historical_r1i1p1f1_gn_189001-189912.nc
Remapped: /maps/rt582/cmipper/.esgpull/data/CMIP6/CMIP/CSIRO/ACCESS-ESM1-5/historical/r1i1p1f1/Omon/po4/gn/v20191115/po4_Omon_ACCESS-ESM1-5_historical_r1i1p1f1_gn_189001-189912.nc -> /maps/rt582/cmipper/.esgpull/data/CMIP6/CMIP/CSIRO/ACCESS-ESM1-5/historical/r1i1p1f1/Omon/po4/gn/v20191115/remapped/po4_Omon_ACCESS-ESM1-5_historical_r1i1p1f1_gn_189001-189912.nc
	Remapping /maps/rt582/cmipper/.esgpull/data/CMIP6/CMIP/CSIRO/ACCESS-ESM1-5/historical/r1i1p1f1/Omon/po4/gn/v20191115/po4_Omon_ACCESS-ESM1-5_historical_r1i1p1f1_gn_198001-198912.nc -> /maps/rt582/cmipper/.esgpull/data/CMIP6/CMIP/CSIRO/ACCESS-ESM1-5/historical/r1i1p1f1/Omon/po4/gn/v20191115/remapped/po4_Omon_ACCESS-ESM1-5_historical_r1i1p1f1_gn_198001-198912.nc
Remapped: /maps/rt582/cmipper/.esgpull/data/CMIP6/CMIP/CSIRO/ACCESS-ESM1-5/historical/r1i1p1f1/Omon/po4/gn/v20191115/po4_Omon_ACCESS-ESM1-5_historical_r1i1p1f1_gn_198001-198912.nc -> /maps/rt582/cmipper/.esgpull/data/CMIP6/CMIP/CSIRO/ACCESS-ESM1-5/historical/r1i1p1f1/Omon/po4/gn/v20191115/remapped/po4_Omon_ACCESS-ESM1-5_historical_r1i1p1f1_gn_198001-198912.nc
	Remapping /maps/rt582/cmipper/.esgpull/data/CMIP6/CMIP/CSIRO/ACCESS-ESM1-5/historical/r1i1p1f1/Omon/po4/gn/v20191115/po4_Omon_ACCESS-ESM1-5_historical_r1i1p1f1_gn_199001-199912.nc -> /maps/rt582/cmipper/.esgpull/data/CMIP6/CMIP/CSIRO/ACCESS-ESM1-5/historical/r1i1p1f1/Omon/po4/gn/v20191115/remapped/po4_Omon_ACCESS-ESM1-5_historical_r1i1p1f1_gn_199001-199912.nc
Remapped: /maps/rt582/cmipper/.esgpull/data/CMIP6/CMIP/CSIRO/ACCESS-ESM1-5/historical/r1i1p1f1/Omon/po4/gn/v20191115/po4_Omon_ACCESS-ESM1-5_historical_r1i1p1f1_gn_199001-199912.nc -> /maps/rt582/cmipper/.esgpull/data/CMIP6/CMIP/CSIRO/ACCESS-ESM1-5/historical/r1i1p1f1/Omon/po4/gn/v20191115/remapped/po4_Omon_ACCESS-ESM1-5_historical_r1i1p1f1_gn_199001-199912.nc
	Remapping /maps/rt582/cmipper/.esgpull/data/CMIP6/CMIP/CSIRO/ACCESS-ESM1-5/historical/r1i1p1f1/Omon/po4/gn/v20191115/po4_Omon_ACCESS-ESM1-5_historical_r1i1p1f1_gn_188001-188912.nc -> /maps/rt582/cmipper/.esgpull/data/CMIP6/CMIP/CSIRO/ACCESS-ESM1-5/historical/r1i1p1f1/Omon/po4/gn/v20191115/remapped/po4_Omon_ACCESS-ESM1-5_historical_r1i1p1f1_gn_188001-188912.nc
Remapped: /maps/rt582/cmipper/.esgpull/data/CMIP6/CMIP/CSIRO/ACCESS-ESM1-5/historical/r1i1p1f1/Omon/po4/gn/v20191115/po4_Omon_ACCESS-ESM1-5_historical_r1i1p1f1_gn_188001-188912.nc -> /maps/rt582/cmipper/.esgpull/data/CMIP6/CMIP/CSIRO/ACCESS-ESM1-5/historical/r1i1p1f1/Omon/po4/gn/v20191115/remapped/po4_Omon_ACCESS-ESM1-5_historical_r1i1p1f1_gn_188001-188912.nc
	Remapping /maps/rt582/cmipper/.esgpull/data/CMIP6/CMIP/CSIRO/ACCESS-ESM1-5/historical/r1i1p1f1/Omon/po4/gn/v20191115/po4_Omon_ACCESS-ESM1-5_historical_r1i1p1f1_gn_197001-197912.nc -> /maps/rt582/cmipper/.esgpull/data/CMIP6/CMIP/CSIRO/ACCESS-ESM1-5/historical/r1i1p1f1/Omon/po4/gn/v20191115/remapped/po4_Omon_ACCESS-ESM1-5_historical_r1i1p1f1_gn_197001-197912.nc
Remapped: /maps/rt582/cmipper/.esgpull/data/CMIP6/CMIP/CSIRO/ACCESS-ESM1-5/historical/r1i1p1f1/Omon/po4/gn/v20191115/po4_Omon_ACCESS-ESM1-5_historical_r1i1p1f1_gn_197001-197912.nc -> /maps/rt582/cmipper/.esgpull/data/CMIP6/CMIP/CSIRO/ACCESS-ESM1-5/historical/r1i1p1f1/Omon/po4/gn/v20191115/remapped/po4_Omon_ACCESS-ESM1-5_historical_r1i1p1f1_gn_197001-197912.nc
	Remapping /maps/rt582/cmipper/.esgpull/data/CMIP6/CMIP/CSIRO/ACCESS-ESM1-5/historical/r1i1p1f1/Omon/po4/gn/v20191115/po4_Omon_ACCESS-ESM1-5_historical_r1i1p1f1_gn_186001-186912.nc -> /maps/rt582/cmipper/.esgpull/data/CMIP6/CMIP/CSIRO/ACCESS-ESM1-5/historical/r1i1p1f1/Omon/po4/gn/v20191115/remapped/po4_Omon_ACCESS-ESM1-5_historical_r1i1p1f1_gn_186001-186912.nc
Remapped: /maps/rt582/cmipper/.esgpull/data/CMIP6/CMIP/CSIRO/ACCESS-ESM1-5/historical/r1i1p1f1/Omon/po4/gn/v20191115/po4_Omon_ACCESS-ESM1-5_historical_r1i1p1f1_gn_186001-186912.nc -> /maps/rt582/cmipper/.esgpull/data/CMIP6/CMIP/CSIRO/ACCESS-ESM1-5/historical/r1i1p1f1/Omon/po4/gn/v20191115/remapped/po4_Omon_ACCESS-ESM1-5_historical_r1i1p1f1_gn_186001-186912.nc
	Remapping /maps/rt582/cmipper/.esgpull/data/CMIP6/CMIP/CSIRO/ACCESS-ESM1-5/historical/r1i1p1f1/Omon/po4/gn/v20191115/po4_Omon_ACCESS-ESM1-5_historical_r1i1p1f1_gn_194001-194912.nc -> /maps/rt582/cmipper/.esgpull/data/CMIP6/CMIP/CSIRO/ACCESS-ESM1-5/historical/r1i1p1f1/Omon/po4/gn/v20191115/remapped/po4_Omon_ACCESS-ESM1-5_historical_r1i1p1f1_gn_194001-194912.nc
Remapped: /maps/rt582/cmipper/.esgpull/data/CMIP6/CMIP/CSIRO/ACCESS-ESM1-5/historical/r1i1p1f1/Omon/po4/gn/v20191115/po4_Omon_ACCESS-ESM1-5_historical_r1i1p1f1_gn_194001-194912.nc -> /maps/rt582/cmipper/.esgpull/data/CMIP6/CMIP/CSIRO/ACCESS-ESM1-5/historical/r1i1p1f1/Omon/po4/gn/v20191115/remapped/po4_Omon_ACCESS-ESM1-5_historical_r1i1p1f1_gn_194001-194912.nc
	Remapping /maps/rt582/cmipper/.esgpull/data/CMIP6/CMIP/CSIRO/ACCESS-ESM1-5/historical/r1i1p1f1/Omon/po4/gn/v20191115/po4_Omon_ACCESS-ESM1-5_historical_r1i1p1f1_gn_185001-185912.nc -> /maps/rt582/cmipper/.esgpull/data/CMIP6/CMIP/CSIRO/ACCESS-ESM1-5/historical/r1i1p1f1/Omon/po4/gn/v20191115/remapped/po4_Omon_ACCESS-ESM1-5_historical_r1i1p1f1_gn_185001-185912.nc
Remapped: /maps/rt582/cmipper/.esgpull/data/CMIP6/CMIP/CSIRO/ACCESS-ESM1-5/historical/r1i1p1f1/Omon/po4/gn/v20191115/po4_Omon_ACCESS-ESM1-5_historical_r1i1p1f1_gn_185001-185912.nc -> /maps/rt582/cmipper/.esgpull/data/CMIP6/CMIP/CSIRO/ACCESS-ESM1-5/historical/r1i1p1f1/Omon/po4/gn/v20191115/remapped/po4_Omon_ACCESS-ESM1-5_historical_r1i1p1f1_gn_185001-185912.nc
	Remapping /maps/rt582/cmipper/.esgpull/data/CMIP6/CMIP/CSIRO/ACCESS-ESM1-5/historical/r1i1p1f1/Omon/po4/gn/v20191115/po4_Omon_ACCESS-ESM1-5_historical_r1i1p1f1_gn_195001-195912.nc -> /maps/rt582/cmipper/.esgpull/data/CMIP6/CMIP/CSIRO/ACCESS-ESM1-5/historical/r1i1p1f1/Omon/po4/gn/v20191115/remapped/po4_Omon_ACCESS-ESM1-5_historical_r1i1p1f1_gn_195001-195912.nc
Remapped: /maps/rt582/cmipper/.esgpull/data/CMIP6/CMIP/CSIRO/ACCESS-ESM1-5/historical/r1i1p1f1/Omon/po4/gn/v20191115/po4_Omon_ACCESS-ESM1-5_historical_r1i1p1f1_gn_195001-195912.nc -> /maps/rt582/cmipper/.esgpull/data/CMIP6/CMIP/CSIRO/ACCESS-ESM1-5/historical/r1i1p1f1/Omon/po4/gn/v20191115/remapped/po4_Omon_ACCESS-ESM1-5_historical_r1i1p1f1_gn_195001-195912.nc
	Remapping /maps/rt582/cmipper/.esgpull/data/CMIP6/CMIP/CSIRO/ACCESS-ESM1-5/historical/r1i1p1f1/Omon/po4/gn/v20191115/po4_Omon_ACCESS-ESM1-5_historical_r1i1p1f1_gn_201001-201412.nc -> /maps/rt582/cmipper/.esgpull/data/CMIP6/CMIP/CSIRO/ACCESS-ESM1-5/historical/r1i1p1f1/Omon/po4/gn/v20191115/remapped/po4_Omon_ACCESS-ESM1-5_historical_r1i1p1f1_gn_201001-201412.nc
Remapped: /maps/rt582/cmipper/.esgpull/data/CMIP6/CMIP/CSIRO/ACCESS-ESM1-5/historical/r1i1p1f1/Omon/po4/gn/v20191115/po4_Omon_ACCESS-ESM1-5_historical_r1i1p1f1_gn_201001-201412.nc -> /maps/rt582/cmipper/.esgpull/data/CMIP6/CMIP/CSIRO/ACCESS-ESM1-5/historical/r1i1p1f1/Omon/po4/gn/v20191115/remapped/po4_Omon_ACCESS-ESM1-5_historical_r1i1p1f1_gn_201001-201412.nc
	Remapping /maps/rt582/cmipper/.esgpull/data/CMIP6/CMIP/CSIRO/ACCESS-ESM1-5/historical/r1i1p1f1/Omon/po4/gn/v20191115/po4_Omon_ACCESS-ESM1-5_historical_r1i1p1f1_gn_193001-193912.nc -> /maps/rt582/cmipper/.esgpull/data/CMIP6/CMIP/CSIRO/ACCESS-ESM1-5/historical/r1i1p1f1/Omon/po4/gn/v20191115/remapped/po4_Omon_ACCESS-ESM1-5_historical_r1i1p1f1_gn_193001-193912.nc
Remapped: /maps/rt582/cmipper/.esgpull/data/CMIP6/CMIP/CSIRO/ACCESS-ESM1-5/historical/r1i1p1f1/Omon/po4/gn/v20191115/po4_Omon_ACCESS-ESM1-5_historical_r1i1p1f1_gn_193001-193912.nc -> /maps/rt582/cmipper/.esgpull/data/CMIP6/CMIP/CSIRO/ACCESS-ESM1-5/historical/r1i1p1f1/Omon/po4/gn/v20191115/remapped/po4_Omon_ACCESS-ESM1-5_historical_r1i1p1f1_gn_193001-193912.nc
	Remapping /maps/rt582/cmipper/.esgpull/data/CMIP6/CMIP/CSIRO/ACCESS-ESM1-5/historical/r1i1p1f1/Omon/po4/gn/v20191115/po4_Omon_ACCESS-ESM1-5_historical_r1i1p1f1_gn_192001-192912.nc -> /maps/rt582/cmipper/.esgpull/data/CMIP6/CMIP/CSIRO/ACCESS-ESM1-5/historical/r1i1p1f1/Omon/po4/gn/v20191115/remapped/po4_Omon_ACCESS-ESM1-5_historical_r1i1p1f1_gn_192001-192912.nc
Remapped: /maps/rt582/cmipper/.esgpull/data/CMIP6/CMIP/CSIRO/ACCESS-ESM1-5/historical/r1i1p1f1/Omon/po4/gn/v20191115/po4_Omon_ACCESS-ESM1-5_historical_r1i1p1f1_gn_192001-192912.nc -> /maps/rt582/cmipper/.esgpull/data/CMIP6/CMIP/CSIRO/ACCESS-ESM1-5/historical/r1i1p1f1/Omon/po4/gn/v20191115/remapped/po4_Omon_ACCESS-ESM1-5_historical_r1i1p1f1_gn_192001-192912.nc
	Remapping /maps/rt582/cmipper/.esgpull/data/CMIP6/CMIP/CSIRO/ACCESS-ESM1-5/historical/r1i1p1f1/Omon/po4/gn/v20191115/po4_Omon_ACCESS-ESM1-5_historical_r1i1p1f1_gn_191001-191912.nc -> /maps/rt582/cmipper/.esgpull/data/CMIP6/CMIP/CSIRO/ACCESS-ESM1-5/historical/r1i1p1f1/Omon/po4/gn/v20191115/remapped/po4_Omon_ACCESS-ESM1-5_historical_r1i1p1f1_gn_191001-191912.nc
Remapped: /maps/rt582/cmipper/.esgpull/data/CMIP6/CMIP/CSIRO/ACCESS-ESM1-5/historical/r1i1p1f1/Omon/po4/gn/v20191115/po4_Omon_ACCESS-ESM1-5_historical_r1i1p1f1_gn_191001-191912.nc -> /maps/rt582/cmipper/.esgpull/data/CMIP6/CMIP/CSIRO/ACCESS-ESM1-5/historical/r1i1p1f1/Omon/po4/gn/v20191115/remapped/po4_Omon_ACCESS-ESM1-5_historical_r1i1p1f1_gn_191001-191912.nc
	Remapping /maps/rt582/cmipper/.esgpull/data/CMIP6/CMIP/CSIRO/ACCESS-ESM1-5/historical/r1i1p1f1/Omon/po4/gn/v20191115/po4_Omon_ACCESS-ESM1-5_historical_r1i1p1f1_gn_190001-190912.nc -> /maps/rt582/cmipper/.esgpull/data/CMIP6/CMIP/CSIRO/ACCESS-ESM1-5/historical/r1i1p1f1/Omon/po4/gn/v20191115/remapped/po4_Omon_ACCESS-ESM1-5_historical_r1i1p1f1_gn_190001-190912.nc
Remapped: /maps/rt582/cmipper/.esgpull/data/CMIP6/CMIP/CSIRO/ACCESS-ESM1-5/historical/r1i1p1f1/Omon/po4/gn/v20191115/po4_Omon_ACCESS-ESM1-5_historical_r1i1p1f1_gn_190001-190912.nc -> /maps/rt582/cmipper/.esgpull/data/CMIP6/CMIP/CSIRO/ACCESS-ESM1-5/historical/r1i1p1f1/Omon/po4/gn/v20191115/remapped/po4_Omon_ACCESS-ESM1-5_historical_r1i1p1f1_gn_190001-190912.nc
Scanning directory: /maps/rt582/cmipper/.esgpull/data/CMIP6/CMIP/CSIRO/ACCESS-ESM1-5/historical/r1i1p1f1/Omon/arag/gn/v20191115
No .nc files found in /maps/rt582/cmipper/.esgpull/data/CMIP6/CMIP/CSIRO/ACCESS-ESM1-5/historical/r1i1p1f1/Omon/arag/gn/v20191115
Scanning directory: /maps/rt582/cmipper/.esgpull/data/CMIP6/CMIP/CSIRO/ACCESS-ESM1-5/historical/r1i1p1f1/Omon/arag/gn/v20191115/remapped
Skipping directory (filepath contains remapped/processed): /maps/rt582/cmipper/.esgpull/data/CMIP6/CMIP/CSIRO/ACCESS-ESM1-5/historical/r1i1p1f1/Omon/arag/gn/v20191115/remapped
Scanning directory: /maps/rt582/cmipper/.esgpull/data/CMIP6/CMIP/AWI/AWI-CM-1-1-MR/historical
No .nc files found in /maps/rt582/cmipper/.esgpull/data/CMIP6/CMIP/AWI/AWI-CM-1-1-MR/historical
Scanning directory: /maps/rt582/cmipper/.esgpull/data/CMIP6/CMIP/AWI/AWI-CM-1-1-MR/historical/r1i1p1f1
No .nc files found in /maps/rt582/cmipper/.esgpull/data/CMIP6/CMIP/AWI/AWI-CM-1-1-MR/historical/r1i1p1f1
Scanning directory: /maps/rt582/cmipper/.esgpull/data/CMIP6/CMIP/AWI/AWI-CM-1-1-MR/historical/r1i1p1f1/Omon
No .nc files found in /maps/rt582/cmipper/.esgpull/data/CMIP6/CMIP/AWI/AWI-CM-1-1-MR/historical/r1i1p1f1/Omon
Scanning directory: /maps/rt582/cmipper/.esgpull/data/CMIP6/CMIP/AWI/AWI-CM-1-1-MR/historical/r1i1p1f1/Omon/so
No .nc files found in /maps/rt582/cmipper/.esgpull/data/CMIP6/CMIP/AWI/AWI-CM-1-1-MR/historical/r1i1p1f1/Omon/so
Scanning directory: /maps/rt582/cmipper/.esgpull/data/CMIP6/CMIP/AWI/AWI-CM-1-1-MR/historical/r1i1p1f1/Omon/thetao
No .nc files found in /maps/rt582/cmipper/.esgpull/data/CMIP6/CMIP/AWI/AWI-CM-1-1-MR/historical/r1i1p1f1/Omon/thetao
Scanning directory: /maps/rt582/cmipper/.esgpull/data/CMIP6/CMIP/AWI/AWI-CM-1-1-MR/historical/r1i1p1f1/Omon/tos
No .nc files found in /maps/rt582/cmipper/.esgpull/data/CMIP6/CMIP/AWI/AWI-CM-1-1-MR/historical/r1i1p1f1/Omon/tos
Scanning directory: /maps/rt582/cmipper/.esgpull/data/CMIP6/CMIP/AWI/AWI-CM-1-1-MR/historical/r1i1p1f1/Omon/rsdo
No .nc files found in /maps/rt582/cmipper/.esgpull/data/CMIP6/CMIP/AWI/AWI-CM-1-1-MR/historical/r1i1p1f1/Omon/rsdo
Scanning directory: /maps/rt582/cmipper/.esgpull/data/CMIP6/CMIP/AWI/AWI-CM-1-1-MR/historical/r1i1p1f1/Omon/so/gn
No .nc files found in /maps/rt582/cmipper/.esgpull/data/CMIP6/CMIP/AWI/AWI-CM-1-1-MR/historical/r1i1p1f1/Omon/so/gn
Scanning directory: /maps/rt582/cmipper/.esgpull/data/CMIP6/CMIP/AWI/AWI-CM-1-1-MR/historical/r1i1p1f1/Omon/thetao/gn
No .nc files found in /maps/rt582/cmipper/.esgpull/data/CMIP6/CMIP/AWI/AWI-CM-1-1-MR/historical/r1i1p1f1/Omon/thetao/gn
Scanning directory: /maps/rt582/cmipper/.esgpull/data/CMIP6/CMIP/AWI/AWI-CM-1-1-MR/historical/r1i1p1f1/Omon/tos/gn
No .nc files found in /maps/rt582/cmipper/.esgpull/data/CMIP6/CMIP/AWI/AWI-CM-1-1-MR/historical/r1i1p1f1/Omon/tos/gn
Scanning directory: /maps/rt582/cmipper/.esgpull/data/CMIP6/CMIP/AWI/AWI-CM-1-1-MR/historical/r1i1p1f1/Omon/rsdo/gn
No .nc files found in /maps/rt582/cmipper/.esgpull/data/CMIP6/CMIP/AWI/AWI-CM-1-1-MR/historical/r1i1p1f1/Omon/rsdo/gn
Scanning directory: /maps/rt582/cmipper/.esgpull/data/CMIP6/CMIP/AWI/AWI-CM-1-1-MR/historical/r1i1p1f1/Omon/so/gn/v20181218
No .nc files found in /maps/rt582/cmipper/.esgpull/data/CMIP6/CMIP/AWI/AWI-CM-1-1-MR/historical/r1i1p1f1/Omon/so/gn/v20181218
Scanning directory: /maps/rt582/cmipper/.esgpull/data/CMIP6/CMIP/AWI/AWI-CM-1-1-MR/historical/r1i1p1f1/Omon/so/gn/v20181218/remapped
Skipping directory (filepath contains remapped/processed): /maps/rt582/cmipper/.esgpull/data/CMIP6/CMIP/AWI/AWI-CM-1-1-MR/historical/r1i1p1f1/Omon/so/gn/v20181218/remapped
Scanning directory: /maps/rt582/cmipper/.esgpull/data/CMIP6/CMIP/AWI/AWI-CM-1-1-MR/historical/r1i1p1f1/Omon/thetao/gn/v20181218
No .nc files found in /maps/rt582/cmipper/.esgpull/data/CMIP6/CMIP/AWI/AWI-CM-1-1-MR/historical/r1i1p1f1/Omon/thetao/gn/v20181218
Scanning directory: /maps/rt582/cmipper/.esgpull/data/CMIP6/CMIP/AWI/AWI-CM-1-1-MR/historical/r1i1p1f1/Omon/thetao/gn/v20181218/remapped
Skipping directory (filepath contains remapped/processed): /maps/rt582/cmipper/.esgpull/data/CMIP6/CMIP/AWI/AWI-CM-1-1-MR/historical/r1i1p1f1/Omon/thetao/gn/v20181218/remapped
Scanning directory: /maps/rt582/cmipper/.esgpull/data/CMIP6/CMIP/AWI/AWI-CM-1-1-MR/historical/r1i1p1f1/Omon/tos/gn/v20181218
No .nc files found in /maps/rt582/cmipper/.esgpull/data/CMIP6/CMIP/AWI/AWI-CM-1-1-MR/historical/r1i1p1f1/Omon/tos/gn/v20181218
Scanning directory: /maps/rt582/cmipper/.esgpull/data/CMIP6/CMIP/AWI/AWI-CM-1-1-MR/historical/r1i1p1f1/Omon/tos/gn/v20181218/remapped
Skipping directory (filepath contains remapped/processed): /maps/rt582/cmipper/.esgpull/data/CMIP6/CMIP/AWI/AWI-CM-1-1-MR/historical/r1i1p1f1/Omon/tos/gn/v20181218/remapped
Scanning directory: /maps/rt582/cmipper/.esgpull/data/CMIP6/CMIP/AWI/AWI-CM-1-1-MR/historical/r1i1p1f1/Omon/rsdo/gn/v20181218
No .nc files found in /maps/rt582/cmipper/.esgpull/data/CMIP6/CMIP/AWI/AWI-CM-1-1-MR/historical/r1i1p1f1/Omon/rsdo/gn/v20181218
Scanning directory: /maps/rt582/cmipper/.esgpull/data/CMIP6/CMIP/AWI/AWI-CM-1-1-MR/historical/r1i1p1f1/Omon/rsdo/gn/v20181218/remapped
Skipping directory (filepath contains remapped/processed): /maps/rt582/cmipper/.esgpull/data/CMIP6/CMIP/AWI/AWI-CM-1-1-MR/historical/r1i1p1f1/Omon/rsdo/gn/v20181218/remapped
Scanning directory: /maps/rt582/cmipper/.esgpull/data/CMIP6/ScenarioMIP/AWI/AWI-CM-1-1-MR
No .nc files found in /maps/rt582/cmipper/.esgpull/data/CMIP6/ScenarioMIP/AWI/AWI-CM-1-1-MR
Scanning directory: /maps/rt582/cmipper/.esgpull/data/CMIP6/ScenarioMIP/CSIRO/ACCESS-ESM1-5
No .nc files found in /maps/rt582/cmipper/.esgpull/data/CMIP6/ScenarioMIP/CSIRO/ACCESS-ESM1-5
Scanning directory: /maps/rt582/cmipper/.esgpull/data/CMIP6/ScenarioMIP/AWI/AWI-CM-1-1-MR/ssp126
No .nc files found in /maps/rt582/cmipper/.esgpull/data/CMIP6/ScenarioMIP/AWI/AWI-CM-1-1-MR/ssp126
Scanning directory: /maps/rt582/cmipper/.esgpull/data/CMIP6/ScenarioMIP/AWI/AWI-CM-1-1-MR/ssp585
No .nc files found in /maps/rt582/cmipper/.esgpull/data/CMIP6/ScenarioMIP/AWI/AWI-CM-1-1-MR/ssp585
Scanning directory: /maps/rt582/cmipper/.esgpull/data/CMIP6/ScenarioMIP/AWI/AWI-CM-1-1-MR/ssp245
No .nc files found in /maps/rt582/cmipper/.esgpull/data/CMIP6/ScenarioMIP/AWI/AWI-CM-1-1-MR/ssp245
Scanning directory: /maps/rt582/cmipper/.esgpull/data/CMIP6/ScenarioMIP/AWI/AWI-CM-1-1-MR/ssp370
No .nc files found in /maps/rt582/cmipper/.esgpull/data/CMIP6/ScenarioMIP/AWI/AWI-CM-1-1-MR/ssp370
Scanning directory: /maps/rt582/cmipper/.esgpull/data/CMIP6/ScenarioMIP/AWI/AWI-CM-1-1-MR/ssp126/r1i1p1f1
No .nc files found in /maps/rt582/cmipper/.esgpull/data/CMIP6/ScenarioMIP/AWI/AWI-CM-1-1-MR/ssp126/r1i1p1f1
Scanning directory: /maps/rt582/cmipper/.esgpull/data/CMIP6/ScenarioMIP/AWI/AWI-CM-1-1-MR/ssp585/r1i1p1f1
No .nc files found in /maps/rt582/cmipper/.esgpull/data/CMIP6/ScenarioMIP/AWI/AWI-CM-1-1-MR/ssp585/r1i1p1f1
Scanning directory: /maps/rt582/cmipper/.esgpull/data/CMIP6/ScenarioMIP/AWI/AWI-CM-1-1-MR/ssp245/r1i1p1f1
No .nc files found in /maps/rt582/cmipper/.esgpull/data/CMIP6/ScenarioMIP/AWI/AWI-CM-1-1-MR/ssp245/r1i1p1f1
Scanning directory: /maps/rt582/cmipper/.esgpull/data/CMIP6/ScenarioMIP/AWI/AWI-CM-1-1-MR/ssp370/r1i1p1f1
No .nc files found in /maps/rt582/cmipper/.esgpull/data/CMIP6/ScenarioMIP/AWI/AWI-CM-1-1-MR/ssp370/r1i1p1f1
Scanning directory: /maps/rt582/cmipper/.esgpull/data/CMIP6/ScenarioMIP/AWI/AWI-CM-1-1-MR/ssp126/r1i1p1f1/Omon
No .nc files found in /maps/rt582/cmipper/.esgpull/data/CMIP6/ScenarioMIP/AWI/AWI-CM-1-1-MR/ssp126/r1i1p1f1/Omon
Scanning directory: /maps/rt582/cmipper/.esgpull/data/CMIP6/ScenarioMIP/AWI/AWI-CM-1-1-MR/ssp126/r1i1p1f1/Omon/so
No .nc files found in /maps/rt582/cmipper/.esgpull/data/CMIP6/ScenarioMIP/AWI/AWI-CM-1-1-MR/ssp126/r1i1p1f1/Omon/so
Scanning directory: /maps/rt582/cmipper/.esgpull/data/CMIP6/ScenarioMIP/AWI/AWI-CM-1-1-MR/ssp126/r1i1p1f1/Omon/rsdo
No .nc files found in /maps/rt582/cmipper/.esgpull/data/CMIP6/ScenarioMIP/AWI/AWI-CM-1-1-MR/ssp126/r1i1p1f1/Omon/rsdo
Scanning directory: /maps/rt582/cmipper/.esgpull/data/CMIP6/ScenarioMIP/AWI/AWI-CM-1-1-MR/ssp126/r1i1p1f1/Omon/tos
No .nc files found in /maps/rt582/cmipper/.esgpull/data/CMIP6/ScenarioMIP/AWI/AWI-CM-1-1-MR/ssp126/r1i1p1f1/Omon/tos
Scanning directory: /maps/rt582/cmipper/.esgpull/data/CMIP6/ScenarioMIP/AWI/AWI-CM-1-1-MR/ssp126/r1i1p1f1/Omon/so/gn
No .nc files found in /maps/rt582/cmipper/.esgpull/data/CMIP6/ScenarioMIP/AWI/AWI-CM-1-1-MR/ssp126/r1i1p1f1/Omon/so/gn
Scanning directory: /maps/rt582/cmipper/.esgpull/data/CMIP6/ScenarioMIP/AWI/AWI-CM-1-1-MR/ssp126/r1i1p1f1/Omon/rsdo/gn
No .nc files found in /maps/rt582/cmipper/.esgpull/data/CMIP6/ScenarioMIP/AWI/AWI-CM-1-1-MR/ssp126/r1i1p1f1/Omon/rsdo/gn
Scanning directory: /maps/rt582/cmipper/.esgpull/data/CMIP6/ScenarioMIP/AWI/AWI-CM-1-1-MR/ssp126/r1i1p1f1/Omon/tos/gn
No .nc files found in /maps/rt582/cmipper/.esgpull/data/CMIP6/ScenarioMIP/AWI/AWI-CM-1-1-MR/ssp126/r1i1p1f1/Omon/tos/gn
Scanning directory: /maps/rt582/cmipper/.esgpull/data/CMIP6/ScenarioMIP/AWI/AWI-CM-1-1-MR/ssp126/r1i1p1f1/Omon/so/gn/v20181218
No .nc files found in /maps/rt582/cmipper/.esgpull/data/CMIP6/ScenarioMIP/AWI/AWI-CM-1-1-MR/ssp126/r1i1p1f1/Omon/so/gn/v20181218
Scanning directory: /maps/rt582/cmipper/.esgpull/data/CMIP6/ScenarioMIP/AWI/AWI-CM-1-1-MR/ssp126/r1i1p1f1/Omon/so/gn/v20181218/remapped
Skipping directory (filepath contains remapped/processed): /maps/rt582/cmipper/.esgpull/data/CMIP6/ScenarioMIP/AWI/AWI-CM-1-1-MR/ssp126/r1i1p1f1/Omon/so/gn/v20181218/remapped
Scanning directory: /maps/rt582/cmipper/.esgpull/data/CMIP6/ScenarioMIP/AWI/AWI-CM-1-1-MR/ssp126/r1i1p1f1/Omon/rsdo/gn/v20181218
No .nc files found in /maps/rt582/cmipper/.esgpull/data/CMIP6/ScenarioMIP/AWI/AWI-CM-1-1-MR/ssp126/r1i1p1f1/Omon/rsdo/gn/v20181218
Scanning directory: /maps/rt582/cmipper/.esgpull/data/CMIP6/ScenarioMIP/AWI/AWI-CM-1-1-MR/ssp126/r1i1p1f1/Omon/rsdo/gn/v20181218/remapped
Skipping directory (filepath contains remapped/processed): /maps/rt582/cmipper/.esgpull/data/CMIP6/ScenarioMIP/AWI/AWI-CM-1-1-MR/ssp126/r1i1p1f1/Omon/rsdo/gn/v20181218/remapped
Scanning directory: /maps/rt582/cmipper/.esgpull/data/CMIP6/ScenarioMIP/AWI/AWI-CM-1-1-MR/ssp126/r1i1p1f1/Omon/tos/gn/v20181218
No .nc files found in /maps/rt582/cmipper/.esgpull/data/CMIP6/ScenarioMIP/AWI/AWI-CM-1-1-MR/ssp126/r1i1p1f1/Omon/tos/gn/v20181218
Scanning directory: /maps/rt582/cmipper/.esgpull/data/CMIP6/ScenarioMIP/AWI/AWI-CM-1-1-MR/ssp126/r1i1p1f1/Omon/tos/gn/v20181218/remapped
Skipping directory (filepath contains remapped/processed): /maps/rt582/cmipper/.esgpull/data/CMIP6/ScenarioMIP/AWI/AWI-CM-1-1-MR/ssp126/r1i1p1f1/Omon/tos/gn/v20181218/remapped
Scanning directory: /maps/rt582/cmipper/.esgpull/data/CMIP6/ScenarioMIP/AWI/AWI-CM-1-1-MR/ssp585/r1i1p1f1/Omon
No .nc files found in /maps/rt582/cmipper/.esgpull/data/CMIP6/ScenarioMIP/AWI/AWI-CM-1-1-MR/ssp585/r1i1p1f1/Omon
Scanning directory: /maps/rt582/cmipper/.esgpull/data/CMIP6/ScenarioMIP/AWI/AWI-CM-1-1-MR/ssp585/r1i1p1f1/Omon/so
No .nc files found in /maps/rt582/cmipper/.esgpull/data/CMIP6/ScenarioMIP/AWI/AWI-CM-1-1-MR/ssp585/r1i1p1f1/Omon/so
Scanning directory: /maps/rt582/cmipper/.esgpull/data/CMIP6/ScenarioMIP/AWI/AWI-CM-1-1-MR/ssp585/r1i1p1f1/Omon/rsdo
No .nc files found in /maps/rt582/cmipper/.esgpull/data/CMIP6/ScenarioMIP/AWI/AWI-CM-1-1-MR/ssp585/r1i1p1f1/Omon/rsdo
Scanning directory: /maps/rt582/cmipper/.esgpull/data/CMIP6/ScenarioMIP/AWI/AWI-CM-1-1-MR/ssp585/r1i1p1f1/Omon/thetao
No .nc files found in /maps/rt582/cmipper/.esgpull/data/CMIP6/ScenarioMIP/AWI/AWI-CM-1-1-MR/ssp585/r1i1p1f1/Omon/thetao
Scanning directory: /maps/rt582/cmipper/.esgpull/data/CMIP6/ScenarioMIP/AWI/AWI-CM-1-1-MR/ssp585/r1i1p1f1/Omon/tos
No .nc files found in /maps/rt582/cmipper/.esgpull/data/CMIP6/ScenarioMIP/AWI/AWI-CM-1-1-MR/ssp585/r1i1p1f1/Omon/tos
Scanning directory: /maps/rt582/cmipper/.esgpull/data/CMIP6/ScenarioMIP/AWI/AWI-CM-1-1-MR/ssp585/r1i1p1f1/Omon/so/gn
No .nc files found in /maps/rt582/cmipper/.esgpull/data/CMIP6/ScenarioMIP/AWI/AWI-CM-1-1-MR/ssp585/r1i1p1f1/Omon/so/gn
Scanning directory: /maps/rt582/cmipper/.esgpull/data/CMIP6/ScenarioMIP/AWI/AWI-CM-1-1-MR/ssp585/r1i1p1f1/Omon/rsdo/gn
No .nc files found in /maps/rt582/cmipper/.esgpull/data/CMIP6/ScenarioMIP/AWI/AWI-CM-1-1-MR/ssp585/r1i1p1f1/Omon/rsdo/gn
Scanning directory: /maps/rt582/cmipper/.esgpull/data/CMIP6/ScenarioMIP/AWI/AWI-CM-1-1-MR/ssp585/r1i1p1f1/Omon/thetao/gn
No .nc files found in /maps/rt582/cmipper/.esgpull/data/CMIP6/ScenarioMIP/AWI/AWI-CM-1-1-MR/ssp585/r1i1p1f1/Omon/thetao/gn
Scanning directory: /maps/rt582/cmipper/.esgpull/data/CMIP6/ScenarioMIP/AWI/AWI-CM-1-1-MR/ssp585/r1i1p1f1/Omon/tos/gn
No .nc files found in /maps/rt582/cmipper/.esgpull/data/CMIP6/ScenarioMIP/AWI/AWI-CM-1-1-MR/ssp585/r1i1p1f1/Omon/tos/gn
Scanning directory: /maps/rt582/cmipper/.esgpull/data/CMIP6/ScenarioMIP/AWI/AWI-CM-1-1-MR/ssp585/r1i1p1f1/Omon/so/gn/v20181218
No .nc files found in /maps/rt582/cmipper/.esgpull/data/CMIP6/ScenarioMIP/AWI/AWI-CM-1-1-MR/ssp585/r1i1p1f1/Omon/so/gn/v20181218
Scanning directory: /maps/rt582/cmipper/.esgpull/data/CMIP6/ScenarioMIP/AWI/AWI-CM-1-1-MR/ssp585/r1i1p1f1/Omon/so/gn/v20181218/remapped
Skipping directory (filepath contains remapped/processed): /maps/rt582/cmipper/.esgpull/data/CMIP6/ScenarioMIP/AWI/AWI-CM-1-1-MR/ssp585/r1i1p1f1/Omon/so/gn/v20181218/remapped
Scanning directory: /maps/rt582/cmipper/.esgpull/data/CMIP6/ScenarioMIP/AWI/AWI-CM-1-1-MR/ssp585/r1i1p1f1/Omon/rsdo/gn/v20181218
No .nc files found in /maps/rt582/cmipper/.esgpull/data/CMIP6/ScenarioMIP/AWI/AWI-CM-1-1-MR/ssp585/r1i1p1f1/Omon/rsdo/gn/v20181218
Scanning directory: /maps/rt582/cmipper/.esgpull/data/CMIP6/ScenarioMIP/AWI/AWI-CM-1-1-MR/ssp585/r1i1p1f1/Omon/rsdo/gn/v20181218/remapped
Skipping directory (filepath contains remapped/processed): /maps/rt582/cmipper/.esgpull/data/CMIP6/ScenarioMIP/AWI/AWI-CM-1-1-MR/ssp585/r1i1p1f1/Omon/rsdo/gn/v20181218/remapped
Scanning directory: /maps/rt582/cmipper/.esgpull/data/CMIP6/ScenarioMIP/AWI/AWI-CM-1-1-MR/ssp585/r1i1p1f1/Omon/thetao/gn/v20181218
No .nc files found in /maps/rt582/cmipper/.esgpull/data/CMIP6/ScenarioMIP/AWI/AWI-CM-1-1-MR/ssp585/r1i1p1f1/Omon/thetao/gn/v20181218
Scanning directory: /maps/rt582/cmipper/.esgpull/data/CMIP6/ScenarioMIP/AWI/AWI-CM-1-1-MR/ssp585/r1i1p1f1/Omon/thetao/gn/v20181218/remapped
Skipping directory (filepath contains remapped/processed): /maps/rt582/cmipper/.esgpull/data/CMIP6/ScenarioMIP/AWI/AWI-CM-1-1-MR/ssp585/r1i1p1f1/Omon/thetao/gn/v20181218/remapped
Scanning directory: /maps/rt582/cmipper/.esgpull/data/CMIP6/ScenarioMIP/AWI/AWI-CM-1-1-MR/ssp585/r1i1p1f1/Omon/tos/gn/v20181218
No .nc files found in /maps/rt582/cmipper/.esgpull/data/CMIP6/ScenarioMIP/AWI/AWI-CM-1-1-MR/ssp585/r1i1p1f1/Omon/tos/gn/v20181218
Scanning directory: /maps/rt582/cmipper/.esgpull/data/CMIP6/ScenarioMIP/AWI/AWI-CM-1-1-MR/ssp585/r1i1p1f1/Omon/tos/gn/v20181218/remapped
Skipping directory (filepath contains remapped/processed): /maps/rt582/cmipper/.esgpull/data/CMIP6/ScenarioMIP/AWI/AWI-CM-1-1-MR/ssp585/r1i1p1f1/Omon/tos/gn/v20181218/remapped
Scanning directory: /maps/rt582/cmipper/.esgpull/data/CMIP6/ScenarioMIP/AWI/AWI-CM-1-1-MR/ssp245/r1i1p1f1/Omon
No .nc files found in /maps/rt582/cmipper/.esgpull/data/CMIP6/ScenarioMIP/AWI/AWI-CM-1-1-MR/ssp245/r1i1p1f1/Omon
Scanning directory: /maps/rt582/cmipper/.esgpull/data/CMIP6/ScenarioMIP/AWI/AWI-CM-1-1-MR/ssp245/r1i1p1f1/Omon/tos
No .nc files found in /maps/rt582/cmipper/.esgpull/data/CMIP6/ScenarioMIP/AWI/AWI-CM-1-1-MR/ssp245/r1i1p1f1/Omon/tos
Scanning directory: /maps/rt582/cmipper/.esgpull/data/CMIP6/ScenarioMIP/AWI/AWI-CM-1-1-MR/ssp245/r1i1p1f1/Omon/rsdo
No .nc files found in /maps/rt582/cmipper/.esgpull/data/CMIP6/ScenarioMIP/AWI/AWI-CM-1-1-MR/ssp245/r1i1p1f1/Omon/rsdo
Scanning directory: /maps/rt582/cmipper/.esgpull/data/CMIP6/ScenarioMIP/AWI/AWI-CM-1-1-MR/ssp245/r1i1p1f1/Omon/so
No .nc files found in /maps/rt582/cmipper/.esgpull/data/CMIP6/ScenarioMIP/AWI/AWI-CM-1-1-MR/ssp245/r1i1p1f1/Omon/so
Scanning directory: /maps/rt582/cmipper/.esgpull/data/CMIP6/ScenarioMIP/AWI/AWI-CM-1-1-MR/ssp245/r1i1p1f1/Omon/tos/gn
No .nc files found in /maps/rt582/cmipper/.esgpull/data/CMIP6/ScenarioMIP/AWI/AWI-CM-1-1-MR/ssp245/r1i1p1f1/Omon/tos/gn
Scanning directory: /maps/rt582/cmipper/.esgpull/data/CMIP6/ScenarioMIP/AWI/AWI-CM-1-1-MR/ssp245/r1i1p1f1/Omon/rsdo/gn
No .nc files found in /maps/rt582/cmipper/.esgpull/data/CMIP6/ScenarioMIP/AWI/AWI-CM-1-1-MR/ssp245/r1i1p1f1/Omon/rsdo/gn
Scanning directory: /maps/rt582/cmipper/.esgpull/data/CMIP6/ScenarioMIP/AWI/AWI-CM-1-1-MR/ssp245/r1i1p1f1/Omon/so/gn
No .nc files found in /maps/rt582/cmipper/.esgpull/data/CMIP6/ScenarioMIP/AWI/AWI-CM-1-1-MR/ssp245/r1i1p1f1/Omon/so/gn
Scanning directory: /maps/rt582/cmipper/.esgpull/data/CMIP6/ScenarioMIP/AWI/AWI-CM-1-1-MR/ssp245/r1i1p1f1/Omon/tos/gn/v20181218
No .nc files found in /maps/rt582/cmipper/.esgpull/data/CMIP6/ScenarioMIP/AWI/AWI-CM-1-1-MR/ssp245/r1i1p1f1/Omon/tos/gn/v20181218
Scanning directory: /maps/rt582/cmipper/.esgpull/data/CMIP6/ScenarioMIP/AWI/AWI-CM-1-1-MR/ssp245/r1i1p1f1/Omon/tos/gn/v20181218/remapped
Skipping directory (filepath contains remapped/processed): /maps/rt582/cmipper/.esgpull/data/CMIP6/ScenarioMIP/AWI/AWI-CM-1-1-MR/ssp245/r1i1p1f1/Omon/tos/gn/v20181218/remapped
Scanning directory: /maps/rt582/cmipper/.esgpull/data/CMIP6/ScenarioMIP/AWI/AWI-CM-1-1-MR/ssp245/r1i1p1f1/Omon/rsdo/gn/v20181218
No .nc files found in /maps/rt582/cmipper/.esgpull/data/CMIP6/ScenarioMIP/AWI/AWI-CM-1-1-MR/ssp245/r1i1p1f1/Omon/rsdo/gn/v20181218
Scanning directory: /maps/rt582/cmipper/.esgpull/data/CMIP6/ScenarioMIP/AWI/AWI-CM-1-1-MR/ssp245/r1i1p1f1/Omon/rsdo/gn/v20181218/remapped
Skipping directory (filepath contains remapped/processed): /maps/rt582/cmipper/.esgpull/data/CMIP6/ScenarioMIP/AWI/AWI-CM-1-1-MR/ssp245/r1i1p1f1/Omon/rsdo/gn/v20181218/remapped
Scanning directory: /maps/rt582/cmipper/.esgpull/data/CMIP6/ScenarioMIP/AWI/AWI-CM-1-1-MR/ssp245/r1i1p1f1/Omon/so/gn/v20181218
No .nc files found in /maps/rt582/cmipper/.esgpull/data/CMIP6/ScenarioMIP/AWI/AWI-CM-1-1-MR/ssp245/r1i1p1f1/Omon/so/gn/v20181218
Scanning directory: /maps/rt582/cmipper/.esgpull/data/CMIP6/ScenarioMIP/AWI/AWI-CM-1-1-MR/ssp245/r1i1p1f1/Omon/so/gn/v20181218/remapped
Skipping directory (filepath contains remapped/processed): /maps/rt582/cmipper/.esgpull/data/CMIP6/ScenarioMIP/AWI/AWI-CM-1-1-MR/ssp245/r1i1p1f1/Omon/so/gn/v20181218/remapped
Scanning directory: /maps/rt582/cmipper/.esgpull/data/CMIP6/ScenarioMIP/AWI/AWI-CM-1-1-MR/ssp370/r1i1p1f1/Omon
No .nc files found in /maps/rt582/cmipper/.esgpull/data/CMIP6/ScenarioMIP/AWI/AWI-CM-1-1-MR/ssp370/r1i1p1f1/Omon
Scanning directory: /maps/rt582/cmipper/.esgpull/data/CMIP6/ScenarioMIP/AWI/AWI-CM-1-1-MR/ssp370/r1i1p1f1/Omon/so
No .nc files found in /maps/rt582/cmipper/.esgpull/data/CMIP6/ScenarioMIP/AWI/AWI-CM-1-1-MR/ssp370/r1i1p1f1/Omon/so
Scanning directory: /maps/rt582/cmipper/.esgpull/data/CMIP6/ScenarioMIP/AWI/AWI-CM-1-1-MR/ssp370/r1i1p1f1/Omon/thetao
No .nc files found in /maps/rt582/cmipper/.esgpull/data/CMIP6/ScenarioMIP/AWI/AWI-CM-1-1-MR/ssp370/r1i1p1f1/Omon/thetao
Scanning directory: /maps/rt582/cmipper/.esgpull/data/CMIP6/ScenarioMIP/AWI/AWI-CM-1-1-MR/ssp370/r1i1p1f1/Omon/rsdo
No .nc files found in /maps/rt582/cmipper/.esgpull/data/CMIP6/ScenarioMIP/AWI/AWI-CM-1-1-MR/ssp370/r1i1p1f1/Omon/rsdo
Scanning directory: /maps/rt582/cmipper/.esgpull/data/CMIP6/ScenarioMIP/AWI/AWI-CM-1-1-MR/ssp370/r1i1p1f1/Omon/tos
No .nc files found in /maps/rt582/cmipper/.esgpull/data/CMIP6/ScenarioMIP/AWI/AWI-CM-1-1-MR/ssp370/r1i1p1f1/Omon/tos
Scanning directory: /maps/rt582/cmipper/.esgpull/data/CMIP6/ScenarioMIP/AWI/AWI-CM-1-1-MR/ssp370/r1i1p1f1/Omon/so/gn
No .nc files found in /maps/rt582/cmipper/.esgpull/data/CMIP6/ScenarioMIP/AWI/AWI-CM-1-1-MR/ssp370/r1i1p1f1/Omon/so/gn
Scanning directory: /maps/rt582/cmipper/.esgpull/data/CMIP6/ScenarioMIP/AWI/AWI-CM-1-1-MR/ssp370/r1i1p1f1/Omon/thetao/gn
No .nc files found in /maps/rt582/cmipper/.esgpull/data/CMIP6/ScenarioMIP/AWI/AWI-CM-1-1-MR/ssp370/r1i1p1f1/Omon/thetao/gn
Scanning directory: /maps/rt582/cmipper/.esgpull/data/CMIP6/ScenarioMIP/AWI/AWI-CM-1-1-MR/ssp370/r1i1p1f1/Omon/rsdo/gn
No .nc files found in /maps/rt582/cmipper/.esgpull/data/CMIP6/ScenarioMIP/AWI/AWI-CM-1-1-MR/ssp370/r1i1p1f1/Omon/rsdo/gn
Scanning directory: /maps/rt582/cmipper/.esgpull/data/CMIP6/ScenarioMIP/AWI/AWI-CM-1-1-MR/ssp370/r1i1p1f1/Omon/tos/gn
No .nc files found in /maps/rt582/cmipper/.esgpull/data/CMIP6/ScenarioMIP/AWI/AWI-CM-1-1-MR/ssp370/r1i1p1f1/Omon/tos/gn
Scanning directory: /maps/rt582/cmipper/.esgpull/data/CMIP6/ScenarioMIP/AWI/AWI-CM-1-1-MR/ssp370/r1i1p1f1/Omon/so/gn/v20181218
No .nc files found in /maps/rt582/cmipper/.esgpull/data/CMIP6/ScenarioMIP/AWI/AWI-CM-1-1-MR/ssp370/r1i1p1f1/Omon/so/gn/v20181218
Scanning directory: /maps/rt582/cmipper/.esgpull/data/CMIP6/ScenarioMIP/AWI/AWI-CM-1-1-MR/ssp370/r1i1p1f1/Omon/so/gn/v20181218/remapped
Skipping directory (filepath contains remapped/processed): /maps/rt582/cmipper/.esgpull/data/CMIP6/ScenarioMIP/AWI/AWI-CM-1-1-MR/ssp370/r1i1p1f1/Omon/so/gn/v20181218/remapped
Scanning directory: /maps/rt582/cmipper/.esgpull/data/CMIP6/ScenarioMIP/AWI/AWI-CM-1-1-MR/ssp370/r1i1p1f1/Omon/thetao/gn/v20181218
No .nc files found in /maps/rt582/cmipper/.esgpull/data/CMIP6/ScenarioMIP/AWI/AWI-CM-1-1-MR/ssp370/r1i1p1f1/Omon/thetao/gn/v20181218
Scanning directory: /maps/rt582/cmipper/.esgpull/data/CMIP6/ScenarioMIP/AWI/AWI-CM-1-1-MR/ssp370/r1i1p1f1/Omon/thetao/gn/v20181218/remapped
Skipping directory (filepath contains remapped/processed): /maps/rt582/cmipper/.esgpull/data/CMIP6/ScenarioMIP/AWI/AWI-CM-1-1-MR/ssp370/r1i1p1f1/Omon/thetao/gn/v20181218/remapped
Scanning directory: /maps/rt582/cmipper/.esgpull/data/CMIP6/ScenarioMIP/AWI/AWI-CM-1-1-MR/ssp370/r1i1p1f1/Omon/rsdo/gn/v20181218
No .nc files found in /maps/rt582/cmipper/.esgpull/data/CMIP6/ScenarioMIP/AWI/AWI-CM-1-1-MR/ssp370/r1i1p1f1/Omon/rsdo/gn/v20181218
Scanning directory: /maps/rt582/cmipper/.esgpull/data/CMIP6/ScenarioMIP/AWI/AWI-CM-1-1-MR/ssp370/r1i1p1f1/Omon/rsdo/gn/v20181218/remapped
Skipping directory (filepath contains remapped/processed): /maps/rt582/cmipper/.esgpull/data/CMIP6/ScenarioMIP/AWI/AWI-CM-1-1-MR/ssp370/r1i1p1f1/Omon/rsdo/gn/v20181218/remapped
Scanning directory: /maps/rt582/cmipper/.esgpull/data/CMIP6/ScenarioMIP/AWI/AWI-CM-1-1-MR/ssp370/r1i1p1f1/Omon/tos/gn/v20181218
No .nc files found in /maps/rt582/cmipper/.esgpull/data/CMIP6/ScenarioMIP/AWI/AWI-CM-1-1-MR/ssp370/r1i1p1f1/Omon/tos/gn/v20181218
Scanning directory: /maps/rt582/cmipper/.esgpull/data/CMIP6/ScenarioMIP/AWI/AWI-CM-1-1-MR/ssp370/r1i1p1f1/Omon/tos/gn/v20181218/remapped
Skipping directory (filepath contains remapped/processed): /maps/rt582/cmipper/.esgpull/data/CMIP6/ScenarioMIP/AWI/AWI-CM-1-1-MR/ssp370/r1i1p1f1/Omon/tos/gn/v20181218/remapped
Scanning directory: /maps/rt582/cmipper/.esgpull/data/CMIP6/ScenarioMIP/CSIRO/ACCESS-ESM1-5/ssp585
No .nc files found in /maps/rt582/cmipper/.esgpull/data/CMIP6/ScenarioMIP/CSIRO/ACCESS-ESM1-5/ssp585
Scanning directory: /maps/rt582/cmipper/.esgpull/data/CMIP6/ScenarioMIP/CSIRO/ACCESS-ESM1-5/ssp126
No .nc files found in /maps/rt582/cmipper/.esgpull/data/CMIP6/ScenarioMIP/CSIRO/ACCESS-ESM1-5/ssp126
Scanning directory: /maps/rt582/cmipper/.esgpull/data/CMIP6/ScenarioMIP/CSIRO/ACCESS-ESM1-5/ssp370
No .nc files found in /maps/rt582/cmipper/.esgpull/data/CMIP6/ScenarioMIP/CSIRO/ACCESS-ESM1-5/ssp370
Scanning directory: /maps/rt582/cmipper/.esgpull/data/CMIP6/ScenarioMIP/CSIRO/ACCESS-ESM1-5/ssp245
No .nc files found in /maps/rt582/cmipper/.esgpull/data/CMIP6/ScenarioMIP/CSIRO/ACCESS-ESM1-5/ssp245
Scanning directory: /maps/rt582/cmipper/.esgpull/data/CMIP6/ScenarioMIP/CSIRO/ACCESS-ESM1-5/ssp585/r1i1p1f1
No .nc files found in /maps/rt582/cmipper/.esgpull/data/CMIP6/ScenarioMIP/CSIRO/ACCESS-ESM1-5/ssp585/r1i1p1f1
Scanning directory: /maps/rt582/cmipper/.esgpull/data/CMIP6/ScenarioMIP/CSIRO/ACCESS-ESM1-5/ssp126/r1i1p1f1
No .nc files found in /maps/rt582/cmipper/.esgpull/data/CMIP6/ScenarioMIP/CSIRO/ACCESS-ESM1-5/ssp126/r1i1p1f1
Scanning directory: /maps/rt582/cmipper/.esgpull/data/CMIP6/ScenarioMIP/CSIRO/ACCESS-ESM1-5/ssp370/r1i1p1f1
No .nc files found in /maps/rt582/cmipper/.esgpull/data/CMIP6/ScenarioMIP/CSIRO/ACCESS-ESM1-5/ssp370/r1i1p1f1
Scanning directory: /maps/rt582/cmipper/.esgpull/data/CMIP6/ScenarioMIP/CSIRO/ACCESS-ESM1-5/ssp245/r1i1p1f1
No .nc files found in /maps/rt582/cmipper/.esgpull/data/CMIP6/ScenarioMIP/CSIRO/ACCESS-ESM1-5/ssp245/r1i1p1f1
Scanning directory: /maps/rt582/cmipper/.esgpull/data/CMIP6/ScenarioMIP/CSIRO/ACCESS-ESM1-5/ssp585/r1i1p1f1/Omon
No .nc files found in /maps/rt582/cmipper/.esgpull/data/CMIP6/ScenarioMIP/CSIRO/ACCESS-ESM1-5/ssp585/r1i1p1f1/Omon
Scanning directory: /maps/rt582/cmipper/.esgpull/data/CMIP6/ScenarioMIP/CSIRO/ACCESS-ESM1-5/ssp585/r1i1p1f1/Omon/arag
No .nc files found in /maps/rt582/cmipper/.esgpull/data/CMIP6/ScenarioMIP/CSIRO/ACCESS-ESM1-5/ssp585/r1i1p1f1/Omon/arag
Scanning directory: /maps/rt582/cmipper/.esgpull/data/CMIP6/ScenarioMIP/CSIRO/ACCESS-ESM1-5/ssp585/r1i1p1f1/Omon/po4
No .nc files found in /maps/rt582/cmipper/.esgpull/data/CMIP6/ScenarioMIP/CSIRO/ACCESS-ESM1-5/ssp585/r1i1p1f1/Omon/po4
Scanning directory: /maps/rt582/cmipper/.esgpull/data/CMIP6/ScenarioMIP/CSIRO/ACCESS-ESM1-5/ssp585/r1i1p1f1/Omon/no3
No .nc files found in /maps/rt582/cmipper/.esgpull/data/CMIP6/ScenarioMIP/CSIRO/ACCESS-ESM1-5/ssp585/r1i1p1f1/Omon/no3
Scanning directory: /maps/rt582/cmipper/.esgpull/data/CMIP6/ScenarioMIP/CSIRO/ACCESS-ESM1-5/ssp585/r1i1p1f1/Omon/arag/gn
No .nc files found in /maps/rt582/cmipper/.esgpull/data/CMIP6/ScenarioMIP/CSIRO/ACCESS-ESM1-5/ssp585/r1i1p1f1/Omon/arag/gn
Scanning directory: /maps/rt582/cmipper/.esgpull/data/CMIP6/ScenarioMIP/CSIRO/ACCESS-ESM1-5/ssp585/r1i1p1f1/Omon/po4/gn
No .nc files found in /maps/rt582/cmipper/.esgpull/data/CMIP6/ScenarioMIP/CSIRO/ACCESS-ESM1-5/ssp585/r1i1p1f1/Omon/po4/gn
Scanning directory: /maps/rt582/cmipper/.esgpull/data/CMIP6/ScenarioMIP/CSIRO/ACCESS-ESM1-5/ssp585/r1i1p1f1/Omon/no3/gn
No .nc files found in /maps/rt582/cmipper/.esgpull/data/CMIP6/ScenarioMIP/CSIRO/ACCESS-ESM1-5/ssp585/r1i1p1f1/Omon/no3/gn
Scanning directory: /maps/rt582/cmipper/.esgpull/data/CMIP6/ScenarioMIP/CSIRO/ACCESS-ESM1-5/ssp585/r1i1p1f1/Omon/arag/gn/v20210318
No .nc files found in /maps/rt582/cmipper/.esgpull/data/CMIP6/ScenarioMIP/CSIRO/ACCESS-ESM1-5/ssp585/r1i1p1f1/Omon/arag/gn/v20210318
Scanning directory: /maps/rt582/cmipper/.esgpull/data/CMIP6/ScenarioMIP/CSIRO/ACCESS-ESM1-5/ssp585/r1i1p1f1/Omon/arag/gn/v20210318/remapped
Skipping directory (filepath contains remapped/processed): /maps/rt582/cmipper/.esgpull/data/CMIP6/ScenarioMIP/CSIRO/ACCESS-ESM1-5/ssp585/r1i1p1f1/Omon/arag/gn/v20210318/remapped
Scanning directory: /maps/rt582/cmipper/.esgpull/data/CMIP6/ScenarioMIP/CSIRO/ACCESS-ESM1-5/ssp585/r1i1p1f1/Omon/po4/gn/v20210318
No .nc files found in /maps/rt582/cmipper/.esgpull/data/CMIP6/ScenarioMIP/CSIRO/ACCESS-ESM1-5/ssp585/r1i1p1f1/Omon/po4/gn/v20210318
Scanning directory: /maps/rt582/cmipper/.esgpull/data/CMIP6/ScenarioMIP/CSIRO/ACCESS-ESM1-5/ssp585/r1i1p1f1/Omon/po4/gn/v20210318/remapped
Skipping directory (filepath contains remapped/processed): /maps/rt582/cmipper/.esgpull/data/CMIP6/ScenarioMIP/CSIRO/ACCESS-ESM1-5/ssp585/r1i1p1f1/Omon/po4/gn/v20210318/remapped
Scanning directory: /maps/rt582/cmipper/.esgpull/data/CMIP6/ScenarioMIP/CSIRO/ACCESS-ESM1-5/ssp585/r1i1p1f1/Omon/no3/gn/v20210318
	Remapping 1 files in /maps/rt582/cmipper/.esgpull/data/CMIP6/ScenarioMIP/CSIRO/ACCESS-ESM1-5/ssp585/r1i1p1f1/Omon/no3/gn/v20210318
	Remapping 1 files in /maps/rt582/cmipper/.esgpull/data/CMIP6/ScenarioMIP/CSIRO/ACCESS-ESM1-5/ssp585/r1i1p1f1/Omon/no3/gn/v20210318
/maps/rt582/cmipper/.esgpull/data/CMIP6/ScenarioMIP/CSIRO/ACCESS-ESM1-5/ssp585/r1i1p1f1/Omon/no3/gn/v20210318/remapped/no3_Omon_ACCESS-ESM1-5_ssp585_r1i1p1f1_gn_217101-218012.nc already exists. Skipping...
Scanning directory: /maps/rt582/cmipper/.esgpull/data/CMIP6/ScenarioMIP/CSIRO/ACCESS-ESM1-5/ssp585/r1i1p1f1/Omon/no3/gn/v20210318/remapped
Skipping directory (filepath contains remapped/processed): /maps/rt582/cmipper/.esgpull/data/CMIP6/ScenarioMIP/CSIRO/ACCESS-ESM1-5/ssp585/r1i1p1f1/Omon/no3/gn/v20210318/remapped
Scanning directory: /maps/rt582/cmipper/.esgpull/data/CMIP6/ScenarioMIP/CSIRO/ACCESS-ESM1-5/ssp126/r1i1p1f1/Omon
No .nc files found in /maps/rt582/cmipper/.esgpull/data/CMIP6/ScenarioMIP/CSIRO/ACCESS-ESM1-5/ssp126/r1i1p1f1/Omon
Scanning directory: /maps/rt582/cmipper/.esgpull/data/CMIP6/ScenarioMIP/CSIRO/ACCESS-ESM1-5/ssp126/r1i1p1f1/Omon/po4
No .nc files found in /maps/rt582/cmipper/.esgpull/data/CMIP6/ScenarioMIP/CSIRO/ACCESS-ESM1-5/ssp126/r1i1p1f1/Omon/po4
Scanning directory: /maps/rt582/cmipper/.esgpull/data/CMIP6/ScenarioMIP/CSIRO/ACCESS-ESM1-5/ssp126/r1i1p1f1/Omon/no3
No .nc files found in /maps/rt582/cmipper/.esgpull/data/CMIP6/ScenarioMIP/CSIRO/ACCESS-ESM1-5/ssp126/r1i1p1f1/Omon/no3
Scanning directory: /maps/rt582/cmipper/.esgpull/data/CMIP6/ScenarioMIP/CSIRO/ACCESS-ESM1-5/ssp126/r1i1p1f1/Omon/arag
No .nc files found in /maps/rt582/cmipper/.esgpull/data/CMIP6/ScenarioMIP/CSIRO/ACCESS-ESM1-5/ssp126/r1i1p1f1/Omon/arag
Scanning directory: /maps/rt582/cmipper/.esgpull/data/CMIP6/ScenarioMIP/CSIRO/ACCESS-ESM1-5/ssp126/r1i1p1f1/Omon/po4/gn
No .nc files found in /maps/rt582/cmipper/.esgpull/data/CMIP6/ScenarioMIP/CSIRO/ACCESS-ESM1-5/ssp126/r1i1p1f1/Omon/po4/gn
Scanning directory: /maps/rt582/cmipper/.esgpull/data/CMIP6/ScenarioMIP/CSIRO/ACCESS-ESM1-5/ssp126/r1i1p1f1/Omon/no3/gn
No .nc files found in /maps/rt582/cmipper/.esgpull/data/CMIP6/ScenarioMIP/CSIRO/ACCESS-ESM1-5/ssp126/r1i1p1f1/Omon/no3/gn
Scanning directory: /maps/rt582/cmipper/.esgpull/data/CMIP6/ScenarioMIP/CSIRO/ACCESS-ESM1-5/ssp126/r1i1p1f1/Omon/arag/gn
No .nc files found in /maps/rt582/cmipper/.esgpull/data/CMIP6/ScenarioMIP/CSIRO/ACCESS-ESM1-5/ssp126/r1i1p1f1/Omon/arag/gn
Scanning directory: /maps/rt582/cmipper/.esgpull/data/CMIP6/ScenarioMIP/CSIRO/ACCESS-ESM1-5/ssp126/r1i1p1f1/Omon/po4/gn/v20210318
No .nc files found in /maps/rt582/cmipper/.esgpull/data/CMIP6/ScenarioMIP/CSIRO/ACCESS-ESM1-5/ssp126/r1i1p1f1/Omon/po4/gn/v20210318
Scanning directory: /maps/rt582/cmipper/.esgpull/data/CMIP6/ScenarioMIP/CSIRO/ACCESS-ESM1-5/ssp126/r1i1p1f1/Omon/po4/gn/v20210318/remapped
Skipping directory (filepath contains remapped/processed): /maps/rt582/cmipper/.esgpull/data/CMIP6/ScenarioMIP/CSIRO/ACCESS-ESM1-5/ssp126/r1i1p1f1/Omon/po4/gn/v20210318/remapped
Scanning directory: /maps/rt582/cmipper/.esgpull/data/CMIP6/ScenarioMIP/CSIRO/ACCESS-ESM1-5/ssp126/r1i1p1f1/Omon/no3/gn/v20210318
	Remapping 1 files in /maps/rt582/cmipper/.esgpull/data/CMIP6/ScenarioMIP/CSIRO/ACCESS-ESM1-5/ssp126/r1i1p1f1/Omon/no3/gn/v20210318
	Remapping 1 files in /maps/rt582/cmipper/.esgpull/data/CMIP6/ScenarioMIP/CSIRO/ACCESS-ESM1-5/ssp126/r1i1p1f1/Omon/no3/gn/v20210318
/maps/rt582/cmipper/.esgpull/data/CMIP6/ScenarioMIP/CSIRO/ACCESS-ESM1-5/ssp126/r1i1p1f1/Omon/no3/gn/v20210318/remapped/no3_Omon_ACCESS-ESM1-5_ssp126_r1i1p1f1_gn_220101-221012.nc already exists. Skipping...
Scanning directory: /maps/rt582/cmipper/.esgpull/data/CMIP6/ScenarioMIP/CSIRO/ACCESS-ESM1-5/ssp126/r1i1p1f1/Omon/no3/gn/v20210318/remapped
Skipping directory (filepath contains remapped/processed): /maps/rt582/cmipper/.esgpull/data/CMIP6/ScenarioMIP/CSIRO/ACCESS-ESM1-5/ssp126/r1i1p1f1/Omon/no3/gn/v20210318/remapped
Scanning directory: /maps/rt582/cmipper/.esgpull/data/CMIP6/ScenarioMIP/CSIRO/ACCESS-ESM1-5/ssp126/r1i1p1f1/Omon/arag/gn/v20210318
No .nc files found in /maps/rt582/cmipper/.esgpull/data/CMIP6/ScenarioMIP/CSIRO/ACCESS-ESM1-5/ssp126/r1i1p1f1/Omon/arag/gn/v20210318
Scanning directory: /maps/rt582/cmipper/.esgpull/data/CMIP6/ScenarioMIP/CSIRO/ACCESS-ESM1-5/ssp126/r1i1p1f1/Omon/arag/gn/v20210318/remapped
Skipping directory (filepath contains remapped/processed): /maps/rt582/cmipper/.esgpull/data/CMIP6/ScenarioMIP/CSIRO/ACCESS-ESM1-5/ssp126/r1i1p1f1/Omon/arag/gn/v20210318/remapped
Scanning directory: /maps/rt582/cmipper/.esgpull/data/CMIP6/ScenarioMIP/CSIRO/ACCESS-ESM1-5/ssp370/r1i1p1f1/Omon
No .nc files found in /maps/rt582/cmipper/.esgpull/data/CMIP6/ScenarioMIP/CSIRO/ACCESS-ESM1-5/ssp370/r1i1p1f1/Omon
Scanning directory: /maps/rt582/cmipper/.esgpull/data/CMIP6/ScenarioMIP/CSIRO/ACCESS-ESM1-5/ssp370/r1i1p1f1/Omon/po4
No .nc files found in /maps/rt582/cmipper/.esgpull/data/CMIP6/ScenarioMIP/CSIRO/ACCESS-ESM1-5/ssp370/r1i1p1f1/Omon/po4
Scanning directory: /maps/rt582/cmipper/.esgpull/data/CMIP6/ScenarioMIP/CSIRO/ACCESS-ESM1-5/ssp370/r1i1p1f1/Omon/no3
No .nc files found in /maps/rt582/cmipper/.esgpull/data/CMIP6/ScenarioMIP/CSIRO/ACCESS-ESM1-5/ssp370/r1i1p1f1/Omon/no3
Scanning directory: /maps/rt582/cmipper/.esgpull/data/CMIP6/ScenarioMIP/CSIRO/ACCESS-ESM1-5/ssp370/r1i1p1f1/Omon/arag
No .nc files found in /maps/rt582/cmipper/.esgpull/data/CMIP6/ScenarioMIP/CSIRO/ACCESS-ESM1-5/ssp370/r1i1p1f1/Omon/arag
Scanning directory: /maps/rt582/cmipper/.esgpull/data/CMIP6/ScenarioMIP/CSIRO/ACCESS-ESM1-5/ssp370/r1i1p1f1/Omon/po4/gn
No .nc files found in /maps/rt582/cmipper/.esgpull/data/CMIP6/ScenarioMIP/CSIRO/ACCESS-ESM1-5/ssp370/r1i1p1f1/Omon/po4/gn
Scanning directory: /maps/rt582/cmipper/.esgpull/data/CMIP6/ScenarioMIP/CSIRO/ACCESS-ESM1-5/ssp370/r1i1p1f1/Omon/no3/gn
No .nc files found in /maps/rt582/cmipper/.esgpull/data/CMIP6/ScenarioMIP/CSIRO/ACCESS-ESM1-5/ssp370/r1i1p1f1/Omon/no3/gn
Scanning directory: /maps/rt582/cmipper/.esgpull/data/CMIP6/ScenarioMIP/CSIRO/ACCESS-ESM1-5/ssp370/r1i1p1f1/Omon/arag/gn
No .nc files found in /maps/rt582/cmipper/.esgpull/data/CMIP6/ScenarioMIP/CSIRO/ACCESS-ESM1-5/ssp370/r1i1p1f1/Omon/arag/gn
Scanning directory: /maps/rt582/cmipper/.esgpull/data/CMIP6/ScenarioMIP/CSIRO/ACCESS-ESM1-5/ssp370/r1i1p1f1/Omon/po4/gn/v20191115
No .nc files found in /maps/rt582/cmipper/.esgpull/data/CMIP6/ScenarioMIP/CSIRO/ACCESS-ESM1-5/ssp370/r1i1p1f1/Omon/po4/gn/v20191115
Scanning directory: /maps/rt582/cmipper/.esgpull/data/CMIP6/ScenarioMIP/CSIRO/ACCESS-ESM1-5/ssp370/r1i1p1f1/Omon/po4/gn/v20191115/remapped
Skipping directory (filepath contains remapped/processed): /maps/rt582/cmipper/.esgpull/data/CMIP6/ScenarioMIP/CSIRO/ACCESS-ESM1-5/ssp370/r1i1p1f1/Omon/po4/gn/v20191115/remapped
Scanning directory: /maps/rt582/cmipper/.esgpull/data/CMIP6/ScenarioMIP/CSIRO/ACCESS-ESM1-5/ssp370/r1i1p1f1/Omon/no3/gn/v20191115
No .nc files found in /maps/rt582/cmipper/.esgpull/data/CMIP6/ScenarioMIP/CSIRO/ACCESS-ESM1-5/ssp370/r1i1p1f1/Omon/no3/gn/v20191115
Scanning directory: /maps/rt582/cmipper/.esgpull/data/CMIP6/ScenarioMIP/CSIRO/ACCESS-ESM1-5/ssp370/r1i1p1f1/Omon/no3/gn/v20191115/remapped
Skipping directory (filepath contains remapped/processed): /maps/rt582/cmipper/.esgpull/data/CMIP6/ScenarioMIP/CSIRO/ACCESS-ESM1-5/ssp370/r1i1p1f1/Omon/no3/gn/v20191115/remapped
Scanning directory: /maps/rt582/cmipper/.esgpull/data/CMIP6/ScenarioMIP/CSIRO/ACCESS-ESM1-5/ssp370/r1i1p1f1/Omon/arag/gn/v20191115
No .nc files found in /maps/rt582/cmipper/.esgpull/data/CMIP6/ScenarioMIP/CSIRO/ACCESS-ESM1-5/ssp370/r1i1p1f1/Omon/arag/gn/v20191115
Scanning directory: /maps/rt582/cmipper/.esgpull/data/CMIP6/ScenarioMIP/CSIRO/ACCESS-ESM1-5/ssp370/r1i1p1f1/Omon/arag/gn/v20191115/remapped
Skipping directory (filepath contains remapped/processed): /maps/rt582/cmipper/.esgpull/data/CMIP6/ScenarioMIP/CSIRO/ACCESS-ESM1-5/ssp370/r1i1p1f1/Omon/arag/gn/v20191115/remapped
Scanning directory: /maps/rt582/cmipper/.esgpull/data/CMIP6/ScenarioMIP/CSIRO/ACCESS-ESM1-5/ssp245/r1i1p1f1/Omon
No .nc files found in /maps/rt582/cmipper/.esgpull/data/CMIP6/ScenarioMIP/CSIRO/ACCESS-ESM1-5/ssp245/r1i1p1f1/Omon
Scanning directory: /maps/rt582/cmipper/.esgpull/data/CMIP6/ScenarioMIP/CSIRO/ACCESS-ESM1-5/ssp245/r1i1p1f1/Omon/arag
No .nc files found in /maps/rt582/cmipper/.esgpull/data/CMIP6/ScenarioMIP/CSIRO/ACCESS-ESM1-5/ssp245/r1i1p1f1/Omon/arag
Scanning directory: /maps/rt582/cmipper/.esgpull/data/CMIP6/ScenarioMIP/CSIRO/ACCESS-ESM1-5/ssp245/r1i1p1f1/Omon/po4
No .nc files found in /maps/rt582/cmipper/.esgpull/data/CMIP6/ScenarioMIP/CSIRO/ACCESS-ESM1-5/ssp245/r1i1p1f1/Omon/po4
Scanning directory: /maps/rt582/cmipper/.esgpull/data/CMIP6/ScenarioMIP/CSIRO/ACCESS-ESM1-5/ssp245/r1i1p1f1/Omon/no3
No .nc files found in /maps/rt582/cmipper/.esgpull/data/CMIP6/ScenarioMIP/CSIRO/ACCESS-ESM1-5/ssp245/r1i1p1f1/Omon/no3
Scanning directory: /maps/rt582/cmipper/.esgpull/data/CMIP6/ScenarioMIP/CSIRO/ACCESS-ESM1-5/ssp245/r1i1p1f1/Omon/arag/gn
No .nc files found in /maps/rt582/cmipper/.esgpull/data/CMIP6/ScenarioMIP/CSIRO/ACCESS-ESM1-5/ssp245/r1i1p1f1/Omon/arag/gn
Scanning directory: /maps/rt582/cmipper/.esgpull/data/CMIP6/ScenarioMIP/CSIRO/ACCESS-ESM1-5/ssp245/r1i1p1f1/Omon/po4/gn
No .nc files found in /maps/rt582/cmipper/.esgpull/data/CMIP6/ScenarioMIP/CSIRO/ACCESS-ESM1-5/ssp245/r1i1p1f1/Omon/po4/gn
Scanning directory: /maps/rt582/cmipper/.esgpull/data/CMIP6/ScenarioMIP/CSIRO/ACCESS-ESM1-5/ssp245/r1i1p1f1/Omon/no3/gn
No .nc files found in /maps/rt582/cmipper/.esgpull/data/CMIP6/ScenarioMIP/CSIRO/ACCESS-ESM1-5/ssp245/r1i1p1f1/Omon/no3/gn
Scanning directory: /maps/rt582/cmipper/.esgpull/data/CMIP6/ScenarioMIP/CSIRO/ACCESS-ESM1-5/ssp245/r1i1p1f1/Omon/arag/gn/v20191115
No .nc files found in /maps/rt582/cmipper/.esgpull/data/CMIP6/ScenarioMIP/CSIRO/ACCESS-ESM1-5/ssp245/r1i1p1f1/Omon/arag/gn/v20191115
Scanning directory: /maps/rt582/cmipper/.esgpull/data/CMIP6/ScenarioMIP/CSIRO/ACCESS-ESM1-5/ssp245/r1i1p1f1/Omon/arag/gn/v20191115/remapped
Skipping directory (filepath contains remapped/processed): /maps/rt582/cmipper/.esgpull/data/CMIP6/ScenarioMIP/CSIRO/ACCESS-ESM1-5/ssp245/r1i1p1f1/Omon/arag/gn/v20191115/remapped
Scanning directory: /maps/rt582/cmipper/.esgpull/data/CMIP6/ScenarioMIP/CSIRO/ACCESS-ESM1-5/ssp245/r1i1p1f1/Omon/po4/gn/v20191115
No .nc files found in /maps/rt582/cmipper/.esgpull/data/CMIP6/ScenarioMIP/CSIRO/ACCESS-ESM1-5/ssp245/r1i1p1f1/Omon/po4/gn/v20191115
Scanning directory: /maps/rt582/cmipper/.esgpull/data/CMIP6/ScenarioMIP/CSIRO/ACCESS-ESM1-5/ssp245/r1i1p1f1/Omon/po4/gn/v20191115/remapped
Skipping directory (filepath contains remapped/processed): /maps/rt582/cmipper/.esgpull/data/CMIP6/ScenarioMIP/CSIRO/ACCESS-ESM1-5/ssp245/r1i1p1f1/Omon/po4/gn/v20191115/remapped
Scanning directory: /maps/rt582/cmipper/.esgpull/data/CMIP6/ScenarioMIP/CSIRO/ACCESS-ESM1-5/ssp245/r1i1p1f1/Omon/no3/gn/v20191115
No .nc files found in /maps/rt582/cmipper/.esgpull/data/CMIP6/ScenarioMIP/CSIRO/ACCESS-ESM1-5/ssp245/r1i1p1f1/Omon/no3/gn/v20191115
Scanning directory: /maps/rt582/cmipper/.esgpull/data/CMIP6/ScenarioMIP/CSIRO/ACCESS-ESM1-5/ssp245/r1i1p1f1/Omon/no3/gn/v20191115/remapped
Skipping directory (filepath contains remapped/processed): /maps/rt582/cmipper/.esgpull/data/CMIP6/ScenarioMIP/CSIRO/ACCESS-ESM1-5/ssp245/r1i1p1f1/Omon/no3/gn/v20191115/remapped
Scanning directory: /maps/rt582/cmipper/.esgpull/data/CMIP6
No .nc files found in /maps/rt582/cmipper/.esgpull/data/CMIP6
cdo    remapcon: YAC first order conservative weights from curvilinear (360x300) to lonlat (1440x720) grid, with source mask (69782)
Scanning directory: /maps/rt582/cmipper/.esgpull/data/CMIP6/CMIP
No .nc files found in /maps/rt582/cmipper/.esgpull/data/CMIP6/CMIP
Scanning directory: /maps/rt582/cmipper/.esgpull/data/CMIP6/ScenarioMIP
No .nc files found in /maps/rt582/cmipper/.esgpull/data/CMIP6/ScenarioMIP
Scanning directory: /maps/rt582/cmipper/.esgpull/data/CMIP6/CMIP/CSIRO
No .nc files found in /maps/rt582/cmipper/.esgpull/data/CMIP6/CMIP/CSIRO
Scanning directory: /maps/rt582/cmipper/.esgpull/data/CMIP6/CMIP/AWI
No .nc files found in /maps/rt582/cmipper/.esgpull/data/CMIP6/CMIP/AWI
Scanning directory: /maps/rt582/cmipper/.esgpull/data/CMIP6/ScenarioMIP/AWI
No .nc files found in /maps/rt582/cmipper/.esgpull/data/CMIP6/ScenarioMIP/AWI
Scanning directory: /maps/rt582/cmipper/.esgpull/data/CMIP6/ScenarioMIP/CSIRO
No .nc files found in /maps/rt582/cmipper/.esgpull/data/CMIP6/ScenarioMIP/CSIRO
Scanning directory: /maps/rt582/cmipper/.esgpull/data/CMIP6/CMIP/CSIRO/ACCESS-ESM1-5
No .nc files found in /maps/rt582/cmipper/.esgpull/data/CMIP6/CMIP/CSIRO/ACCESS-ESM1-5
Scanning directory: /maps/rt582/cmipper/.esgpull/data/CMIP6/CMIP/AWI/AWI-CM-1-1-MR
No .nc files found in /maps/rt582/cmipper/.esgpull/data/CMIP6/CMIP/AWI/AWI-CM-1-1-MR
Scanning directory: /maps/rt582/cmipper/.esgpull/data/CMIP6/CMIP/CSIRO/ACCESS-ESM1-5/historical
No .nc files found in /maps/rt582/cmipper/.esgpull/data/CMIP6/CMIP/CSIRO/ACCESS-ESM1-5/historical
Scanning directory: /maps/rt582/cmipper/.esgpull/data/CMIP6/CMIP/CSIRO/ACCESS-ESM1-5/historical/r1i1p1f1
No .nc files found in /maps/rt582/cmipper/.esgpull/data/CMIP6/CMIP/CSIRO/ACCESS-ESM1-5/historical/r1i1p1f1
Scanning directory: /maps/rt582/cmipper/.esgpull/data/CMIP6/CMIP/CSIRO/ACCESS-ESM1-5/historical/r1i1p1f1/Omon
No .nc files found in /maps/rt582/cmipper/.esgpull/data/CMIP6/CMIP/CSIRO/ACCESS-ESM1-5/historical/r1i1p1f1/Omon
Scanning directory: /maps/rt582/cmipper/.esgpull/data/CMIP6/CMIP/CSIRO/ACCESS-ESM1-5/historical/r1i1p1f1/Omon/no3
No .nc files found in /maps/rt582/cmipper/.esgpull/data/CMIP6/CMIP/CSIRO/ACCESS-ESM1-5/historical/r1i1p1f1/Omon/no3
Scanning directory: /maps/rt582/cmipper/.esgpull/data/CMIP6/CMIP/CSIRO/ACCESS-ESM1-5/historical/r1i1p1f1/Omon/po4
No .nc files found in /maps/rt582/cmipper/.esgpull/data/CMIP6/CMIP/CSIRO/ACCESS-ESM1-5/historical/r1i1p1f1/Omon/po4
Scanning directory: /maps/rt582/cmipper/.esgpull/data/CMIP6/CMIP/CSIRO/ACCESS-ESM1-5/historical/r1i1p1f1/Omon/arag
No .nc files found in /maps/rt582/cmipper/.esgpull/data/CMIP6/CMIP/CSIRO/ACCESS-ESM1-5/historical/r1i1p1f1/Omon/arag
Scanning directory: /maps/rt582/cmipper/.esgpull/data/CMIP6/CMIP/CSIRO/ACCESS-ESM1-5/historical/r1i1p1f1/Omon/no3/gn
No .nc files found in /maps/rt582/cmipper/.esgpull/data/CMIP6/CMIP/CSIRO/ACCESS-ESM1-5/historical/r1i1p1f1/Omon/no3/gn
Scanning directory: /maps/rt582/cmipper/.esgpull/data/CMIP6/CMIP/CSIRO/ACCESS-ESM1-5/historical/r1i1p1f1/Omon/po4/gn
No .nc files found in /maps/rt582/cmipper/.esgpull/data/CMIP6/CMIP/CSIRO/ACCESS-ESM1-5/historical/r1i1p1f1/Omon/po4/gn
Scanning directory: /maps/rt582/cmipper/.esgpull/data/CMIP6/CMIP/CSIRO/ACCESS-ESM1-5/historical/r1i1p1f1/Omon/arag/gn
No .nc files found in /maps/rt582/cmipper/.esgpull/data/CMIP6/CMIP/CSIRO/ACCESS-ESM1-5/historical/r1i1p1f1/Omon/arag/gn
Scanning directory: /maps/rt582/cmipper/.esgpull/data/CMIP6/CMIP/CSIRO/ACCESS-ESM1-5/historical/r1i1p1f1/Omon/no3/gn/v20191115
No .nc files found in /maps/rt582/cmipper/.esgpull/data/CMIP6/CMIP/CSIRO/ACCESS-ESM1-5/historical/r1i1p1f1/Omon/no3/gn/v20191115
Scanning directory: /maps/rt582/cmipper/.esgpull/data/CMIP6/CMIP/CSIRO/ACCESS-ESM1-5/historical/r1i1p1f1/Omon/no3/gn/v20191115/remapped
Skipping directory (filepath contains remapped/processed): /maps/rt582/cmipper/.esgpull/data/CMIP6/CMIP/CSIRO/ACCESS-ESM1-5/historical/r1i1p1f1/Omon/no3/gn/v20191115/remapped
Scanning directory: /maps/rt582/cmipper/.esgpull/data/CMIP6/CMIP/CSIRO/ACCESS-ESM1-5/historical/r1i1p1f1/Omon/po4/gn/v20191115
No .nc files found in /maps/rt582/cmipper/.esgpull/data/CMIP6/CMIP/CSIRO/ACCESS-ESM1-5/historical/r1i1p1f1/Omon/po4/gn/v20191115
Scanning directory: /maps/rt582/cmipper/.esgpull/data/CMIP6/CMIP/CSIRO/ACCESS-ESM1-5/historical/r1i1p1f1/Omon/po4/gn/v20191115/remapped
Skipping directory (filepath contains remapped/processed): /maps/rt582/cmipper/.esgpull/data/CMIP6/CMIP/CSIRO/ACCESS-ESM1-5/historical/r1i1p1f1/Omon/po4/gn/v20191115/remapped
Scanning directory: /maps/rt582/cmipper/.esgpull/data/CMIP6/CMIP/CSIRO/ACCESS-ESM1-5/historical/r1i1p1f1/Omon/arag/gn/v20191115
No .nc files found in /maps/rt582/cmipper/.esgpull/data/CMIP6/CMIP/CSIRO/ACCESS-ESM1-5/historical/r1i1p1f1/Omon/arag/gn/v20191115
Scanning directory: /maps/rt582/cmipper/.esgpull/data/CMIP6/CMIP/CSIRO/ACCESS-ESM1-5/historical/r1i1p1f1/Omon/arag/gn/v20191115/remapped
Skipping directory (filepath contains remapped/processed): /maps/rt582/cmipper/.esgpull/data/CMIP6/CMIP/CSIRO/ACCESS-ESM1-5/historical/r1i1p1f1/Omon/arag/gn/v20191115/remapped
Scanning directory: /maps/rt582/cmipper/.esgpull/data/CMIP6/CMIP/AWI/AWI-CM-1-1-MR/historical
No .nc files found in /maps/rt582/cmipper/.esgpull/data/CMIP6/CMIP/AWI/AWI-CM-1-1-MR/historical
Scanning directory: /maps/rt582/cmipper/.esgpull/data/CMIP6/CMIP/AWI/AWI-CM-1-1-MR/historical/r1i1p1f1
No .nc files found in /maps/rt582/cmipper/.esgpull/data/CMIP6/CMIP/AWI/AWI-CM-1-1-MR/historical/r1i1p1f1
Scanning directory: /maps/rt582/cmipper/.esgpull/data/CMIP6/CMIP/AWI/AWI-CM-1-1-MR/historical/r1i1p1f1/Omon
No .nc files found in /maps/rt582/cmipper/.esgpull/data/CMIP6/CMIP/AWI/AWI-CM-1-1-MR/historical/r1i1p1f1/Omon
Scanning directory: /maps/rt582/cmipper/.esgpull/data/CMIP6/CMIP/AWI/AWI-CM-1-1-MR/historical/r1i1p1f1/Omon/so
No .nc files found in /maps/rt582/cmipper/.esgpull/data/CMIP6/CMIP/AWI/AWI-CM-1-1-MR/historical/r1i1p1f1/Omon/so
Scanning directory: /maps/rt582/cmipper/.esgpull/data/CMIP6/CMIP/AWI/AWI-CM-1-1-MR/historical/r1i1p1f1/Omon/thetao
No .nc files found in /maps/rt582/cmipper/.esgpull/data/CMIP6/CMIP/AWI/AWI-CM-1-1-MR/historical/r1i1p1f1/Omon/thetao
Scanning directory: /maps/rt582/cmipper/.esgpull/data/CMIP6/CMIP/AWI/AWI-CM-1-1-MR/historical/r1i1p1f1/Omon/tos
No .nc files found in /maps/rt582/cmipper/.esgpull/data/CMIP6/CMIP/AWI/AWI-CM-1-1-MR/historical/r1i1p1f1/Omon/tos
Scanning directory: /maps/rt582/cmipper/.esgpull/data/CMIP6/CMIP/AWI/AWI-CM-1-1-MR/historical/r1i1p1f1/Omon/rsdo
No .nc files found in /maps/rt582/cmipper/.esgpull/data/CMIP6/CMIP/AWI/AWI-CM-1-1-MR/historical/r1i1p1f1/Omon/rsdo
Scanning directory: /maps/rt582/cmipper/.esgpull/data/CMIP6/CMIP/AWI/AWI-CM-1-1-MR/historical/r1i1p1f1/Omon/so/gn
No .nc files found in /maps/rt582/cmipper/.esgpull/data/CMIP6/CMIP/AWI/AWI-CM-1-1-MR/historical/r1i1p1f1/Omon/so/gn
Scanning directory: /maps/rt582/cmipper/.esgpull/data/CMIP6/CMIP/AWI/AWI-CM-1-1-MR/historical/r1i1p1f1/Omon/thetao/gn
No .nc files found in /maps/rt582/cmipper/.esgpull/data/CMIP6/CMIP/AWI/AWI-CM-1-1-MR/historical/r1i1p1f1/Omon/thetao/gn
Scanning directory: /maps/rt582/cmipper/.esgpull/data/CMIP6/CMIP/AWI/AWI-CM-1-1-MR/historical/r1i1p1f1/Omon/tos/gn
No .nc files found in /maps/rt582/cmipper/.esgpull/data/CMIP6/CMIP/AWI/AWI-CM-1-1-MR/historical/r1i1p1f1/Omon/tos/gn
Scanning directory: /maps/rt582/cmipper/.esgpull/data/CMIP6/CMIP/AWI/AWI-CM-1-1-MR/historical/r1i1p1f1/Omon/rsdo/gn
No .nc files found in /maps/rt582/cmipper/.esgpull/data/CMIP6/CMIP/AWI/AWI-CM-1-1-MR/historical/r1i1p1f1/Omon/rsdo/gn
Scanning directory: /maps/rt582/cmipper/.esgpull/data/CMIP6/CMIP/AWI/AWI-CM-1-1-MR/historical/r1i1p1f1/Omon/so/gn/v20181218
No .nc files found in /maps/rt582/cmipper/.esgpull/data/CMIP6/CMIP/AWI/AWI-CM-1-1-MR/historical/r1i1p1f1/Omon/so/gn/v20181218
Scanning directory: /maps/rt582/cmipper/.esgpull/data/CMIP6/CMIP/AWI/AWI-CM-1-1-MR/historical/r1i1p1f1/Omon/so/gn/v20181218/remapped
Skipping directory (filepath contains remapped/processed): /maps/rt582/cmipper/.esgpull/data/CMIP6/CMIP/AWI/AWI-CM-1-1-MR/historical/r1i1p1f1/Omon/so/gn/v20181218/remapped
Scanning directory: /maps/rt582/cmipper/.esgpull/data/CMIP6/CMIP/AWI/AWI-CM-1-1-MR/historical/r1i1p1f1/Omon/thetao/gn/v20181218
No .nc files found in /maps/rt582/cmipper/.esgpull/data/CMIP6/CMIP/AWI/AWI-CM-1-1-MR/historical/r1i1p1f1/Omon/thetao/gn/v20181218
Scanning directory: /maps/rt582/cmipper/.esgpull/data/CMIP6/CMIP/AWI/AWI-CM-1-1-MR/historical/r1i1p1f1/Omon/thetao/gn/v20181218/remapped
Skipping directory (filepath contains remapped/processed): /maps/rt582/cmipper/.esgpull/data/CMIP6/CMIP/AWI/AWI-CM-1-1-MR/historical/r1i1p1f1/Omon/thetao/gn/v20181218/remapped
Scanning directory: /maps/rt582/cmipper/.esgpull/data/CMIP6/CMIP/AWI/AWI-CM-1-1-MR/historical/r1i1p1f1/Omon/tos/gn/v20181218
No .nc files found in /maps/rt582/cmipper/.esgpull/data/CMIP6/CMIP/AWI/AWI-CM-1-1-MR/historical/r1i1p1f1/Omon/tos/gn/v20181218
Scanning directory: /maps/rt582/cmipper/.esgpull/data/CMIP6/CMIP/AWI/AWI-CM-1-1-MR/historical/r1i1p1f1/Omon/tos/gn/v20181218/remapped
Skipping directory (filepath contains remapped/processed): /maps/rt582/cmipper/.esgpull/data/CMIP6/CMIP/AWI/AWI-CM-1-1-MR/historical/r1i1p1f1/Omon/tos/gn/v20181218/remapped
Scanning directory: /maps/rt582/cmipper/.esgpull/data/CMIP6/CMIP/AWI/AWI-CM-1-1-MR/historical/r1i1p1f1/Omon/rsdo/gn/v20181218
No .nc files found in /maps/rt582/cmipper/.esgpull/data/CMIP6/CMIP/AWI/AWI-CM-1-1-MR/historical/r1i1p1f1/Omon/rsdo/gn/v20181218
Scanning directory: /maps/rt582/cmipper/.esgpull/data/CMIP6/CMIP/AWI/AWI-CM-1-1-MR/historical/r1i1p1f1/Omon/rsdo/gn/v20181218/remapped
Skipping directory (filepath contains remapped/processed): /maps/rt582/cmipper/.esgpull/data/CMIP6/CMIP/AWI/AWI-CM-1-1-MR/historical/r1i1p1f1/Omon/rsdo/gn/v20181218/remapped
Scanning directory: /maps/rt582/cmipper/.esgpull/data/CMIP6/ScenarioMIP/AWI/AWI-CM-1-1-MR
No .nc files found in /maps/rt582/cmipper/.esgpull/data/CMIP6/ScenarioMIP/AWI/AWI-CM-1-1-MR
Scanning directory: /maps/rt582/cmipper/.esgpull/data/CMIP6/ScenarioMIP/CSIRO/ACCESS-ESM1-5
No .nc files found in /maps/rt582/cmipper/.esgpull/data/CMIP6/ScenarioMIP/CSIRO/ACCESS-ESM1-5
Scanning directory: /maps/rt582/cmipper/.esgpull/data/CMIP6/ScenarioMIP/AWI/AWI-CM-1-1-MR/ssp126
No .nc files found in /maps/rt582/cmipper/.esgpull/data/CMIP6/ScenarioMIP/AWI/AWI-CM-1-1-MR/ssp126
Scanning directory: /maps/rt582/cmipper/.esgpull/data/CMIP6/ScenarioMIP/AWI/AWI-CM-1-1-MR/ssp585
No .nc files found in /maps/rt582/cmipper/.esgpull/data/CMIP6/ScenarioMIP/AWI/AWI-CM-1-1-MR/ssp585
Scanning directory: /maps/rt582/cmipper/.esgpull/data/CMIP6/ScenarioMIP/AWI/AWI-CM-1-1-MR/ssp245
No .nc files found in /maps/rt582/cmipper/.esgpull/data/CMIP6/ScenarioMIP/AWI/AWI-CM-1-1-MR/ssp245
Scanning directory: /maps/rt582/cmipper/.esgpull/data/CMIP6/ScenarioMIP/AWI/AWI-CM-1-1-MR/ssp370
No .nc files found in /maps/rt582/cmipper/.esgpull/data/CMIP6/ScenarioMIP/AWI/AWI-CM-1-1-MR/ssp370
Scanning directory: /maps/rt582/cmipper/.esgpull/data/CMIP6/ScenarioMIP/AWI/AWI-CM-1-1-MR/ssp126/r1i1p1f1
No .nc files found in /maps/rt582/cmipper/.esgpull/data/CMIP6/ScenarioMIP/AWI/AWI-CM-1-1-MR/ssp126/r1i1p1f1
Scanning directory: /maps/rt582/cmipper/.esgpull/data/CMIP6/ScenarioMIP/AWI/AWI-CM-1-1-MR/ssp585/r1i1p1f1
No .nc files found in /maps/rt582/cmipper/.esgpull/data/CMIP6/ScenarioMIP/AWI/AWI-CM-1-1-MR/ssp585/r1i1p1f1
Scanning directory: /maps/rt582/cmipper/.esgpull/data/CMIP6/ScenarioMIP/AWI/AWI-CM-1-1-MR/ssp245/r1i1p1f1
No .nc files found in /maps/rt582/cmipper/.esgpull/data/CMIP6/ScenarioMIP/AWI/AWI-CM-1-1-MR/ssp245/r1i1p1f1
Scanning directory: /maps/rt582/cmipper/.esgpull/data/CMIP6/ScenarioMIP/AWI/AWI-CM-1-1-MR/ssp370/r1i1p1f1
No .nc files found in /maps/rt582/cmipper/.esgpull/data/CMIP6/ScenarioMIP/AWI/AWI-CM-1-1-MR/ssp370/r1i1p1f1
Scanning directory: /maps/rt582/cmipper/.esgpull/data/CMIP6/ScenarioMIP/AWI/AWI-CM-1-1-MR/ssp126/r1i1p1f1/Omon
No .nc files found in /maps/rt582/cmipper/.esgpull/data/CMIP6/ScenarioMIP/AWI/AWI-CM-1-1-MR/ssp126/r1i1p1f1/Omon
Scanning directory: /maps/rt582/cmipper/.esgpull/data/CMIP6/ScenarioMIP/AWI/AWI-CM-1-1-MR/ssp126/r1i1p1f1/Omon/so
No .nc files found in /maps/rt582/cmipper/.esgpull/data/CMIP6/ScenarioMIP/AWI/AWI-CM-1-1-MR/ssp126/r1i1p1f1/Omon/so
Scanning directory: /maps/rt582/cmipper/.esgpull/data/CMIP6/ScenarioMIP/AWI/AWI-CM-1-1-MR/ssp126/r1i1p1f1/Omon/rsdo
No .nc files found in /maps/rt582/cmipper/.esgpull/data/CMIP6/ScenarioMIP/AWI/AWI-CM-1-1-MR/ssp126/r1i1p1f1/Omon/rsdo
Scanning directory: /maps/rt582/cmipper/.esgpull/data/CMIP6/ScenarioMIP/AWI/AWI-CM-1-1-MR/ssp126/r1i1p1f1/Omon/tos
No .nc files found in /maps/rt582/cmipper/.esgpull/data/CMIP6/ScenarioMIP/AWI/AWI-CM-1-1-MR/ssp126/r1i1p1f1/Omon/tos
Scanning directory: /maps/rt582/cmipper/.esgpull/data/CMIP6/ScenarioMIP/AWI/AWI-CM-1-1-MR/ssp126/r1i1p1f1/Omon/so/gn
No .nc files found in /maps/rt582/cmipper/.esgpull/data/CMIP6/ScenarioMIP/AWI/AWI-CM-1-1-MR/ssp126/r1i1p1f1/Omon/so/gn
Scanning directory: /maps/rt582/cmipper/.esgpull/data/CMIP6/ScenarioMIP/AWI/AWI-CM-1-1-MR/ssp126/r1i1p1f1/Omon/rsdo/gn
No .nc files found in /maps/rt582/cmipper/.esgpull/data/CMIP6/ScenarioMIP/AWI/AWI-CM-1-1-MR/ssp126/r1i1p1f1/Omon/rsdo/gn
Scanning directory: /maps/rt582/cmipper/.esgpull/data/CMIP6/ScenarioMIP/AWI/AWI-CM-1-1-MR/ssp126/r1i1p1f1/Omon/tos/gn
No .nc files found in /maps/rt582/cmipper/.esgpull/data/CMIP6/ScenarioMIP/AWI/AWI-CM-1-1-MR/ssp126/r1i1p1f1/Omon/tos/gn
Scanning directory: /maps/rt582/cmipper/.esgpull/data/CMIP6/ScenarioMIP/AWI/AWI-CM-1-1-MR/ssp126/r1i1p1f1/Omon/so/gn/v20181218
No .nc files found in /maps/rt582/cmipper/.esgpull/data/CMIP6/ScenarioMIP/AWI/AWI-CM-1-1-MR/ssp126/r1i1p1f1/Omon/so/gn/v20181218
Scanning directory: /maps/rt582/cmipper/.esgpull/data/CMIP6/ScenarioMIP/AWI/AWI-CM-1-1-MR/ssp126/r1i1p1f1/Omon/so/gn/v20181218/remapped
Skipping directory (filepath contains remapped/processed): /maps/rt582/cmipper/.esgpull/data/CMIP6/ScenarioMIP/AWI/AWI-CM-1-1-MR/ssp126/r1i1p1f1/Omon/so/gn/v20181218/remapped
Scanning directory: /maps/rt582/cmipper/.esgpull/data/CMIP6/ScenarioMIP/AWI/AWI-CM-1-1-MR/ssp126/r1i1p1f1/Omon/rsdo/gn/v20181218
No .nc files found in /maps/rt582/cmipper/.esgpull/data/CMIP6/ScenarioMIP/AWI/AWI-CM-1-1-MR/ssp126/r1i1p1f1/Omon/rsdo/gn/v20181218
Scanning directory: /maps/rt582/cmipper/.esgpull/data/CMIP6/ScenarioMIP/AWI/AWI-CM-1-1-MR/ssp126/r1i1p1f1/Omon/rsdo/gn/v20181218/remapped
Skipping directory (filepath contains remapped/processed): /maps/rt582/cmipper/.esgpull/data/CMIP6/ScenarioMIP/AWI/AWI-CM-1-1-MR/ssp126/r1i1p1f1/Omon/rsdo/gn/v20181218/remapped
Scanning directory: /maps/rt582/cmipper/.esgpull/data/CMIP6/ScenarioMIP/AWI/AWI-CM-1-1-MR/ssp126/r1i1p1f1/Omon/tos/gn/v20181218
No .nc files found in /maps/rt582/cmipper/.esgpull/data/CMIP6/ScenarioMIP/AWI/AWI-CM-1-1-MR/ssp126/r1i1p1f1/Omon/tos/gn/v20181218
Scanning directory: /maps/rt582/cmipper/.esgpull/data/CMIP6/ScenarioMIP/AWI/AWI-CM-1-1-MR/ssp126/r1i1p1f1/Omon/tos/gn/v20181218/remapped
Skipping directory (filepath contains remapped/processed): /maps/rt582/cmipper/.esgpull/data/CMIP6/ScenarioMIP/AWI/AWI-CM-1-1-MR/ssp126/r1i1p1f1/Omon/tos/gn/v20181218/remapped
Scanning directory: /maps/rt582/cmipper/.esgpull/data/CMIP6/ScenarioMIP/AWI/AWI-CM-1-1-MR/ssp585/r1i1p1f1/Omon
No .nc files found in /maps/rt582/cmipper/.esgpull/data/CMIP6/ScenarioMIP/AWI/AWI-CM-1-1-MR/ssp585/r1i1p1f1/Omon
Scanning directory: /maps/rt582/cmipper/.esgpull/data/CMIP6/ScenarioMIP/AWI/AWI-CM-1-1-MR/ssp585/r1i1p1f1/Omon/so
No .nc files found in /maps/rt582/cmipper/.esgpull/data/CMIP6/ScenarioMIP/AWI/AWI-CM-1-1-MR/ssp585/r1i1p1f1/Omon/so
Scanning directory: /maps/rt582/cmipper/.esgpull/data/CMIP6/ScenarioMIP/AWI/AWI-CM-1-1-MR/ssp585/r1i1p1f1/Omon/rsdo
No .nc files found in /maps/rt582/cmipper/.esgpull/data/CMIP6/ScenarioMIP/AWI/AWI-CM-1-1-MR/ssp585/r1i1p1f1/Omon/rsdo
Scanning directory: /maps/rt582/cmipper/.esgpull/data/CMIP6/ScenarioMIP/AWI/AWI-CM-1-1-MR/ssp585/r1i1p1f1/Omon/thetao
No .nc files found in /maps/rt582/cmipper/.esgpull/data/CMIP6/ScenarioMIP/AWI/AWI-CM-1-1-MR/ssp585/r1i1p1f1/Omon/thetao
Scanning directory: /maps/rt582/cmipper/.esgpull/data/CMIP6/ScenarioMIP/AWI/AWI-CM-1-1-MR/ssp585/r1i1p1f1/Omon/tos
No .nc files found in /maps/rt582/cmipper/.esgpull/data/CMIP6/ScenarioMIP/AWI/AWI-CM-1-1-MR/ssp585/r1i1p1f1/Omon/tos
Scanning directory: /maps/rt582/cmipper/.esgpull/data/CMIP6/ScenarioMIP/AWI/AWI-CM-1-1-MR/ssp585/r1i1p1f1/Omon/so/gn
No .nc files found in /maps/rt582/cmipper/.esgpull/data/CMIP6/ScenarioMIP/AWI/AWI-CM-1-1-MR/ssp585/r1i1p1f1/Omon/so/gn
Scanning directory: /maps/rt582/cmipper/.esgpull/data/CMIP6/ScenarioMIP/AWI/AWI-CM-1-1-MR/ssp585/r1i1p1f1/Omon/rsdo/gn
No .nc files found in /maps/rt582/cmipper/.esgpull/data/CMIP6/ScenarioMIP/AWI/AWI-CM-1-1-MR/ssp585/r1i1p1f1/Omon/rsdo/gn
Scanning directory: /maps/rt582/cmipper/.esgpull/data/CMIP6/ScenarioMIP/AWI/AWI-CM-1-1-MR/ssp585/r1i1p1f1/Omon/thetao/gn
No .nc files found in /maps/rt582/cmipper/.esgpull/data/CMIP6/ScenarioMIP/AWI/AWI-CM-1-1-MR/ssp585/r1i1p1f1/Omon/thetao/gn
Scanning directory: /maps/rt582/cmipper/.esgpull/data/CMIP6/ScenarioMIP/AWI/AWI-CM-1-1-MR/ssp585/r1i1p1f1/Omon/tos/gn
No .nc files found in /maps/rt582/cmipper/.esgpull/data/CMIP6/ScenarioMIP/AWI/AWI-CM-1-1-MR/ssp585/r1i1p1f1/Omon/tos/gn
Scanning directory: /maps/rt582/cmipper/.esgpull/data/CMIP6/ScenarioMIP/AWI/AWI-CM-1-1-MR/ssp585/r1i1p1f1/Omon/so/gn/v20181218
No .nc files found in /maps/rt582/cmipper/.esgpull/data/CMIP6/ScenarioMIP/AWI/AWI-CM-1-1-MR/ssp585/r1i1p1f1/Omon/so/gn/v20181218
Scanning directory: /maps/rt582/cmipper/.esgpull/data/CMIP6/ScenarioMIP/AWI/AWI-CM-1-1-MR/ssp585/r1i1p1f1/Omon/so/gn/v20181218/remapped
Skipping directory (filepath contains remapped/processed): /maps/rt582/cmipper/.esgpull/data/CMIP6/ScenarioMIP/AWI/AWI-CM-1-1-MR/ssp585/r1i1p1f1/Omon/so/gn/v20181218/remapped
Scanning directory: /maps/rt582/cmipper/.esgpull/data/CMIP6/ScenarioMIP/AWI/AWI-CM-1-1-MR/ssp585/r1i1p1f1/Omon/rsdo/gn/v20181218
No .nc files found in /maps/rt582/cmipper/.esgpull/data/CMIP6/ScenarioMIP/AWI/AWI-CM-1-1-MR/ssp585/r1i1p1f1/Omon/rsdo/gn/v20181218
Scanning directory: /maps/rt582/cmipper/.esgpull/data/CMIP6/ScenarioMIP/AWI/AWI-CM-1-1-MR/ssp585/r1i1p1f1/Omon/rsdo/gn/v20181218/remapped
Skipping directory (filepath contains remapped/processed): /maps/rt582/cmipper/.esgpull/data/CMIP6/ScenarioMIP/AWI/AWI-CM-1-1-MR/ssp585/r1i1p1f1/Omon/rsdo/gn/v20181218/remapped
Scanning directory: /maps/rt582/cmipper/.esgpull/data/CMIP6/ScenarioMIP/AWI/AWI-CM-1-1-MR/ssp585/r1i1p1f1/Omon/thetao/gn/v20181218
No .nc files found in /maps/rt582/cmipper/.esgpull/data/CMIP6/ScenarioMIP/AWI/AWI-CM-1-1-MR/ssp585/r1i1p1f1/Omon/thetao/gn/v20181218
Scanning directory: /maps/rt582/cmipper/.esgpull/data/CMIP6/ScenarioMIP/AWI/AWI-CM-1-1-MR/ssp585/r1i1p1f1/Omon/thetao/gn/v20181218/remapped
Skipping directory (filepath contains remapped/processed): /maps/rt582/cmipper/.esgpull/data/CMIP6/ScenarioMIP/AWI/AWI-CM-1-1-MR/ssp585/r1i1p1f1/Omon/thetao/gn/v20181218/remapped
Scanning directory: /maps/rt582/cmipper/.esgpull/data/CMIP6/ScenarioMIP/AWI/AWI-CM-1-1-MR/ssp585/r1i1p1f1/Omon/tos/gn/v20181218
No .nc files found in /maps/rt582/cmipper/.esgpull/data/CMIP6/ScenarioMIP/AWI/AWI-CM-1-1-MR/ssp585/r1i1p1f1/Omon/tos/gn/v20181218
Scanning directory: /maps/rt582/cmipper/.esgpull/data/CMIP6/ScenarioMIP/AWI/AWI-CM-1-1-MR/ssp585/r1i1p1f1/Omon/tos/gn/v20181218/remapped
Skipping directory (filepath contains remapped/processed): /maps/rt582/cmipper/.esgpull/data/CMIP6/ScenarioMIP/AWI/AWI-CM-1-1-MR/ssp585/r1i1p1f1/Omon/tos/gn/v20181218/remapped
Scanning directory: /maps/rt582/cmipper/.esgpull/data/CMIP6/ScenarioMIP/AWI/AWI-CM-1-1-MR/ssp245/r1i1p1f1/Omon
No .nc files found in /maps/rt582/cmipper/.esgpull/data/CMIP6/ScenarioMIP/AWI/AWI-CM-1-1-MR/ssp245/r1i1p1f1/Omon
Scanning directory: /maps/rt582/cmipper/.esgpull/data/CMIP6/ScenarioMIP/AWI/AWI-CM-1-1-MR/ssp245/r1i1p1f1/Omon/tos
No .nc files found in /maps/rt582/cmipper/.esgpull/data/CMIP6/ScenarioMIP/AWI/AWI-CM-1-1-MR/ssp245/r1i1p1f1/Omon/tos
Scanning directory: /maps/rt582/cmipper/.esgpull/data/CMIP6/ScenarioMIP/AWI/AWI-CM-1-1-MR/ssp245/r1i1p1f1/Omon/rsdo
No .nc files found in /maps/rt582/cmipper/.esgpull/data/CMIP6/ScenarioMIP/AWI/AWI-CM-1-1-MR/ssp245/r1i1p1f1/Omon/rsdo
Scanning directory: /maps/rt582/cmipper/.esgpull/data/CMIP6/ScenarioMIP/AWI/AWI-CM-1-1-MR/ssp245/r1i1p1f1/Omon/so
No .nc files found in /maps/rt582/cmipper/.esgpull/data/CMIP6/ScenarioMIP/AWI/AWI-CM-1-1-MR/ssp245/r1i1p1f1/Omon/so
Scanning directory: /maps/rt582/cmipper/.esgpull/data/CMIP6/ScenarioMIP/AWI/AWI-CM-1-1-MR/ssp245/r1i1p1f1/Omon/tos/gn
No .nc files found in /maps/rt582/cmipper/.esgpull/data/CMIP6/ScenarioMIP/AWI/AWI-CM-1-1-MR/ssp245/r1i1p1f1/Omon/tos/gn
Scanning directory: /maps/rt582/cmipper/.esgpull/data/CMIP6/ScenarioMIP/AWI/AWI-CM-1-1-MR/ssp245/r1i1p1f1/Omon/rsdo/gn
No .nc files found in /maps/rt582/cmipper/.esgpull/data/CMIP6/ScenarioMIP/AWI/AWI-CM-1-1-MR/ssp245/r1i1p1f1/Omon/rsdo/gn
Scanning directory: /maps/rt582/cmipper/.esgpull/data/CMIP6/ScenarioMIP/AWI/AWI-CM-1-1-MR/ssp245/r1i1p1f1/Omon/so/gn
No .nc files found in /maps/rt582/cmipper/.esgpull/data/CMIP6/ScenarioMIP/AWI/AWI-CM-1-1-MR/ssp245/r1i1p1f1/Omon/so/gn
Scanning directory: /maps/rt582/cmipper/.esgpull/data/CMIP6/ScenarioMIP/AWI/AWI-CM-1-1-MR/ssp245/r1i1p1f1/Omon/tos/gn/v20181218
No .nc files found in /maps/rt582/cmipper/.esgpull/data/CMIP6/ScenarioMIP/AWI/AWI-CM-1-1-MR/ssp245/r1i1p1f1/Omon/tos/gn/v20181218
Scanning directory: /maps/rt582/cmipper/.esgpull/data/CMIP6/ScenarioMIP/AWI/AWI-CM-1-1-MR/ssp245/r1i1p1f1/Omon/tos/gn/v20181218/remapped
Skipping directory (filepath contains remapped/processed): /maps/rt582/cmipper/.esgpull/data/CMIP6/ScenarioMIP/AWI/AWI-CM-1-1-MR/ssp245/r1i1p1f1/Omon/tos/gn/v20181218/remapped
Scanning directory: /maps/rt582/cmipper/.esgpull/data/CMIP6/ScenarioMIP/AWI/AWI-CM-1-1-MR/ssp245/r1i1p1f1/Omon/rsdo/gn/v20181218
No .nc files found in /maps/rt582/cmipper/.esgpull/data/CMIP6/ScenarioMIP/AWI/AWI-CM-1-1-MR/ssp245/r1i1p1f1/Omon/rsdo/gn/v20181218
Scanning directory: /maps/rt582/cmipper/.esgpull/data/CMIP6/ScenarioMIP/AWI/AWI-CM-1-1-MR/ssp245/r1i1p1f1/Omon/rsdo/gn/v20181218/remapped
Skipping directory (filepath contains remapped/processed): /maps/rt582/cmipper/.esgpull/data/CMIP6/ScenarioMIP/AWI/AWI-CM-1-1-MR/ssp245/r1i1p1f1/Omon/rsdo/gn/v20181218/remapped
Scanning directory: /maps/rt582/cmipper/.esgpull/data/CMIP6/ScenarioMIP/AWI/AWI-CM-1-1-MR/ssp245/r1i1p1f1/Omon/so/gn/v20181218
No .nc files found in /maps/rt582/cmipper/.esgpull/data/CMIP6/ScenarioMIP/AWI/AWI-CM-1-1-MR/ssp245/r1i1p1f1/Omon/so/gn/v20181218
Scanning directory: /maps/rt582/cmipper/.esgpull/data/CMIP6/ScenarioMIP/AWI/AWI-CM-1-1-MR/ssp245/r1i1p1f1/Omon/so/gn/v20181218/remapped
Skipping directory (filepath contains remapped/processed): /maps/rt582/cmipper/.esgpull/data/CMIP6/ScenarioMIP/AWI/AWI-CM-1-1-MR/ssp245/r1i1p1f1/Omon/so/gn/v20181218/remapped
Scanning directory: /maps/rt582/cmipper/.esgpull/data/CMIP6/ScenarioMIP/AWI/AWI-CM-1-1-MR/ssp370/r1i1p1f1/Omon
No .nc files found in /maps/rt582/cmipper/.esgpull/data/CMIP6/ScenarioMIP/AWI/AWI-CM-1-1-MR/ssp370/r1i1p1f1/Omon
Scanning directory: /maps/rt582/cmipper/.esgpull/data/CMIP6/ScenarioMIP/AWI/AWI-CM-1-1-MR/ssp370/r1i1p1f1/Omon/so
No .nc files found in /maps/rt582/cmipper/.esgpull/data/CMIP6/ScenarioMIP/AWI/AWI-CM-1-1-MR/ssp370/r1i1p1f1/Omon/so
Scanning directory: /maps/rt582/cmipper/.esgpull/data/CMIP6/ScenarioMIP/AWI/AWI-CM-1-1-MR/ssp370/r1i1p1f1/Omon/thetao
No .nc files found in /maps/rt582/cmipper/.esgpull/data/CMIP6/ScenarioMIP/AWI/AWI-CM-1-1-MR/ssp370/r1i1p1f1/Omon/thetao
Scanning directory: /maps/rt582/cmipper/.esgpull/data/CMIP6/ScenarioMIP/AWI/AWI-CM-1-1-MR/ssp370/r1i1p1f1/Omon/rsdo
No .nc files found in /maps/rt582/cmipper/.esgpull/data/CMIP6/ScenarioMIP/AWI/AWI-CM-1-1-MR/ssp370/r1i1p1f1/Omon/rsdo
Scanning directory: /maps/rt582/cmipper/.esgpull/data/CMIP6/ScenarioMIP/AWI/AWI-CM-1-1-MR/ssp370/r1i1p1f1/Omon/tos
No .nc files found in /maps/rt582/cmipper/.esgpull/data/CMIP6/ScenarioMIP/AWI/AWI-CM-1-1-MR/ssp370/r1i1p1f1/Omon/tos
Scanning directory: /maps/rt582/cmipper/.esgpull/data/CMIP6/ScenarioMIP/AWI/AWI-CM-1-1-MR/ssp370/r1i1p1f1/Omon/so/gn
No .nc files found in /maps/rt582/cmipper/.esgpull/data/CMIP6/ScenarioMIP/AWI/AWI-CM-1-1-MR/ssp370/r1i1p1f1/Omon/so/gn
Scanning directory: /maps/rt582/cmipper/.esgpull/data/CMIP6/ScenarioMIP/AWI/AWI-CM-1-1-MR/ssp370/r1i1p1f1/Omon/thetao/gn
No .nc files found in /maps/rt582/cmipper/.esgpull/data/CMIP6/ScenarioMIP/AWI/AWI-CM-1-1-MR/ssp370/r1i1p1f1/Omon/thetao/gn
Scanning directory: /maps/rt582/cmipper/.esgpull/data/CMIP6/ScenarioMIP/AWI/AWI-CM-1-1-MR/ssp370/r1i1p1f1/Omon/rsdo/gn
No .nc files found in /maps/rt582/cmipper/.esgpull/data/CMIP6/ScenarioMIP/AWI/AWI-CM-1-1-MR/ssp370/r1i1p1f1/Omon/rsdo/gn
Scanning directory: /maps/rt582/cmipper/.esgpull/data/CMIP6/ScenarioMIP/AWI/AWI-CM-1-1-MR/ssp370/r1i1p1f1/Omon/tos/gn
No .nc files found in /maps/rt582/cmipper/.esgpull/data/CMIP6/ScenarioMIP/AWI/AWI-CM-1-1-MR/ssp370/r1i1p1f1/Omon/tos/gn
Scanning directory: /maps/rt582/cmipper/.esgpull/data/CMIP6/ScenarioMIP/AWI/AWI-CM-1-1-MR/ssp370/r1i1p1f1/Omon/so/gn/v20181218
No .nc files found in /maps/rt582/cmipper/.esgpull/data/CMIP6/ScenarioMIP/AWI/AWI-CM-1-1-MR/ssp370/r1i1p1f1/Omon/so/gn/v20181218
Scanning directory: /maps/rt582/cmipper/.esgpull/data/CMIP6/ScenarioMIP/AWI/AWI-CM-1-1-MR/ssp370/r1i1p1f1/Omon/so/gn/v20181218/remapped
Skipping directory (filepath contains remapped/processed): /maps/rt582/cmipper/.esgpull/data/CMIP6/ScenarioMIP/AWI/AWI-CM-1-1-MR/ssp370/r1i1p1f1/Omon/so/gn/v20181218/remapped
Scanning directory: /maps/rt582/cmipper/.esgpull/data/CMIP6/ScenarioMIP/AWI/AWI-CM-1-1-MR/ssp370/r1i1p1f1/Omon/thetao/gn/v20181218
No .nc files found in /maps/rt582/cmipper/.esgpull/data/CMIP6/ScenarioMIP/AWI/AWI-CM-1-1-MR/ssp370/r1i1p1f1/Omon/thetao/gn/v20181218
Scanning directory: /maps/rt582/cmipper/.esgpull/data/CMIP6/ScenarioMIP/AWI/AWI-CM-1-1-MR/ssp370/r1i1p1f1/Omon/thetao/gn/v20181218/remapped
Skipping directory (filepath contains remapped/processed): /maps/rt582/cmipper/.esgpull/data/CMIP6/ScenarioMIP/AWI/AWI-CM-1-1-MR/ssp370/r1i1p1f1/Omon/thetao/gn/v20181218/remapped
Scanning directory: /maps/rt582/cmipper/.esgpull/data/CMIP6/ScenarioMIP/AWI/AWI-CM-1-1-MR/ssp370/r1i1p1f1/Omon/rsdo/gn/v20181218
No .nc files found in /maps/rt582/cmipper/.esgpull/data/CMIP6/ScenarioMIP/AWI/AWI-CM-1-1-MR/ssp370/r1i1p1f1/Omon/rsdo/gn/v20181218
Scanning directory: /maps/rt582/cmipper/.esgpull/data/CMIP6/ScenarioMIP/AWI/AWI-CM-1-1-MR/ssp370/r1i1p1f1/Omon/rsdo/gn/v20181218/remapped
Skipping directory (filepath contains remapped/processed): /maps/rt582/cmipper/.esgpull/data/CMIP6/ScenarioMIP/AWI/AWI-CM-1-1-MR/ssp370/r1i1p1f1/Omon/rsdo/gn/v20181218/remapped
Scanning directory: /maps/rt582/cmipper/.esgpull/data/CMIP6/ScenarioMIP/AWI/AWI-CM-1-1-MR/ssp370/r1i1p1f1/Omon/tos/gn/v20181218
No .nc files found in /maps/rt582/cmipper/.esgpull/data/CMIP6/ScenarioMIP/AWI/AWI-CM-1-1-MR/ssp370/r1i1p1f1/Omon/tos/gn/v20181218
Scanning directory: /maps/rt582/cmipper/.esgpull/data/CMIP6/ScenarioMIP/AWI/AWI-CM-1-1-MR/ssp370/r1i1p1f1/Omon/tos/gn/v20181218/remapped
Skipping directory (filepath contains remapped/processed): /maps/rt582/cmipper/.esgpull/data/CMIP6/ScenarioMIP/AWI/AWI-CM-1-1-MR/ssp370/r1i1p1f1/Omon/tos/gn/v20181218/remapped
Scanning directory: /maps/rt582/cmipper/.esgpull/data/CMIP6/ScenarioMIP/CSIRO/ACCESS-ESM1-5/ssp585
No .nc files found in /maps/rt582/cmipper/.esgpull/data/CMIP6/ScenarioMIP/CSIRO/ACCESS-ESM1-5/ssp585
Scanning directory: /maps/rt582/cmipper/.esgpull/data/CMIP6/ScenarioMIP/CSIRO/ACCESS-ESM1-5/ssp126
No .nc files found in /maps/rt582/cmipper/.esgpull/data/CMIP6/ScenarioMIP/CSIRO/ACCESS-ESM1-5/ssp126
Scanning directory: /maps/rt582/cmipper/.esgpull/data/CMIP6/ScenarioMIP/CSIRO/ACCESS-ESM1-5/ssp370
No .nc files found in /maps/rt582/cmipper/.esgpull/data/CMIP6/ScenarioMIP/CSIRO/ACCESS-ESM1-5/ssp370
Scanning directory: /maps/rt582/cmipper/.esgpull/data/CMIP6/ScenarioMIP/CSIRO/ACCESS-ESM1-5/ssp245
No .nc files found in /maps/rt582/cmipper/.esgpull/data/CMIP6/ScenarioMIP/CSIRO/ACCESS-ESM1-5/ssp245
Scanning directory: /maps/rt582/cmipper/.esgpull/data/CMIP6/ScenarioMIP/CSIRO/ACCESS-ESM1-5/ssp585/r1i1p1f1
No .nc files found in /maps/rt582/cmipper/.esgpull/data/CMIP6/ScenarioMIP/CSIRO/ACCESS-ESM1-5/ssp585/r1i1p1f1
Scanning directory: /maps/rt582/cmipper/.esgpull/data/CMIP6/ScenarioMIP/CSIRO/ACCESS-ESM1-5/ssp126/r1i1p1f1
No .nc files found in /maps/rt582/cmipper/.esgpull/data/CMIP6/ScenarioMIP/CSIRO/ACCESS-ESM1-5/ssp126/r1i1p1f1
Scanning directory: /maps/rt582/cmipper/.esgpull/data/CMIP6/ScenarioMIP/CSIRO/ACCESS-ESM1-5/ssp370/r1i1p1f1
No .nc files found in /maps/rt582/cmipper/.esgpull/data/CMIP6/ScenarioMIP/CSIRO/ACCESS-ESM1-5/ssp370/r1i1p1f1
Scanning directory: /maps/rt582/cmipper/.esgpull/data/CMIP6/ScenarioMIP/CSIRO/ACCESS-ESM1-5/ssp245/r1i1p1f1
No .nc files found in /maps/rt582/cmipper/.esgpull/data/CMIP6/ScenarioMIP/CSIRO/ACCESS-ESM1-5/ssp245/r1i1p1f1
Scanning directory: /maps/rt582/cmipper/.esgpull/data/CMIP6/ScenarioMIP/CSIRO/ACCESS-ESM1-5/ssp585/r1i1p1f1/Omon
No .nc files found in /maps/rt582/cmipper/.esgpull/data/CMIP6/ScenarioMIP/CSIRO/ACCESS-ESM1-5/ssp585/r1i1p1f1/Omon
Scanning directory: /maps/rt582/cmipper/.esgpull/data/CMIP6/ScenarioMIP/CSIRO/ACCESS-ESM1-5/ssp585/r1i1p1f1/Omon/arag
No .nc files found in /maps/rt582/cmipper/.esgpull/data/CMIP6/ScenarioMIP/CSIRO/ACCESS-ESM1-5/ssp585/r1i1p1f1/Omon/arag
Scanning directory: /maps/rt582/cmipper/.esgpull/data/CMIP6/ScenarioMIP/CSIRO/ACCESS-ESM1-5/ssp585/r1i1p1f1/Omon/po4
No .nc files found in /maps/rt582/cmipper/.esgpull/data/CMIP6/ScenarioMIP/CSIRO/ACCESS-ESM1-5/ssp585/r1i1p1f1/Omon/po4
Scanning directory: /maps/rt582/cmipper/.esgpull/data/CMIP6/ScenarioMIP/CSIRO/ACCESS-ESM1-5/ssp585/r1i1p1f1/Omon/no3
No .nc files found in /maps/rt582/cmipper/.esgpull/data/CMIP6/ScenarioMIP/CSIRO/ACCESS-ESM1-5/ssp585/r1i1p1f1/Omon/no3
Scanning directory: /maps/rt582/cmipper/.esgpull/data/CMIP6/ScenarioMIP/CSIRO/ACCESS-ESM1-5/ssp585/r1i1p1f1/Omon/arag/gn
No .nc files found in /maps/rt582/cmipper/.esgpull/data/CMIP6/ScenarioMIP/CSIRO/ACCESS-ESM1-5/ssp585/r1i1p1f1/Omon/arag/gn
Scanning directory: /maps/rt582/cmipper/.esgpull/data/CMIP6/ScenarioMIP/CSIRO/ACCESS-ESM1-5/ssp585/r1i1p1f1/Omon/po4/gn
No .nc files found in /maps/rt582/cmipper/.esgpull/data/CMIP6/ScenarioMIP/CSIRO/ACCESS-ESM1-5/ssp585/r1i1p1f1/Omon/po4/gn
Scanning directory: /maps/rt582/cmipper/.esgpull/data/CMIP6/ScenarioMIP/CSIRO/ACCESS-ESM1-5/ssp585/r1i1p1f1/Omon/no3/gn
No .nc files found in /maps/rt582/cmipper/.esgpull/data/CMIP6/ScenarioMIP/CSIRO/ACCESS-ESM1-5/ssp585/r1i1p1f1/Omon/no3/gn
Scanning directory: /maps/rt582/cmipper/.esgpull/data/CMIP6/ScenarioMIP/CSIRO/ACCESS-ESM1-5/ssp585/r1i1p1f1/Omon/arag/gn/v20210318
No .nc files found in /maps/rt582/cmipper/.esgpull/data/CMIP6/ScenarioMIP/CSIRO/ACCESS-ESM1-5/ssp585/r1i1p1f1/Omon/arag/gn/v20210318
Scanning directory: /maps/rt582/cmipper/.esgpull/data/CMIP6/ScenarioMIP/CSIRO/ACCESS-ESM1-5/ssp585/r1i1p1f1/Omon/arag/gn/v20210318/remapped
Skipping directory (filepath contains remapped/processed): /maps/rt582/cmipper/.esgpull/data/CMIP6/ScenarioMIP/CSIRO/ACCESS-ESM1-5/ssp585/r1i1p1f1/Omon/arag/gn/v20210318/remapped
Scanning directory: /maps/rt582/cmipper/.esgpull/data/CMIP6/ScenarioMIP/CSIRO/ACCESS-ESM1-5/ssp585/r1i1p1f1/Omon/po4/gn/v20210318
No .nc files found in /maps/rt582/cmipper/.esgpull/data/CMIP6/ScenarioMIP/CSIRO/ACCESS-ESM1-5/ssp585/r1i1p1f1/Omon/po4/gn/v20210318
Scanning directory: /maps/rt582/cmipper/.esgpull/data/CMIP6/ScenarioMIP/CSIRO/ACCESS-ESM1-5/ssp585/r1i1p1f1/Omon/po4/gn/v20210318/remapped
Skipping directory (filepath contains remapped/processed): /maps/rt582/cmipper/.esgpull/data/CMIP6/ScenarioMIP/CSIRO/ACCESS-ESM1-5/ssp585/r1i1p1f1/Omon/po4/gn/v20210318/remapped
Scanning directory: /maps/rt582/cmipper/.esgpull/data/CMIP6/ScenarioMIP/CSIRO/ACCESS-ESM1-5/ssp585/r1i1p1f1/Omon/no3/gn/v20210318
	Remapping 1 files in /maps/rt582/cmipper/.esgpull/data/CMIP6/ScenarioMIP/CSIRO/ACCESS-ESM1-5/ssp585/r1i1p1f1/Omon/no3/gn/v20210318
	Remapping 1 files in /maps/rt582/cmipper/.esgpull/data/CMIP6/ScenarioMIP/CSIRO/ACCESS-ESM1-5/ssp585/r1i1p1f1/Omon/no3/gn/v20210318
	Remapping /maps/rt582/cmipper/.esgpull/data/CMIP6/ScenarioMIP/CSIRO/ACCESS-ESM1-5/ssp585/r1i1p1f1/Omon/no3/gn/v20210318/no3_Omon_ACCESS-ESM1-5_ssp585_r1i1p1f1_gn_217101-218012.nc -> /maps/rt582/cmipper/.esgpull/data/CMIP6/ScenarioMIP/CSIRO/ACCESS-ESM1-5/ssp585/r1i1p1f1/Omon/no3/gn/v20210318/remapped/no3_Omon_ACCESS-ESM1-5_ssp585_r1i1p1f1_gn_217101-218012.nc
Remapped: /maps/rt582/cmipper/.esgpull/data/CMIP6/ScenarioMIP/CSIRO/ACCESS-ESM1-5/ssp585/r1i1p1f1/Omon/no3/gn/v20210318/no3_Omon_ACCESS-ESM1-5_ssp585_r1i1p1f1_gn_217101-218012.nc -> /maps/rt582/cmipper/.esgpull/data/CMIP6/ScenarioMIP/CSIRO/ACCESS-ESM1-5/ssp585/r1i1p1f1/Omon/no3/gn/v20210318/remapped/no3_Omon_ACCESS-ESM1-5_ssp585_r1i1p1f1_gn_217101-218012.nc
Scanning directory: /maps/rt582/cmipper/.esgpull/data/CMIP6/ScenarioMIP/CSIRO/ACCESS-ESM1-5/ssp585/r1i1p1f1/Omon/no3/gn/v20210318/remapped
Skipping directory (filepath contains remapped/processed): /maps/rt582/cmipper/.esgpull/data/CMIP6/ScenarioMIP/CSIRO/ACCESS-ESM1-5/ssp585/r1i1p1f1/Omon/no3/gn/v20210318/remapped
Scanning directory: /maps/rt582/cmipper/.esgpull/data/CMIP6/ScenarioMIP/CSIRO/ACCESS-ESM1-5/ssp126/r1i1p1f1/Omon
No .nc files found in /maps/rt582/cmipper/.esgpull/data/CMIP6/ScenarioMIP/CSIRO/ACCESS-ESM1-5/ssp126/r1i1p1f1/Omon
Scanning directory: /maps/rt582/cmipper/.esgpull/data/CMIP6/ScenarioMIP/CSIRO/ACCESS-ESM1-5/ssp126/r1i1p1f1/Omon/po4
No .nc files found in /maps/rt582/cmipper/.esgpull/data/CMIP6/ScenarioMIP/CSIRO/ACCESS-ESM1-5/ssp126/r1i1p1f1/Omon/po4
Scanning directory: /maps/rt582/cmipper/.esgpull/data/CMIP6/ScenarioMIP/CSIRO/ACCESS-ESM1-5/ssp126/r1i1p1f1/Omon/no3
No .nc files found in /maps/rt582/cmipper/.esgpull/data/CMIP6/ScenarioMIP/CSIRO/ACCESS-ESM1-5/ssp126/r1i1p1f1/Omon/no3
Scanning directory: /maps/rt582/cmipper/.esgpull/data/CMIP6/ScenarioMIP/CSIRO/ACCESS-ESM1-5/ssp126/r1i1p1f1/Omon/arag
No .nc files found in /maps/rt582/cmipper/.esgpull/data/CMIP6/ScenarioMIP/CSIRO/ACCESS-ESM1-5/ssp126/r1i1p1f1/Omon/arag
Scanning directory: /maps/rt582/cmipper/.esgpull/data/CMIP6/ScenarioMIP/CSIRO/ACCESS-ESM1-5/ssp126/r1i1p1f1/Omon/po4/gn
No .nc files found in /maps/rt582/cmipper/.esgpull/data/CMIP6/ScenarioMIP/CSIRO/ACCESS-ESM1-5/ssp126/r1i1p1f1/Omon/po4/gn
Scanning directory: /maps/rt582/cmipper/.esgpull/data/CMIP6/ScenarioMIP/CSIRO/ACCESS-ESM1-5/ssp126/r1i1p1f1/Omon/no3/gn
No .nc files found in /maps/rt582/cmipper/.esgpull/data/CMIP6/ScenarioMIP/CSIRO/ACCESS-ESM1-5/ssp126/r1i1p1f1/Omon/no3/gn
Scanning directory: /maps/rt582/cmipper/.esgpull/data/CMIP6/ScenarioMIP/CSIRO/ACCESS-ESM1-5/ssp126/r1i1p1f1/Omon/arag/gn
No .nc files found in /maps/rt582/cmipper/.esgpull/data/CMIP6/ScenarioMIP/CSIRO/ACCESS-ESM1-5/ssp126/r1i1p1f1/Omon/arag/gn
Scanning directory: /maps/rt582/cmipper/.esgpull/data/CMIP6/ScenarioMIP/CSIRO/ACCESS-ESM1-5/ssp126/r1i1p1f1/Omon/po4/gn/v20210318
No .nc files found in /maps/rt582/cmipper/.esgpull/data/CMIP6/ScenarioMIP/CSIRO/ACCESS-ESM1-5/ssp126/r1i1p1f1/Omon/po4/gn/v20210318
Scanning directory: /maps/rt582/cmipper/.esgpull/data/CMIP6/ScenarioMIP/CSIRO/ACCESS-ESM1-5/ssp126/r1i1p1f1/Omon/po4/gn/v20210318/remapped
Skipping directory (filepath contains remapped/processed): /maps/rt582/cmipper/.esgpull/data/CMIP6/ScenarioMIP/CSIRO/ACCESS-ESM1-5/ssp126/r1i1p1f1/Omon/po4/gn/v20210318/remapped
Scanning directory: /maps/rt582/cmipper/.esgpull/data/CMIP6/ScenarioMIP/CSIRO/ACCESS-ESM1-5/ssp126/r1i1p1f1/Omon/no3/gn/v20210318
	Remapping 1 files in /maps/rt582/cmipper/.esgpull/data/CMIP6/ScenarioMIP/CSIRO/ACCESS-ESM1-5/ssp126/r1i1p1f1/Omon/no3/gn/v20210318
	Remapping 1 files in /maps/rt582/cmipper/.esgpull/data/CMIP6/ScenarioMIP/CSIRO/ACCESS-ESM1-5/ssp126/r1i1p1f1/Omon/no3/gn/v20210318
/maps/rt582/cmipper/.esgpull/data/CMIP6/ScenarioMIP/CSIRO/ACCESS-ESM1-5/ssp126/r1i1p1f1/Omon/no3/gn/v20210318/remapped/no3_Omon_ACCESS-ESM1-5_ssp126_r1i1p1f1_gn_220101-221012.nc already exists. Skipping...
Scanning directory: /maps/rt582/cmipper/.esgpull/data/CMIP6/ScenarioMIP/CSIRO/ACCESS-ESM1-5/ssp126/r1i1p1f1/Omon/no3/gn/v20210318/remapped
Skipping directory (filepath contains remapped/processed): /maps/rt582/cmipper/.esgpull/data/CMIP6/ScenarioMIP/CSIRO/ACCESS-ESM1-5/ssp126/r1i1p1f1/Omon/no3/gn/v20210318/remapped
Scanning directory: /maps/rt582/cmipper/.esgpull/data/CMIP6/ScenarioMIP/CSIRO/ACCESS-ESM1-5/ssp126/r1i1p1f1/Omon/arag/gn/v20210318
No .nc files found in /maps/rt582/cmipper/.esgpull/data/CMIP6/ScenarioMIP/CSIRO/ACCESS-ESM1-5/ssp126/r1i1p1f1/Omon/arag/gn/v20210318
Scanning directory: /maps/rt582/cmipper/.esgpull/data/CMIP6/ScenarioMIP/CSIRO/ACCESS-ESM1-5/ssp126/r1i1p1f1/Omon/arag/gn/v20210318/remapped
Skipping directory (filepath contains remapped/processed): /maps/rt582/cmipper/.esgpull/data/CMIP6/ScenarioMIP/CSIRO/ACCESS-ESM1-5/ssp126/r1i1p1f1/Omon/arag/gn/v20210318/remapped
Scanning directory: /maps/rt582/cmipper/.esgpull/data/CMIP6/ScenarioMIP/CSIRO/ACCESS-ESM1-5/ssp370/r1i1p1f1/Omon
No .nc files found in /maps/rt582/cmipper/.esgpull/data/CMIP6/ScenarioMIP/CSIRO/ACCESS-ESM1-5/ssp370/r1i1p1f1/Omon
Scanning directory: /maps/rt582/cmipper/.esgpull/data/CMIP6/ScenarioMIP/CSIRO/ACCESS-ESM1-5/ssp370/r1i1p1f1/Omon/po4
No .nc files found in /maps/rt582/cmipper/.esgpull/data/CMIP6/ScenarioMIP/CSIRO/ACCESS-ESM1-5/ssp370/r1i1p1f1/Omon/po4
Scanning directory: /maps/rt582/cmipper/.esgpull/data/CMIP6/ScenarioMIP/CSIRO/ACCESS-ESM1-5/ssp370/r1i1p1f1/Omon/no3
No .nc files found in /maps/rt582/cmipper/.esgpull/data/CMIP6/ScenarioMIP/CSIRO/ACCESS-ESM1-5/ssp370/r1i1p1f1/Omon/no3
Scanning directory: /maps/rt582/cmipper/.esgpull/data/CMIP6/ScenarioMIP/CSIRO/ACCESS-ESM1-5/ssp370/r1i1p1f1/Omon/arag
No .nc files found in /maps/rt582/cmipper/.esgpull/data/CMIP6/ScenarioMIP/CSIRO/ACCESS-ESM1-5/ssp370/r1i1p1f1/Omon/arag
Scanning directory: /maps/rt582/cmipper/.esgpull/data/CMIP6/ScenarioMIP/CSIRO/ACCESS-ESM1-5/ssp370/r1i1p1f1/Omon/po4/gn
No .nc files found in /maps/rt582/cmipper/.esgpull/data/CMIP6/ScenarioMIP/CSIRO/ACCESS-ESM1-5/ssp370/r1i1p1f1/Omon/po4/gn
Scanning directory: /maps/rt582/cmipper/.esgpull/data/CMIP6/ScenarioMIP/CSIRO/ACCESS-ESM1-5/ssp370/r1i1p1f1/Omon/no3/gn
No .nc files found in /maps/rt582/cmipper/.esgpull/data/CMIP6/ScenarioMIP/CSIRO/ACCESS-ESM1-5/ssp370/r1i1p1f1/Omon/no3/gn
Scanning directory: /maps/rt582/cmipper/.esgpull/data/CMIP6/ScenarioMIP/CSIRO/ACCESS-ESM1-5/ssp370/r1i1p1f1/Omon/arag/gn
No .nc files found in /maps/rt582/cmipper/.esgpull/data/CMIP6/ScenarioMIP/CSIRO/ACCESS-ESM1-5/ssp370/r1i1p1f1/Omon/arag/gn
Scanning directory: /maps/rt582/cmipper/.esgpull/data/CMIP6/ScenarioMIP/CSIRO/ACCESS-ESM1-5/ssp370/r1i1p1f1/Omon/po4/gn/v20191115
No .nc files found in /maps/rt582/cmipper/.esgpull/data/CMIP6/ScenarioMIP/CSIRO/ACCESS-ESM1-5/ssp370/r1i1p1f1/Omon/po4/gn/v20191115
Scanning directory: /maps/rt582/cmipper/.esgpull/data/CMIP6/ScenarioMIP/CSIRO/ACCESS-ESM1-5/ssp370/r1i1p1f1/Omon/po4/gn/v20191115/remapped
Skipping directory (filepath contains remapped/processed): /maps/rt582/cmipper/.esgpull/data/CMIP6/ScenarioMIP/CSIRO/ACCESS-ESM1-5/ssp370/r1i1p1f1/Omon/po4/gn/v20191115/remapped
Scanning directory: /maps/rt582/cmipper/.esgpull/data/CMIP6/ScenarioMIP/CSIRO/ACCESS-ESM1-5/ssp370/r1i1p1f1/Omon/no3/gn/v20191115
No .nc files found in /maps/rt582/cmipper/.esgpull/data/CMIP6/ScenarioMIP/CSIRO/ACCESS-ESM1-5/ssp370/r1i1p1f1/Omon/no3/gn/v20191115
Scanning directory: /maps/rt582/cmipper/.esgpull/data/CMIP6/ScenarioMIP/CSIRO/ACCESS-ESM1-5/ssp370/r1i1p1f1/Omon/no3/gn/v20191115/remapped
Skipping directory (filepath contains remapped/processed): /maps/rt582/cmipper/.esgpull/data/CMIP6/ScenarioMIP/CSIRO/ACCESS-ESM1-5/ssp370/r1i1p1f1/Omon/no3/gn/v20191115/remapped
Scanning directory: /maps/rt582/cmipper/.esgpull/data/CMIP6/ScenarioMIP/CSIRO/ACCESS-ESM1-5/ssp370/r1i1p1f1/Omon/arag/gn/v20191115
No .nc files found in /maps/rt582/cmipper/.esgpull/data/CMIP6/ScenarioMIP/CSIRO/ACCESS-ESM1-5/ssp370/r1i1p1f1/Omon/arag/gn/v20191115
Scanning directory: /maps/rt582/cmipper/.esgpull/data/CMIP6/ScenarioMIP/CSIRO/ACCESS-ESM1-5/ssp370/r1i1p1f1/Omon/arag/gn/v20191115/remapped
Skipping directory (filepath contains remapped/processed): /maps/rt582/cmipper/.esgpull/data/CMIP6/ScenarioMIP/CSIRO/ACCESS-ESM1-5/ssp370/r1i1p1f1/Omon/arag/gn/v20191115/remapped
Scanning directory: /maps/rt582/cmipper/.esgpull/data/CMIP6/ScenarioMIP/CSIRO/ACCESS-ESM1-5/ssp245/r1i1p1f1/Omon
No .nc files found in /maps/rt582/cmipper/.esgpull/data/CMIP6/ScenarioMIP/CSIRO/ACCESS-ESM1-5/ssp245/r1i1p1f1/Omon
Scanning directory: /maps/rt582/cmipper/.esgpull/data/CMIP6/ScenarioMIP/CSIRO/ACCESS-ESM1-5/ssp245/r1i1p1f1/Omon/arag
No .nc files found in /maps/rt582/cmipper/.esgpull/data/CMIP6/ScenarioMIP/CSIRO/ACCESS-ESM1-5/ssp245/r1i1p1f1/Omon/arag
Scanning directory: /maps/rt582/cmipper/.esgpull/data/CMIP6/ScenarioMIP/CSIRO/ACCESS-ESM1-5/ssp245/r1i1p1f1/Omon/po4
No .nc files found in /maps/rt582/cmipper/.esgpull/data/CMIP6/ScenarioMIP/CSIRO/ACCESS-ESM1-5/ssp245/r1i1p1f1/Omon/po4
Scanning directory: /maps/rt582/cmipper/.esgpull/data/CMIP6/ScenarioMIP/CSIRO/ACCESS-ESM1-5/ssp245/r1i1p1f1/Omon/no3
No .nc files found in /maps/rt582/cmipper/.esgpull/data/CMIP6/ScenarioMIP/CSIRO/ACCESS-ESM1-5/ssp245/r1i1p1f1/Omon/no3
Scanning directory: /maps/rt582/cmipper/.esgpull/data/CMIP6/ScenarioMIP/CSIRO/ACCESS-ESM1-5/ssp245/r1i1p1f1/Omon/arag/gn
No .nc files found in /maps/rt582/cmipper/.esgpull/data/CMIP6/ScenarioMIP/CSIRO/ACCESS-ESM1-5/ssp245/r1i1p1f1/Omon/arag/gn
Scanning directory: /maps/rt582/cmipper/.esgpull/data/CMIP6/ScenarioMIP/CSIRO/ACCESS-ESM1-5/ssp245/r1i1p1f1/Omon/po4/gn
No .nc files found in /maps/rt582/cmipper/.esgpull/data/CMIP6/ScenarioMIP/CSIRO/ACCESS-ESM1-5/ssp245/r1i1p1f1/Omon/po4/gn
Scanning directory: /maps/rt582/cmipper/.esgpull/data/CMIP6/ScenarioMIP/CSIRO/ACCESS-ESM1-5/ssp245/r1i1p1f1/Omon/no3/gn
No .nc files found in /maps/rt582/cmipper/.esgpull/data/CMIP6/ScenarioMIP/CSIRO/ACCESS-ESM1-5/ssp245/r1i1p1f1/Omon/no3/gn
Scanning directory: /maps/rt582/cmipper/.esgpull/data/CMIP6/ScenarioMIP/CSIRO/ACCESS-ESM1-5/ssp245/r1i1p1f1/Omon/arag/gn/v20191115
No .nc files found in /maps/rt582/cmipper/.esgpull/data/CMIP6/ScenarioMIP/CSIRO/ACCESS-ESM1-5/ssp245/r1i1p1f1/Omon/arag/gn/v20191115
Scanning directory: /maps/rt582/cmipper/.esgpull/data/CMIP6/ScenarioMIP/CSIRO/ACCESS-ESM1-5/ssp245/r1i1p1f1/Omon/arag/gn/v20191115/remapped
Skipping directory (filepath contains remapped/processed): /maps/rt582/cmipper/.esgpull/data/CMIP6/ScenarioMIP/CSIRO/ACCESS-ESM1-5/ssp245/r1i1p1f1/Omon/arag/gn/v20191115/remapped
Scanning directory: /maps/rt582/cmipper/.esgpull/data/CMIP6/ScenarioMIP/CSIRO/ACCESS-ESM1-5/ssp245/r1i1p1f1/Omon/po4/gn/v20191115
No .nc files found in /maps/rt582/cmipper/.esgpull/data/CMIP6/ScenarioMIP/CSIRO/ACCESS-ESM1-5/ssp245/r1i1p1f1/Omon/po4/gn/v20191115
Scanning directory: /maps/rt582/cmipper/.esgpull/data/CMIP6/ScenarioMIP/CSIRO/ACCESS-ESM1-5/ssp245/r1i1p1f1/Omon/po4/gn/v20191115/remapped
Skipping directory (filepath contains remapped/processed): /maps/rt582/cmipper/.esgpull/data/CMIP6/ScenarioMIP/CSIRO/ACCESS-ESM1-5/ssp245/r1i1p1f1/Omon/po4/gn/v20191115/remapped
Scanning directory: /maps/rt582/cmipper/.esgpull/data/CMIP6/ScenarioMIP/CSIRO/ACCESS-ESM1-5/ssp245/r1i1p1f1/Omon/no3/gn/v20191115
No .nc files found in /maps/rt582/cmipper/.esgpull/data/CMIP6/ScenarioMIP/CSIRO/ACCESS-ESM1-5/ssp245/r1i1p1f1/Omon/no3/gn/v20191115
Scanning directory: /maps/rt582/cmipper/.esgpull/data/CMIP6/ScenarioMIP/CSIRO/ACCESS-ESM1-5/ssp245/r1i1p1f1/Omon/no3/gn/v20191115/remapped
Skipping directory (filepath contains remapped/processed): /maps/rt582/cmipper/.esgpull/data/CMIP6/ScenarioMIP/CSIRO/ACCESS-ESM1-5/ssp245/r1i1p1f1/Omon/no3/gn/v20191115/remapped
Scanning directory: /maps/rt582/cmipper/.esgpull/data/CMIP6
No .nc files found in /maps/rt582/cmipper/.esgpull/data/CMIP6
cdo(1) sellevidx: Open failed on >/maps/rt582/cmipper/.esgpull/data/CMIP6/ScenarioMIP/CSIRO/ACCESS-ESM1-5/ssp245/r1i1p1f1/Omon/arag/gn/v20191115/arag_Omon_ACCESS-ESM1-5_ssp245_r1i1p1f1_gn_202501-203412.nc<
                  Unknown Error
cdo(1) sellevidx: Open failed on >/maps/rt582/cmipper/.esgpull/data/CMIP6/ScenarioMIP/CSIRO/ACCESS-ESM1-5/ssp245/r1i1p1f1/Omon/po4/gn/v20191115/po4_Omon_ACCESS-ESM1-5_ssp245_r1i1p1f1_gn_201501-202412.nc<
                  Unknown Error
Scanning directory: /maps/rt582/cmipper/.esgpull/data/CMIP6/CMIP
No .nc files found in /maps/rt582/cmipper/.esgpull/data/CMIP6/CMIP
Scanning directory: /maps/rt582/cmipper/.esgpull/data/CMIP6/ScenarioMIP
No .nc files found in /maps/rt582/cmipper/.esgpull/data/CMIP6/ScenarioMIP
Scanning directory: /maps/rt582/cmipper/.esgpull/data/CMIP6/CMIP/CSIRO
No .nc files found in /maps/rt582/cmipper/.esgpull/data/CMIP6/CMIP/CSIRO
Scanning directory: /maps/rt582/cmipper/.esgpull/data/CMIP6/CMIP/AWI
No .nc files found in /maps/rt582/cmipper/.esgpull/data/CMIP6/CMIP/AWI
Scanning directory: /maps/rt582/cmipper/.esgpull/data/CMIP6/ScenarioMIP/AWI
No .nc files found in /maps/rt582/cmipper/.esgpull/data/CMIP6/ScenarioMIP/AWI
Scanning directory: /maps/rt582/cmipper/.esgpull/data/CMIP6/ScenarioMIP/CSIRO
No .nc files found in /maps/rt582/cmipper/.esgpull/data/CMIP6/ScenarioMIP/CSIRO
Scanning directory: /maps/rt582/cmipper/.esgpull/data/CMIP6/CMIP/CSIRO/ACCESS-ESM1-5
No .nc files found in /maps/rt582/cmipper/.esgpull/data/CMIP6/CMIP/CSIRO/ACCESS-ESM1-5
Scanning directory: /maps/rt582/cmipper/.esgpull/data/CMIP6/CMIP/AWI/AWI-CM-1-1-MR
No .nc files found in /maps/rt582/cmipper/.esgpull/data/CMIP6/CMIP/AWI/AWI-CM-1-1-MR
Scanning directory: /maps/rt582/cmipper/.esgpull/data/CMIP6/CMIP/CSIRO/ACCESS-ESM1-5/historical
No .nc files found in /maps/rt582/cmipper/.esgpull/data/CMIP6/CMIP/CSIRO/ACCESS-ESM1-5/historical
Scanning directory: /maps/rt582/cmipper/.esgpull/data/CMIP6/CMIP/CSIRO/ACCESS-ESM1-5/historical/r1i1p1f1
No .nc files found in /maps/rt582/cmipper/.esgpull/data/CMIP6/CMIP/CSIRO/ACCESS-ESM1-5/historical/r1i1p1f1
Scanning directory: /maps/rt582/cmipper/.esgpull/data/CMIP6/CMIP/CSIRO/ACCESS-ESM1-5/historical/r1i1p1f1/Omon
No .nc files found in /maps/rt582/cmipper/.esgpull/data/CMIP6/CMIP/CSIRO/ACCESS-ESM1-5/historical/r1i1p1f1/Omon
Scanning directory: /maps/rt582/cmipper/.esgpull/data/CMIP6/CMIP/CSIRO/ACCESS-ESM1-5/historical/r1i1p1f1/Omon/no3
No .nc files found in /maps/rt582/cmipper/.esgpull/data/CMIP6/CMIP/CSIRO/ACCESS-ESM1-5/historical/r1i1p1f1/Omon/no3
Scanning directory: /maps/rt582/cmipper/.esgpull/data/CMIP6/CMIP/CSIRO/ACCESS-ESM1-5/historical/r1i1p1f1/Omon/po4
No .nc files found in /maps/rt582/cmipper/.esgpull/data/CMIP6/CMIP/CSIRO/ACCESS-ESM1-5/historical/r1i1p1f1/Omon/po4
Scanning directory: /maps/rt582/cmipper/.esgpull/data/CMIP6/CMIP/CSIRO/ACCESS-ESM1-5/historical/r1i1p1f1/Omon/arag
No .nc files found in /maps/rt582/cmipper/.esgpull/data/CMIP6/CMIP/CSIRO/ACCESS-ESM1-5/historical/r1i1p1f1/Omon/arag
Scanning directory: /maps/rt582/cmipper/.esgpull/data/CMIP6/CMIP/CSIRO/ACCESS-ESM1-5/historical/r1i1p1f1/Omon/no3/gn
No .nc files found in /maps/rt582/cmipper/.esgpull/data/CMIP6/CMIP/CSIRO/ACCESS-ESM1-5/historical/r1i1p1f1/Omon/no3/gn
Scanning directory: /maps/rt582/cmipper/.esgpull/data/CMIP6/CMIP/CSIRO/ACCESS-ESM1-5/historical/r1i1p1f1/Omon/po4/gn
No .nc files found in /maps/rt582/cmipper/.esgpull/data/CMIP6/CMIP/CSIRO/ACCESS-ESM1-5/historical/r1i1p1f1/Omon/po4/gn
Scanning directory: /maps/rt582/cmipper/.esgpull/data/CMIP6/CMIP/CSIRO/ACCESS-ESM1-5/historical/r1i1p1f1/Omon/arag/gn
No .nc files found in /maps/rt582/cmipper/.esgpull/data/CMIP6/CMIP/CSIRO/ACCESS-ESM1-5/historical/r1i1p1f1/Omon/arag/gn
Scanning directory: /maps/rt582/cmipper/.esgpull/data/CMIP6/CMIP/CSIRO/ACCESS-ESM1-5/historical/r1i1p1f1/Omon/no3/gn/v20191115
No .nc files found in /maps/rt582/cmipper/.esgpull/data/CMIP6/CMIP/CSIRO/ACCESS-ESM1-5/historical/r1i1p1f1/Omon/no3/gn/v20191115
Scanning directory: /maps/rt582/cmipper/.esgpull/data/CMIP6/CMIP/CSIRO/ACCESS-ESM1-5/historical/r1i1p1f1/Omon/no3/gn/v20191115/remapped
Skipping directory (filepath contains remapped/processed): /maps/rt582/cmipper/.esgpull/data/CMIP6/CMIP/CSIRO/ACCESS-ESM1-5/historical/r1i1p1f1/Omon/no3/gn/v20191115/remapped
Scanning directory: /maps/rt582/cmipper/.esgpull/data/CMIP6/CMIP/CSIRO/ACCESS-ESM1-5/historical/r1i1p1f1/Omon/po4/gn/v20191115
No .nc files found in /maps/rt582/cmipper/.esgpull/data/CMIP6/CMIP/CSIRO/ACCESS-ESM1-5/historical/r1i1p1f1/Omon/po4/gn/v20191115
Scanning directory: /maps/rt582/cmipper/.esgpull/data/CMIP6/CMIP/CSIRO/ACCESS-ESM1-5/historical/r1i1p1f1/Omon/po4/gn/v20191115/remapped
Skipping directory (filepath contains remapped/processed): /maps/rt582/cmipper/.esgpull/data/CMIP6/CMIP/CSIRO/ACCESS-ESM1-5/historical/r1i1p1f1/Omon/po4/gn/v20191115/remapped
Scanning directory: /maps/rt582/cmipper/.esgpull/data/CMIP6/CMIP/CSIRO/ACCESS-ESM1-5/historical/r1i1p1f1/Omon/arag/gn/v20191115
No .nc files found in /maps/rt582/cmipper/.esgpull/data/CMIP6/CMIP/CSIRO/ACCESS-ESM1-5/historical/r1i1p1f1/Omon/arag/gn/v20191115
Scanning directory: /maps/rt582/cmipper/.esgpull/data/CMIP6/CMIP/CSIRO/ACCESS-ESM1-5/historical/r1i1p1f1/Omon/arag/gn/v20191115/remapped
Skipping directory (filepath contains remapped/processed): /maps/rt582/cmipper/.esgpull/data/CMIP6/CMIP/CSIRO/ACCESS-ESM1-5/historical/r1i1p1f1/Omon/arag/gn/v20191115/remapped
Scanning directory: /maps/rt582/cmipper/.esgpull/data/CMIP6/CMIP/AWI/AWI-CM-1-1-MR/historical
No .nc files found in /maps/rt582/cmipper/.esgpull/data/CMIP6/CMIP/AWI/AWI-CM-1-1-MR/historical
Scanning directory: /maps/rt582/cmipper/.esgpull/data/CMIP6/CMIP/AWI/AWI-CM-1-1-MR/historical/r1i1p1f1
No .nc files found in /maps/rt582/cmipper/.esgpull/data/CMIP6/CMIP/AWI/AWI-CM-1-1-MR/historical/r1i1p1f1
Scanning directory: /maps/rt582/cmipper/.esgpull/data/CMIP6/CMIP/AWI/AWI-CM-1-1-MR/historical/r1i1p1f1/Omon
No .nc files found in /maps/rt582/cmipper/.esgpull/data/CMIP6/CMIP/AWI/AWI-CM-1-1-MR/historical/r1i1p1f1/Omon
Scanning directory: /maps/rt582/cmipper/.esgpull/data/CMIP6/CMIP/AWI/AWI-CM-1-1-MR/historical/r1i1p1f1/Omon/so
No .nc files found in /maps/rt582/cmipper/.esgpull/data/CMIP6/CMIP/AWI/AWI-CM-1-1-MR/historical/r1i1p1f1/Omon/so
Scanning directory: /maps/rt582/cmipper/.esgpull/data/CMIP6/CMIP/AWI/AWI-CM-1-1-MR/historical/r1i1p1f1/Omon/thetao
No .nc files found in /maps/rt582/cmipper/.esgpull/data/CMIP6/CMIP/AWI/AWI-CM-1-1-MR/historical/r1i1p1f1/Omon/thetao
Scanning directory: /maps/rt582/cmipper/.esgpull/data/CMIP6/CMIP/AWI/AWI-CM-1-1-MR/historical/r1i1p1f1/Omon/tos
No .nc files found in /maps/rt582/cmipper/.esgpull/data/CMIP6/CMIP/AWI/AWI-CM-1-1-MR/historical/r1i1p1f1/Omon/tos
Scanning directory: /maps/rt582/cmipper/.esgpull/data/CMIP6/CMIP/AWI/AWI-CM-1-1-MR/historical/r1i1p1f1/Omon/rsdo
No .nc files found in /maps/rt582/cmipper/.esgpull/data/CMIP6/CMIP/AWI/AWI-CM-1-1-MR/historical/r1i1p1f1/Omon/rsdo
Scanning directory: /maps/rt582/cmipper/.esgpull/data/CMIP6/CMIP/AWI/AWI-CM-1-1-MR/historical/r1i1p1f1/Omon/so/gn
No .nc files found in /maps/rt582/cmipper/.esgpull/data/CMIP6/CMIP/AWI/AWI-CM-1-1-MR/historical/r1i1p1f1/Omon/so/gn
Scanning directory: /maps/rt582/cmipper/.esgpull/data/CMIP6/CMIP/AWI/AWI-CM-1-1-MR/historical/r1i1p1f1/Omon/thetao/gn
No .nc files found in /maps/rt582/cmipper/.esgpull/data/CMIP6/CMIP/AWI/AWI-CM-1-1-MR/historical/r1i1p1f1/Omon/thetao/gn
Scanning directory: /maps/rt582/cmipper/.esgpull/data/CMIP6/CMIP/AWI/AWI-CM-1-1-MR/historical/r1i1p1f1/Omon/tos/gn
No .nc files found in /maps/rt582/cmipper/.esgpull/data/CMIP6/CMIP/AWI/AWI-CM-1-1-MR/historical/r1i1p1f1/Omon/tos/gn
Scanning directory: /maps/rt582/cmipper/.esgpull/data/CMIP6/CMIP/AWI/AWI-CM-1-1-MR/historical/r1i1p1f1/Omon/rsdo/gn
No .nc files found in /maps/rt582/cmipper/.esgpull/data/CMIP6/CMIP/AWI/AWI-CM-1-1-MR/historical/r1i1p1f1/Omon/rsdo/gn
Scanning directory: /maps/rt582/cmipper/.esgpull/data/CMIP6/CMIP/AWI/AWI-CM-1-1-MR/historical/r1i1p1f1/Omon/so/gn/v20181218
No .nc files found in /maps/rt582/cmipper/.esgpull/data/CMIP6/CMIP/AWI/AWI-CM-1-1-MR/historical/r1i1p1f1/Omon/so/gn/v20181218
Scanning directory: /maps/rt582/cmipper/.esgpull/data/CMIP6/CMIP/AWI/AWI-CM-1-1-MR/historical/r1i1p1f1/Omon/so/gn/v20181218/remapped
Skipping directory (filepath contains remapped/processed): /maps/rt582/cmipper/.esgpull/data/CMIP6/CMIP/AWI/AWI-CM-1-1-MR/historical/r1i1p1f1/Omon/so/gn/v20181218/remapped
Scanning directory: /maps/rt582/cmipper/.esgpull/data/CMIP6/CMIP/AWI/AWI-CM-1-1-MR/historical/r1i1p1f1/Omon/thetao/gn/v20181218
No .nc files found in /maps/rt582/cmipper/.esgpull/data/CMIP6/CMIP/AWI/AWI-CM-1-1-MR/historical/r1i1p1f1/Omon/thetao/gn/v20181218
Scanning directory: /maps/rt582/cmipper/.esgpull/data/CMIP6/CMIP/AWI/AWI-CM-1-1-MR/historical/r1i1p1f1/Omon/thetao/gn/v20181218/remapped
Skipping directory (filepath contains remapped/processed): /maps/rt582/cmipper/.esgpull/data/CMIP6/CMIP/AWI/AWI-CM-1-1-MR/historical/r1i1p1f1/Omon/thetao/gn/v20181218/remapped
Scanning directory: /maps/rt582/cmipper/.esgpull/data/CMIP6/CMIP/AWI/AWI-CM-1-1-MR/historical/r1i1p1f1/Omon/tos/gn/v20181218
No .nc files found in /maps/rt582/cmipper/.esgpull/data/CMIP6/CMIP/AWI/AWI-CM-1-1-MR/historical/r1i1p1f1/Omon/tos/gn/v20181218
Scanning directory: /maps/rt582/cmipper/.esgpull/data/CMIP6/CMIP/AWI/AWI-CM-1-1-MR/historical/r1i1p1f1/Omon/tos/gn/v20181218/remapped
Skipping directory (filepath contains remapped/processed): /maps/rt582/cmipper/.esgpull/data/CMIP6/CMIP/AWI/AWI-CM-1-1-MR/historical/r1i1p1f1/Omon/tos/gn/v20181218/remapped
Scanning directory: /maps/rt582/cmipper/.esgpull/data/CMIP6/CMIP/AWI/AWI-CM-1-1-MR/historical/r1i1p1f1/Omon/rsdo/gn/v20181218
No .nc files found in /maps/rt582/cmipper/.esgpull/data/CMIP6/CMIP/AWI/AWI-CM-1-1-MR/historical/r1i1p1f1/Omon/rsdo/gn/v20181218
Scanning directory: /maps/rt582/cmipper/.esgpull/data/CMIP6/CMIP/AWI/AWI-CM-1-1-MR/historical/r1i1p1f1/Omon/rsdo/gn/v20181218/remapped
Skipping directory (filepath contains remapped/processed): /maps/rt582/cmipper/.esgpull/data/CMIP6/CMIP/AWI/AWI-CM-1-1-MR/historical/r1i1p1f1/Omon/rsdo/gn/v20181218/remapped
Scanning directory: /maps/rt582/cmipper/.esgpull/data/CMIP6/ScenarioMIP/AWI/AWI-CM-1-1-MR
No .nc files found in /maps/rt582/cmipper/.esgpull/data/CMIP6/ScenarioMIP/AWI/AWI-CM-1-1-MR
Scanning directory: /maps/rt582/cmipper/.esgpull/data/CMIP6/ScenarioMIP/CSIRO/ACCESS-ESM1-5
No .nc files found in /maps/rt582/cmipper/.esgpull/data/CMIP6/ScenarioMIP/CSIRO/ACCESS-ESM1-5
Scanning directory: /maps/rt582/cmipper/.esgpull/data/CMIP6/ScenarioMIP/AWI/AWI-CM-1-1-MR/ssp126
No .nc files found in /maps/rt582/cmipper/.esgpull/data/CMIP6/ScenarioMIP/AWI/AWI-CM-1-1-MR/ssp126
Scanning directory: /maps/rt582/cmipper/.esgpull/data/CMIP6/ScenarioMIP/AWI/AWI-CM-1-1-MR/ssp585
No .nc files found in /maps/rt582/cmipper/.esgpull/data/CMIP6/ScenarioMIP/AWI/AWI-CM-1-1-MR/ssp585
Scanning directory: /maps/rt582/cmipper/.esgpull/data/CMIP6/ScenarioMIP/AWI/AWI-CM-1-1-MR/ssp245
No .nc files found in /maps/rt582/cmipper/.esgpull/data/CMIP6/ScenarioMIP/AWI/AWI-CM-1-1-MR/ssp245
Scanning directory: /maps/rt582/cmipper/.esgpull/data/CMIP6/ScenarioMIP/AWI/AWI-CM-1-1-MR/ssp370
No .nc files found in /maps/rt582/cmipper/.esgpull/data/CMIP6/ScenarioMIP/AWI/AWI-CM-1-1-MR/ssp370
Scanning directory: /maps/rt582/cmipper/.esgpull/data/CMIP6/ScenarioMIP/AWI/AWI-CM-1-1-MR/ssp126/r1i1p1f1
No .nc files found in /maps/rt582/cmipper/.esgpull/data/CMIP6/ScenarioMIP/AWI/AWI-CM-1-1-MR/ssp126/r1i1p1f1
Scanning directory: /maps/rt582/cmipper/.esgpull/data/CMIP6/ScenarioMIP/AWI/AWI-CM-1-1-MR/ssp585/r1i1p1f1
No .nc files found in /maps/rt582/cmipper/.esgpull/data/CMIP6/ScenarioMIP/AWI/AWI-CM-1-1-MR/ssp585/r1i1p1f1
Scanning directory: /maps/rt582/cmipper/.esgpull/data/CMIP6/ScenarioMIP/AWI/AWI-CM-1-1-MR/ssp245/r1i1p1f1
No .nc files found in /maps/rt582/cmipper/.esgpull/data/CMIP6/ScenarioMIP/AWI/AWI-CM-1-1-MR/ssp245/r1i1p1f1
Scanning directory: /maps/rt582/cmipper/.esgpull/data/CMIP6/ScenarioMIP/AWI/AWI-CM-1-1-MR/ssp370/r1i1p1f1
No .nc files found in /maps/rt582/cmipper/.esgpull/data/CMIP6/ScenarioMIP/AWI/AWI-CM-1-1-MR/ssp370/r1i1p1f1
Scanning directory: /maps/rt582/cmipper/.esgpull/data/CMIP6/ScenarioMIP/AWI/AWI-CM-1-1-MR/ssp126/r1i1p1f1/Omon
No .nc files found in /maps/rt582/cmipper/.esgpull/data/CMIP6/ScenarioMIP/AWI/AWI-CM-1-1-MR/ssp126/r1i1p1f1/Omon
Scanning directory: /maps/rt582/cmipper/.esgpull/data/CMIP6/ScenarioMIP/AWI/AWI-CM-1-1-MR/ssp126/r1i1p1f1/Omon/so
No .nc files found in /maps/rt582/cmipper/.esgpull/data/CMIP6/ScenarioMIP/AWI/AWI-CM-1-1-MR/ssp126/r1i1p1f1/Omon/so
Scanning directory: /maps/rt582/cmipper/.esgpull/data/CMIP6/ScenarioMIP/AWI/AWI-CM-1-1-MR/ssp126/r1i1p1f1/Omon/rsdo
No .nc files found in /maps/rt582/cmipper/.esgpull/data/CMIP6/ScenarioMIP/AWI/AWI-CM-1-1-MR/ssp126/r1i1p1f1/Omon/rsdo
Scanning directory: /maps/rt582/cmipper/.esgpull/data/CMIP6/ScenarioMIP/AWI/AWI-CM-1-1-MR/ssp126/r1i1p1f1/Omon/tos
No .nc files found in /maps/rt582/cmipper/.esgpull/data/CMIP6/ScenarioMIP/AWI/AWI-CM-1-1-MR/ssp126/r1i1p1f1/Omon/tos
Scanning directory: /maps/rt582/cmipper/.esgpull/data/CMIP6/ScenarioMIP/AWI/AWI-CM-1-1-MR/ssp126/r1i1p1f1/Omon/so/gn
No .nc files found in /maps/rt582/cmipper/.esgpull/data/CMIP6/ScenarioMIP/AWI/AWI-CM-1-1-MR/ssp126/r1i1p1f1/Omon/so/gn
Scanning directory: /maps/rt582/cmipper/.esgpull/data/CMIP6/ScenarioMIP/AWI/AWI-CM-1-1-MR/ssp126/r1i1p1f1/Omon/rsdo/gn
No .nc files found in /maps/rt582/cmipper/.esgpull/data/CMIP6/ScenarioMIP/AWI/AWI-CM-1-1-MR/ssp126/r1i1p1f1/Omon/rsdo/gn
Scanning directory: /maps/rt582/cmipper/.esgpull/data/CMIP6/ScenarioMIP/AWI/AWI-CM-1-1-MR/ssp126/r1i1p1f1/Omon/tos/gn
No .nc files found in /maps/rt582/cmipper/.esgpull/data/CMIP6/ScenarioMIP/AWI/AWI-CM-1-1-MR/ssp126/r1i1p1f1/Omon/tos/gn
Scanning directory: /maps/rt582/cmipper/.esgpull/data/CMIP6/ScenarioMIP/AWI/AWI-CM-1-1-MR/ssp126/r1i1p1f1/Omon/so/gn/v20181218
No .nc files found in /maps/rt582/cmipper/.esgpull/data/CMIP6/ScenarioMIP/AWI/AWI-CM-1-1-MR/ssp126/r1i1p1f1/Omon/so/gn/v20181218
Scanning directory: /maps/rt582/cmipper/.esgpull/data/CMIP6/ScenarioMIP/AWI/AWI-CM-1-1-MR/ssp126/r1i1p1f1/Omon/so/gn/v20181218/remapped
Skipping directory (filepath contains remapped/processed): /maps/rt582/cmipper/.esgpull/data/CMIP6/ScenarioMIP/AWI/AWI-CM-1-1-MR/ssp126/r1i1p1f1/Omon/so/gn/v20181218/remapped
Scanning directory: /maps/rt582/cmipper/.esgpull/data/CMIP6/ScenarioMIP/AWI/AWI-CM-1-1-MR/ssp126/r1i1p1f1/Omon/rsdo/gn/v20181218
No .nc files found in /maps/rt582/cmipper/.esgpull/data/CMIP6/ScenarioMIP/AWI/AWI-CM-1-1-MR/ssp126/r1i1p1f1/Omon/rsdo/gn/v20181218
Scanning directory: /maps/rt582/cmipper/.esgpull/data/CMIP6/ScenarioMIP/AWI/AWI-CM-1-1-MR/ssp126/r1i1p1f1/Omon/rsdo/gn/v20181218/remapped
Skipping directory (filepath contains remapped/processed): /maps/rt582/cmipper/.esgpull/data/CMIP6/ScenarioMIP/AWI/AWI-CM-1-1-MR/ssp126/r1i1p1f1/Omon/rsdo/gn/v20181218/remapped
Scanning directory: /maps/rt582/cmipper/.esgpull/data/CMIP6/ScenarioMIP/AWI/AWI-CM-1-1-MR/ssp126/r1i1p1f1/Omon/tos/gn/v20181218
No .nc files found in /maps/rt582/cmipper/.esgpull/data/CMIP6/ScenarioMIP/AWI/AWI-CM-1-1-MR/ssp126/r1i1p1f1/Omon/tos/gn/v20181218
Scanning directory: /maps/rt582/cmipper/.esgpull/data/CMIP6/ScenarioMIP/AWI/AWI-CM-1-1-MR/ssp126/r1i1p1f1/Omon/tos/gn/v20181218/remapped
Skipping directory (filepath contains remapped/processed): /maps/rt582/cmipper/.esgpull/data/CMIP6/ScenarioMIP/AWI/AWI-CM-1-1-MR/ssp126/r1i1p1f1/Omon/tos/gn/v20181218/remapped
Scanning directory: /maps/rt582/cmipper/.esgpull/data/CMIP6/ScenarioMIP/AWI/AWI-CM-1-1-MR/ssp585/r1i1p1f1/Omon
No .nc files found in /maps/rt582/cmipper/.esgpull/data/CMIP6/ScenarioMIP/AWI/AWI-CM-1-1-MR/ssp585/r1i1p1f1/Omon
Scanning directory: /maps/rt582/cmipper/.esgpull/data/CMIP6/ScenarioMIP/AWI/AWI-CM-1-1-MR/ssp585/r1i1p1f1/Omon/so
No .nc files found in /maps/rt582/cmipper/.esgpull/data/CMIP6/ScenarioMIP/AWI/AWI-CM-1-1-MR/ssp585/r1i1p1f1/Omon/so
Scanning directory: /maps/rt582/cmipper/.esgpull/data/CMIP6/ScenarioMIP/AWI/AWI-CM-1-1-MR/ssp585/r1i1p1f1/Omon/rsdo
No .nc files found in /maps/rt582/cmipper/.esgpull/data/CMIP6/ScenarioMIP/AWI/AWI-CM-1-1-MR/ssp585/r1i1p1f1/Omon/rsdo
Scanning directory: /maps/rt582/cmipper/.esgpull/data/CMIP6/ScenarioMIP/AWI/AWI-CM-1-1-MR/ssp585/r1i1p1f1/Omon/thetao
No .nc files found in /maps/rt582/cmipper/.esgpull/data/CMIP6/ScenarioMIP/AWI/AWI-CM-1-1-MR/ssp585/r1i1p1f1/Omon/thetao
Scanning directory: /maps/rt582/cmipper/.esgpull/data/CMIP6/ScenarioMIP/AWI/AWI-CM-1-1-MR/ssp585/r1i1p1f1/Omon/tos
No .nc files found in /maps/rt582/cmipper/.esgpull/data/CMIP6/ScenarioMIP/AWI/AWI-CM-1-1-MR/ssp585/r1i1p1f1/Omon/tos
Scanning directory: /maps/rt582/cmipper/.esgpull/data/CMIP6/ScenarioMIP/AWI/AWI-CM-1-1-MR/ssp585/r1i1p1f1/Omon/so/gn
No .nc files found in /maps/rt582/cmipper/.esgpull/data/CMIP6/ScenarioMIP/AWI/AWI-CM-1-1-MR/ssp585/r1i1p1f1/Omon/so/gn
Scanning directory: /maps/rt582/cmipper/.esgpull/data/CMIP6/ScenarioMIP/AWI/AWI-CM-1-1-MR/ssp585/r1i1p1f1/Omon/rsdo/gn
No .nc files found in /maps/rt582/cmipper/.esgpull/data/CMIP6/ScenarioMIP/AWI/AWI-CM-1-1-MR/ssp585/r1i1p1f1/Omon/rsdo/gn
Scanning directory: /maps/rt582/cmipper/.esgpull/data/CMIP6/ScenarioMIP/AWI/AWI-CM-1-1-MR/ssp585/r1i1p1f1/Omon/thetao/gn
No .nc files found in /maps/rt582/cmipper/.esgpull/data/CMIP6/ScenarioMIP/AWI/AWI-CM-1-1-MR/ssp585/r1i1p1f1/Omon/thetao/gn
Scanning directory: /maps/rt582/cmipper/.esgpull/data/CMIP6/ScenarioMIP/AWI/AWI-CM-1-1-MR/ssp585/r1i1p1f1/Omon/tos/gn
No .nc files found in /maps/rt582/cmipper/.esgpull/data/CMIP6/ScenarioMIP/AWI/AWI-CM-1-1-MR/ssp585/r1i1p1f1/Omon/tos/gn
Scanning directory: /maps/rt582/cmipper/.esgpull/data/CMIP6/ScenarioMIP/AWI/AWI-CM-1-1-MR/ssp585/r1i1p1f1/Omon/so/gn/v20181218
No .nc files found in /maps/rt582/cmipper/.esgpull/data/CMIP6/ScenarioMIP/AWI/AWI-CM-1-1-MR/ssp585/r1i1p1f1/Omon/so/gn/v20181218
Scanning directory: /maps/rt582/cmipper/.esgpull/data/CMIP6/ScenarioMIP/AWI/AWI-CM-1-1-MR/ssp585/r1i1p1f1/Omon/so/gn/v20181218/remapped
Skipping directory (filepath contains remapped/processed): /maps/rt582/cmipper/.esgpull/data/CMIP6/ScenarioMIP/AWI/AWI-CM-1-1-MR/ssp585/r1i1p1f1/Omon/so/gn/v20181218/remapped
Scanning directory: /maps/rt582/cmipper/.esgpull/data/CMIP6/ScenarioMIP/AWI/AWI-CM-1-1-MR/ssp585/r1i1p1f1/Omon/rsdo/gn/v20181218
No .nc files found in /maps/rt582/cmipper/.esgpull/data/CMIP6/ScenarioMIP/AWI/AWI-CM-1-1-MR/ssp585/r1i1p1f1/Omon/rsdo/gn/v20181218
Scanning directory: /maps/rt582/cmipper/.esgpull/data/CMIP6/ScenarioMIP/AWI/AWI-CM-1-1-MR/ssp585/r1i1p1f1/Omon/rsdo/gn/v20181218/remapped
Skipping directory (filepath contains remapped/processed): /maps/rt582/cmipper/.esgpull/data/CMIP6/ScenarioMIP/AWI/AWI-CM-1-1-MR/ssp585/r1i1p1f1/Omon/rsdo/gn/v20181218/remapped
Scanning directory: /maps/rt582/cmipper/.esgpull/data/CMIP6/ScenarioMIP/AWI/AWI-CM-1-1-MR/ssp585/r1i1p1f1/Omon/thetao/gn/v20181218
No .nc files found in /maps/rt582/cmipper/.esgpull/data/CMIP6/ScenarioMIP/AWI/AWI-CM-1-1-MR/ssp585/r1i1p1f1/Omon/thetao/gn/v20181218
Scanning directory: /maps/rt582/cmipper/.esgpull/data/CMIP6/ScenarioMIP/AWI/AWI-CM-1-1-MR/ssp585/r1i1p1f1/Omon/thetao/gn/v20181218/remapped
Skipping directory (filepath contains remapped/processed): /maps/rt582/cmipper/.esgpull/data/CMIP6/ScenarioMIP/AWI/AWI-CM-1-1-MR/ssp585/r1i1p1f1/Omon/thetao/gn/v20181218/remapped
Scanning directory: /maps/rt582/cmipper/.esgpull/data/CMIP6/ScenarioMIP/AWI/AWI-CM-1-1-MR/ssp585/r1i1p1f1/Omon/tos/gn/v20181218
No .nc files found in /maps/rt582/cmipper/.esgpull/data/CMIP6/ScenarioMIP/AWI/AWI-CM-1-1-MR/ssp585/r1i1p1f1/Omon/tos/gn/v20181218
Scanning directory: /maps/rt582/cmipper/.esgpull/data/CMIP6/ScenarioMIP/AWI/AWI-CM-1-1-MR/ssp585/r1i1p1f1/Omon/tos/gn/v20181218/remapped
Skipping directory (filepath contains remapped/processed): /maps/rt582/cmipper/.esgpull/data/CMIP6/ScenarioMIP/AWI/AWI-CM-1-1-MR/ssp585/r1i1p1f1/Omon/tos/gn/v20181218/remapped
Scanning directory: /maps/rt582/cmipper/.esgpull/data/CMIP6/ScenarioMIP/AWI/AWI-CM-1-1-MR/ssp245/r1i1p1f1/Omon
No .nc files found in /maps/rt582/cmipper/.esgpull/data/CMIP6/ScenarioMIP/AWI/AWI-CM-1-1-MR/ssp245/r1i1p1f1/Omon
Scanning directory: /maps/rt582/cmipper/.esgpull/data/CMIP6/ScenarioMIP/AWI/AWI-CM-1-1-MR/ssp245/r1i1p1f1/Omon/tos
No .nc files found in /maps/rt582/cmipper/.esgpull/data/CMIP6/ScenarioMIP/AWI/AWI-CM-1-1-MR/ssp245/r1i1p1f1/Omon/tos
Scanning directory: /maps/rt582/cmipper/.esgpull/data/CMIP6/ScenarioMIP/AWI/AWI-CM-1-1-MR/ssp245/r1i1p1f1/Omon/rsdo
No .nc files found in /maps/rt582/cmipper/.esgpull/data/CMIP6/ScenarioMIP/AWI/AWI-CM-1-1-MR/ssp245/r1i1p1f1/Omon/rsdo
Scanning directory: /maps/rt582/cmipper/.esgpull/data/CMIP6/ScenarioMIP/AWI/AWI-CM-1-1-MR/ssp245/r1i1p1f1/Omon/so
No .nc files found in /maps/rt582/cmipper/.esgpull/data/CMIP6/ScenarioMIP/AWI/AWI-CM-1-1-MR/ssp245/r1i1p1f1/Omon/so
Scanning directory: /maps/rt582/cmipper/.esgpull/data/CMIP6/ScenarioMIP/AWI/AWI-CM-1-1-MR/ssp245/r1i1p1f1/Omon/tos/gn
No .nc files found in /maps/rt582/cmipper/.esgpull/data/CMIP6/ScenarioMIP/AWI/AWI-CM-1-1-MR/ssp245/r1i1p1f1/Omon/tos/gn
Scanning directory: /maps/rt582/cmipper/.esgpull/data/CMIP6/ScenarioMIP/AWI/AWI-CM-1-1-MR/ssp245/r1i1p1f1/Omon/rsdo/gn
No .nc files found in /maps/rt582/cmipper/.esgpull/data/CMIP6/ScenarioMIP/AWI/AWI-CM-1-1-MR/ssp245/r1i1p1f1/Omon/rsdo/gn
Scanning directory: /maps/rt582/cmipper/.esgpull/data/CMIP6/ScenarioMIP/AWI/AWI-CM-1-1-MR/ssp245/r1i1p1f1/Omon/so/gn
No .nc files found in /maps/rt582/cmipper/.esgpull/data/CMIP6/ScenarioMIP/AWI/AWI-CM-1-1-MR/ssp245/r1i1p1f1/Omon/so/gn
Scanning directory: /maps/rt582/cmipper/.esgpull/data/CMIP6/ScenarioMIP/AWI/AWI-CM-1-1-MR/ssp245/r1i1p1f1/Omon/tos/gn/v20181218
No .nc files found in /maps/rt582/cmipper/.esgpull/data/CMIP6/ScenarioMIP/AWI/AWI-CM-1-1-MR/ssp245/r1i1p1f1/Omon/tos/gn/v20181218
Scanning directory: /maps/rt582/cmipper/.esgpull/data/CMIP6/ScenarioMIP/AWI/AWI-CM-1-1-MR/ssp245/r1i1p1f1/Omon/tos/gn/v20181218/remapped
Skipping directory (filepath contains remapped/processed): /maps/rt582/cmipper/.esgpull/data/CMIP6/ScenarioMIP/AWI/AWI-CM-1-1-MR/ssp245/r1i1p1f1/Omon/tos/gn/v20181218/remapped
Scanning directory: /maps/rt582/cmipper/.esgpull/data/CMIP6/ScenarioMIP/AWI/AWI-CM-1-1-MR/ssp245/r1i1p1f1/Omon/rsdo/gn/v20181218
No .nc files found in /maps/rt582/cmipper/.esgpull/data/CMIP6/ScenarioMIP/AWI/AWI-CM-1-1-MR/ssp245/r1i1p1f1/Omon/rsdo/gn/v20181218
Scanning directory: /maps/rt582/cmipper/.esgpull/data/CMIP6/ScenarioMIP/AWI/AWI-CM-1-1-MR/ssp245/r1i1p1f1/Omon/rsdo/gn/v20181218/remapped
Skipping directory (filepath contains remapped/processed): /maps/rt582/cmipper/.esgpull/data/CMIP6/ScenarioMIP/AWI/AWI-CM-1-1-MR/ssp245/r1i1p1f1/Omon/rsdo/gn/v20181218/remapped
Scanning directory: /maps/rt582/cmipper/.esgpull/data/CMIP6/ScenarioMIP/AWI/AWI-CM-1-1-MR/ssp245/r1i1p1f1/Omon/so/gn/v20181218
No .nc files found in /maps/rt582/cmipper/.esgpull/data/CMIP6/ScenarioMIP/AWI/AWI-CM-1-1-MR/ssp245/r1i1p1f1/Omon/so/gn/v20181218
Scanning directory: /maps/rt582/cmipper/.esgpull/data/CMIP6/ScenarioMIP/AWI/AWI-CM-1-1-MR/ssp245/r1i1p1f1/Omon/so/gn/v20181218/remapped
Skipping directory (filepath contains remapped/processed): /maps/rt582/cmipper/.esgpull/data/CMIP6/ScenarioMIP/AWI/AWI-CM-1-1-MR/ssp245/r1i1p1f1/Omon/so/gn/v20181218/remapped
Scanning directory: /maps/rt582/cmipper/.esgpull/data/CMIP6/ScenarioMIP/AWI/AWI-CM-1-1-MR/ssp370/r1i1p1f1/Omon
No .nc files found in /maps/rt582/cmipper/.esgpull/data/CMIP6/ScenarioMIP/AWI/AWI-CM-1-1-MR/ssp370/r1i1p1f1/Omon
Scanning directory: /maps/rt582/cmipper/.esgpull/data/CMIP6/ScenarioMIP/AWI/AWI-CM-1-1-MR/ssp370/r1i1p1f1/Omon/so
No .nc files found in /maps/rt582/cmipper/.esgpull/data/CMIP6/ScenarioMIP/AWI/AWI-CM-1-1-MR/ssp370/r1i1p1f1/Omon/so
Scanning directory: /maps/rt582/cmipper/.esgpull/data/CMIP6/ScenarioMIP/AWI/AWI-CM-1-1-MR/ssp370/r1i1p1f1/Omon/thetao
No .nc files found in /maps/rt582/cmipper/.esgpull/data/CMIP6/ScenarioMIP/AWI/AWI-CM-1-1-MR/ssp370/r1i1p1f1/Omon/thetao
Scanning directory: /maps/rt582/cmipper/.esgpull/data/CMIP6/ScenarioMIP/AWI/AWI-CM-1-1-MR/ssp370/r1i1p1f1/Omon/rsdo
No .nc files found in /maps/rt582/cmipper/.esgpull/data/CMIP6/ScenarioMIP/AWI/AWI-CM-1-1-MR/ssp370/r1i1p1f1/Omon/rsdo
Scanning directory: /maps/rt582/cmipper/.esgpull/data/CMIP6/ScenarioMIP/AWI/AWI-CM-1-1-MR/ssp370/r1i1p1f1/Omon/tos
No .nc files found in /maps/rt582/cmipper/.esgpull/data/CMIP6/ScenarioMIP/AWI/AWI-CM-1-1-MR/ssp370/r1i1p1f1/Omon/tos
Scanning directory: /maps/rt582/cmipper/.esgpull/data/CMIP6/ScenarioMIP/AWI/AWI-CM-1-1-MR/ssp370/r1i1p1f1/Omon/so/gn
No .nc files found in /maps/rt582/cmipper/.esgpull/data/CMIP6/ScenarioMIP/AWI/AWI-CM-1-1-MR/ssp370/r1i1p1f1/Omon/so/gn
Scanning directory: /maps/rt582/cmipper/.esgpull/data/CMIP6/ScenarioMIP/AWI/AWI-CM-1-1-MR/ssp370/r1i1p1f1/Omon/thetao/gn
No .nc files found in /maps/rt582/cmipper/.esgpull/data/CMIP6/ScenarioMIP/AWI/AWI-CM-1-1-MR/ssp370/r1i1p1f1/Omon/thetao/gn
Scanning directory: /maps/rt582/cmipper/.esgpull/data/CMIP6/ScenarioMIP/AWI/AWI-CM-1-1-MR/ssp370/r1i1p1f1/Omon/rsdo/gn
No .nc files found in /maps/rt582/cmipper/.esgpull/data/CMIP6/ScenarioMIP/AWI/AWI-CM-1-1-MR/ssp370/r1i1p1f1/Omon/rsdo/gn
Scanning directory: /maps/rt582/cmipper/.esgpull/data/CMIP6/ScenarioMIP/AWI/AWI-CM-1-1-MR/ssp370/r1i1p1f1/Omon/tos/gn
No .nc files found in /maps/rt582/cmipper/.esgpull/data/CMIP6/ScenarioMIP/AWI/AWI-CM-1-1-MR/ssp370/r1i1p1f1/Omon/tos/gn
Scanning directory: /maps/rt582/cmipper/.esgpull/data/CMIP6/ScenarioMIP/AWI/AWI-CM-1-1-MR/ssp370/r1i1p1f1/Omon/so/gn/v20181218
No .nc files found in /maps/rt582/cmipper/.esgpull/data/CMIP6/ScenarioMIP/AWI/AWI-CM-1-1-MR/ssp370/r1i1p1f1/Omon/so/gn/v20181218
Scanning directory: /maps/rt582/cmipper/.esgpull/data/CMIP6/ScenarioMIP/AWI/AWI-CM-1-1-MR/ssp370/r1i1p1f1/Omon/so/gn/v20181218/remapped
Skipping directory (filepath contains remapped/processed): /maps/rt582/cmipper/.esgpull/data/CMIP6/ScenarioMIP/AWI/AWI-CM-1-1-MR/ssp370/r1i1p1f1/Omon/so/gn/v20181218/remapped
Scanning directory: /maps/rt582/cmipper/.esgpull/data/CMIP6/ScenarioMIP/AWI/AWI-CM-1-1-MR/ssp370/r1i1p1f1/Omon/thetao/gn/v20181218
No .nc files found in /maps/rt582/cmipper/.esgpull/data/CMIP6/ScenarioMIP/AWI/AWI-CM-1-1-MR/ssp370/r1i1p1f1/Omon/thetao/gn/v20181218
Scanning directory: /maps/rt582/cmipper/.esgpull/data/CMIP6/ScenarioMIP/AWI/AWI-CM-1-1-MR/ssp370/r1i1p1f1/Omon/thetao/gn/v20181218/remapped
Skipping directory (filepath contains remapped/processed): /maps/rt582/cmipper/.esgpull/data/CMIP6/ScenarioMIP/AWI/AWI-CM-1-1-MR/ssp370/r1i1p1f1/Omon/thetao/gn/v20181218/remapped
Scanning directory: /maps/rt582/cmipper/.esgpull/data/CMIP6/ScenarioMIP/AWI/AWI-CM-1-1-MR/ssp370/r1i1p1f1/Omon/rsdo/gn/v20181218
No .nc files found in /maps/rt582/cmipper/.esgpull/data/CMIP6/ScenarioMIP/AWI/AWI-CM-1-1-MR/ssp370/r1i1p1f1/Omon/rsdo/gn/v20181218
Scanning directory: /maps/rt582/cmipper/.esgpull/data/CMIP6/ScenarioMIP/AWI/AWI-CM-1-1-MR/ssp370/r1i1p1f1/Omon/rsdo/gn/v20181218/remapped
Skipping directory (filepath contains remapped/processed): /maps/rt582/cmipper/.esgpull/data/CMIP6/ScenarioMIP/AWI/AWI-CM-1-1-MR/ssp370/r1i1p1f1/Omon/rsdo/gn/v20181218/remapped
Scanning directory: /maps/rt582/cmipper/.esgpull/data/CMIP6/ScenarioMIP/AWI/AWI-CM-1-1-MR/ssp370/r1i1p1f1/Omon/tos/gn/v20181218
No .nc files found in /maps/rt582/cmipper/.esgpull/data/CMIP6/ScenarioMIP/AWI/AWI-CM-1-1-MR/ssp370/r1i1p1f1/Omon/tos/gn/v20181218
Scanning directory: /maps/rt582/cmipper/.esgpull/data/CMIP6/ScenarioMIP/AWI/AWI-CM-1-1-MR/ssp370/r1i1p1f1/Omon/tos/gn/v20181218/remapped
Skipping directory (filepath contains remapped/processed): /maps/rt582/cmipper/.esgpull/data/CMIP6/ScenarioMIP/AWI/AWI-CM-1-1-MR/ssp370/r1i1p1f1/Omon/tos/gn/v20181218/remapped
Scanning directory: /maps/rt582/cmipper/.esgpull/data/CMIP6/ScenarioMIP/CSIRO/ACCESS-ESM1-5/ssp585
No .nc files found in /maps/rt582/cmipper/.esgpull/data/CMIP6/ScenarioMIP/CSIRO/ACCESS-ESM1-5/ssp585
Scanning directory: /maps/rt582/cmipper/.esgpull/data/CMIP6/ScenarioMIP/CSIRO/ACCESS-ESM1-5/ssp126
No .nc files found in /maps/rt582/cmipper/.esgpull/data/CMIP6/ScenarioMIP/CSIRO/ACCESS-ESM1-5/ssp126
Scanning directory: /maps/rt582/cmipper/.esgpull/data/CMIP6/ScenarioMIP/CSIRO/ACCESS-ESM1-5/ssp370
No .nc files found in /maps/rt582/cmipper/.esgpull/data/CMIP6/ScenarioMIP/CSIRO/ACCESS-ESM1-5/ssp370
Scanning directory: /maps/rt582/cmipper/.esgpull/data/CMIP6/ScenarioMIP/CSIRO/ACCESS-ESM1-5/ssp245
No .nc files found in /maps/rt582/cmipper/.esgpull/data/CMIP6/ScenarioMIP/CSIRO/ACCESS-ESM1-5/ssp245
Scanning directory: /maps/rt582/cmipper/.esgpull/data/CMIP6/ScenarioMIP/CSIRO/ACCESS-ESM1-5/ssp585/r1i1p1f1
No .nc files found in /maps/rt582/cmipper/.esgpull/data/CMIP6/ScenarioMIP/CSIRO/ACCESS-ESM1-5/ssp585/r1i1p1f1
Scanning directory: /maps/rt582/cmipper/.esgpull/data/CMIP6/ScenarioMIP/CSIRO/ACCESS-ESM1-5/ssp126/r1i1p1f1
No .nc files found in /maps/rt582/cmipper/.esgpull/data/CMIP6/ScenarioMIP/CSIRO/ACCESS-ESM1-5/ssp126/r1i1p1f1
Scanning directory: /maps/rt582/cmipper/.esgpull/data/CMIP6/ScenarioMIP/CSIRO/ACCESS-ESM1-5/ssp370/r1i1p1f1
No .nc files found in /maps/rt582/cmipper/.esgpull/data/CMIP6/ScenarioMIP/CSIRO/ACCESS-ESM1-5/ssp370/r1i1p1f1
Scanning directory: /maps/rt582/cmipper/.esgpull/data/CMIP6/ScenarioMIP/CSIRO/ACCESS-ESM1-5/ssp245/r1i1p1f1
No .nc files found in /maps/rt582/cmipper/.esgpull/data/CMIP6/ScenarioMIP/CSIRO/ACCESS-ESM1-5/ssp245/r1i1p1f1
Scanning directory: /maps/rt582/cmipper/.esgpull/data/CMIP6/ScenarioMIP/CSIRO/ACCESS-ESM1-5/ssp585/r1i1p1f1/Omon
No .nc files found in /maps/rt582/cmipper/.esgpull/data/CMIP6/ScenarioMIP/CSIRO/ACCESS-ESM1-5/ssp585/r1i1p1f1/Omon
Scanning directory: /maps/rt582/cmipper/.esgpull/data/CMIP6/ScenarioMIP/CSIRO/ACCESS-ESM1-5/ssp585/r1i1p1f1/Omon/arag
No .nc files found in /maps/rt582/cmipper/.esgpull/data/CMIP6/ScenarioMIP/CSIRO/ACCESS-ESM1-5/ssp585/r1i1p1f1/Omon/arag
Scanning directory: /maps/rt582/cmipper/.esgpull/data/CMIP6/ScenarioMIP/CSIRO/ACCESS-ESM1-5/ssp585/r1i1p1f1/Omon/po4
No .nc files found in /maps/rt582/cmipper/.esgpull/data/CMIP6/ScenarioMIP/CSIRO/ACCESS-ESM1-5/ssp585/r1i1p1f1/Omon/po4
Scanning directory: /maps/rt582/cmipper/.esgpull/data/CMIP6/ScenarioMIP/CSIRO/ACCESS-ESM1-5/ssp585/r1i1p1f1/Omon/no3
No .nc files found in /maps/rt582/cmipper/.esgpull/data/CMIP6/ScenarioMIP/CSIRO/ACCESS-ESM1-5/ssp585/r1i1p1f1/Omon/no3
Scanning directory: /maps/rt582/cmipper/.esgpull/data/CMIP6/ScenarioMIP/CSIRO/ACCESS-ESM1-5/ssp585/r1i1p1f1/Omon/arag/gn
No .nc files found in /maps/rt582/cmipper/.esgpull/data/CMIP6/ScenarioMIP/CSIRO/ACCESS-ESM1-5/ssp585/r1i1p1f1/Omon/arag/gn
Scanning directory: /maps/rt582/cmipper/.esgpull/data/CMIP6/ScenarioMIP/CSIRO/ACCESS-ESM1-5/ssp585/r1i1p1f1/Omon/po4/gn
No .nc files found in /maps/rt582/cmipper/.esgpull/data/CMIP6/ScenarioMIP/CSIRO/ACCESS-ESM1-5/ssp585/r1i1p1f1/Omon/po4/gn
Scanning directory: /maps/rt582/cmipper/.esgpull/data/CMIP6/ScenarioMIP/CSIRO/ACCESS-ESM1-5/ssp585/r1i1p1f1/Omon/no3/gn
No .nc files found in /maps/rt582/cmipper/.esgpull/data/CMIP6/ScenarioMIP/CSIRO/ACCESS-ESM1-5/ssp585/r1i1p1f1/Omon/no3/gn
Scanning directory: /maps/rt582/cmipper/.esgpull/data/CMIP6/ScenarioMIP/CSIRO/ACCESS-ESM1-5/ssp585/r1i1p1f1/Omon/arag/gn/v20210318
No .nc files found in /maps/rt582/cmipper/.esgpull/data/CMIP6/ScenarioMIP/CSIRO/ACCESS-ESM1-5/ssp585/r1i1p1f1/Omon/arag/gn/v20210318
Scanning directory: /maps/rt582/cmipper/.esgpull/data/CMIP6/ScenarioMIP/CSIRO/ACCESS-ESM1-5/ssp585/r1i1p1f1/Omon/arag/gn/v20210318/remapped
Skipping directory (filepath contains remapped/processed): /maps/rt582/cmipper/.esgpull/data/CMIP6/ScenarioMIP/CSIRO/ACCESS-ESM1-5/ssp585/r1i1p1f1/Omon/arag/gn/v20210318/remapped
Scanning directory: /maps/rt582/cmipper/.esgpull/data/CMIP6/ScenarioMIP/CSIRO/ACCESS-ESM1-5/ssp585/r1i1p1f1/Omon/po4/gn/v20210318
No .nc files found in /maps/rt582/cmipper/.esgpull/data/CMIP6/ScenarioMIP/CSIRO/ACCESS-ESM1-5/ssp585/r1i1p1f1/Omon/po4/gn/v20210318
Scanning directory: /maps/rt582/cmipper/.esgpull/data/CMIP6/ScenarioMIP/CSIRO/ACCESS-ESM1-5/ssp585/r1i1p1f1/Omon/po4/gn/v20210318/remapped
Skipping directory (filepath contains remapped/processed): /maps/rt582/cmipper/.esgpull/data/CMIP6/ScenarioMIP/CSIRO/ACCESS-ESM1-5/ssp585/r1i1p1f1/Omon/po4/gn/v20210318/remapped
Scanning directory: /maps/rt582/cmipper/.esgpull/data/CMIP6/ScenarioMIP/CSIRO/ACCESS-ESM1-5/ssp585/r1i1p1f1/Omon/no3/gn/v20210318
No .nc files found in /maps/rt582/cmipper/.esgpull/data/CMIP6/ScenarioMIP/CSIRO/ACCESS-ESM1-5/ssp585/r1i1p1f1/Omon/no3/gn/v20210318
Scanning directory: /maps/rt582/cmipper/.esgpull/data/CMIP6/ScenarioMIP/CSIRO/ACCESS-ESM1-5/ssp585/r1i1p1f1/Omon/no3/gn/v20210318/remapped
Skipping directory (filepath contains remapped/processed): /maps/rt582/cmipper/.esgpull/data/CMIP6/ScenarioMIP/CSIRO/ACCESS-ESM1-5/ssp585/r1i1p1f1/Omon/no3/gn/v20210318/remapped
Scanning directory: /maps/rt582/cmipper/.esgpull/data/CMIP6/ScenarioMIP/CSIRO/ACCESS-ESM1-5/ssp126/r1i1p1f1/Omon
No .nc files found in /maps/rt582/cmipper/.esgpull/data/CMIP6/ScenarioMIP/CSIRO/ACCESS-ESM1-5/ssp126/r1i1p1f1/Omon
Scanning directory: /maps/rt582/cmipper/.esgpull/data/CMIP6/ScenarioMIP/CSIRO/ACCESS-ESM1-5/ssp126/r1i1p1f1/Omon/po4
No .nc files found in /maps/rt582/cmipper/.esgpull/data/CMIP6/ScenarioMIP/CSIRO/ACCESS-ESM1-5/ssp126/r1i1p1f1/Omon/po4
Scanning directory: /maps/rt582/cmipper/.esgpull/data/CMIP6/ScenarioMIP/CSIRO/ACCESS-ESM1-5/ssp126/r1i1p1f1/Omon/no3
No .nc files found in /maps/rt582/cmipper/.esgpull/data/CMIP6/ScenarioMIP/CSIRO/ACCESS-ESM1-5/ssp126/r1i1p1f1/Omon/no3
Scanning directory: /maps/rt582/cmipper/.esgpull/data/CMIP6/ScenarioMIP/CSIRO/ACCESS-ESM1-5/ssp126/r1i1p1f1/Omon/arag
No .nc files found in /maps/rt582/cmipper/.esgpull/data/CMIP6/ScenarioMIP/CSIRO/ACCESS-ESM1-5/ssp126/r1i1p1f1/Omon/arag
Scanning directory: /maps/rt582/cmipper/.esgpull/data/CMIP6/ScenarioMIP/CSIRO/ACCESS-ESM1-5/ssp126/r1i1p1f1/Omon/po4/gn
No .nc files found in /maps/rt582/cmipper/.esgpull/data/CMIP6/ScenarioMIP/CSIRO/ACCESS-ESM1-5/ssp126/r1i1p1f1/Omon/po4/gn
Scanning directory: /maps/rt582/cmipper/.esgpull/data/CMIP6/ScenarioMIP/CSIRO/ACCESS-ESM1-5/ssp126/r1i1p1f1/Omon/no3/gn
No .nc files found in /maps/rt582/cmipper/.esgpull/data/CMIP6/ScenarioMIP/CSIRO/ACCESS-ESM1-5/ssp126/r1i1p1f1/Omon/no3/gn
Scanning directory: /maps/rt582/cmipper/.esgpull/data/CMIP6/ScenarioMIP/CSIRO/ACCESS-ESM1-5/ssp126/r1i1p1f1/Omon/arag/gn
No .nc files found in /maps/rt582/cmipper/.esgpull/data/CMIP6/ScenarioMIP/CSIRO/ACCESS-ESM1-5/ssp126/r1i1p1f1/Omon/arag/gn
Scanning directory: /maps/rt582/cmipper/.esgpull/data/CMIP6/ScenarioMIP/CSIRO/ACCESS-ESM1-5/ssp126/r1i1p1f1/Omon/po4/gn/v20210318
No .nc files found in /maps/rt582/cmipper/.esgpull/data/CMIP6/ScenarioMIP/CSIRO/ACCESS-ESM1-5/ssp126/r1i1p1f1/Omon/po4/gn/v20210318
Scanning directory: /maps/rt582/cmipper/.esgpull/data/CMIP6/ScenarioMIP/CSIRO/ACCESS-ESM1-5/ssp126/r1i1p1f1/Omon/po4/gn/v20210318/remapped
Skipping directory (filepath contains remapped/processed): /maps/rt582/cmipper/.esgpull/data/CMIP6/ScenarioMIP/CSIRO/ACCESS-ESM1-5/ssp126/r1i1p1f1/Omon/po4/gn/v20210318/remapped
Scanning directory: /maps/rt582/cmipper/.esgpull/data/CMIP6/ScenarioMIP/CSIRO/ACCESS-ESM1-5/ssp126/r1i1p1f1/Omon/no3/gn/v20210318
	Remapping 1 files in /maps/rt582/cmipper/.esgpull/data/CMIP6/ScenarioMIP/CSIRO/ACCESS-ESM1-5/ssp126/r1i1p1f1/Omon/no3/gn/v20210318
	Remapping 1 files in /maps/rt582/cmipper/.esgpull/data/CMIP6/ScenarioMIP/CSIRO/ACCESS-ESM1-5/ssp126/r1i1p1f1/Omon/no3/gn/v20210318
/maps/rt582/cmipper/.esgpull/data/CMIP6/ScenarioMIP/CSIRO/ACCESS-ESM1-5/ssp126/r1i1p1f1/Omon/no3/gn/v20210318/remapped/no3_Omon_ACCESS-ESM1-5_ssp126_r1i1p1f1_gn_220101-221012.nc already exists. Skipping...
Scanning directory: /maps/rt582/cmipper/.esgpull/data/CMIP6/ScenarioMIP/CSIRO/ACCESS-ESM1-5/ssp126/r1i1p1f1/Omon/no3/gn/v20210318/remapped
Skipping directory (filepath contains remapped/processed): /maps/rt582/cmipper/.esgpull/data/CMIP6/ScenarioMIP/CSIRO/ACCESS-ESM1-5/ssp126/r1i1p1f1/Omon/no3/gn/v20210318/remapped
Scanning directory: /maps/rt582/cmipper/.esgpull/data/CMIP6/ScenarioMIP/CSIRO/ACCESS-ESM1-5/ssp126/r1i1p1f1/Omon/arag/gn/v20210318
No .nc files found in /maps/rt582/cmipper/.esgpull/data/CMIP6/ScenarioMIP/CSIRO/ACCESS-ESM1-5/ssp126/r1i1p1f1/Omon/arag/gn/v20210318
Scanning directory: /maps/rt582/cmipper/.esgpull/data/CMIP6/ScenarioMIP/CSIRO/ACCESS-ESM1-5/ssp126/r1i1p1f1/Omon/arag/gn/v20210318/remapped
Skipping directory (filepath contains remapped/processed): /maps/rt582/cmipper/.esgpull/data/CMIP6/ScenarioMIP/CSIRO/ACCESS-ESM1-5/ssp126/r1i1p1f1/Omon/arag/gn/v20210318/remapped
Scanning directory: /maps/rt582/cmipper/.esgpull/data/CMIP6/ScenarioMIP/CSIRO/ACCESS-ESM1-5/ssp370/r1i1p1f1/Omon
No .nc files found in /maps/rt582/cmipper/.esgpull/data/CMIP6/ScenarioMIP/CSIRO/ACCESS-ESM1-5/ssp370/r1i1p1f1/Omon
Scanning directory: /maps/rt582/cmipper/.esgpull/data/CMIP6/ScenarioMIP/CSIRO/ACCESS-ESM1-5/ssp370/r1i1p1f1/Omon/po4
No .nc files found in /maps/rt582/cmipper/.esgpull/data/CMIP6/ScenarioMIP/CSIRO/ACCESS-ESM1-5/ssp370/r1i1p1f1/Omon/po4
Scanning directory: /maps/rt582/cmipper/.esgpull/data/CMIP6/ScenarioMIP/CSIRO/ACCESS-ESM1-5/ssp370/r1i1p1f1/Omon/no3
No .nc files found in /maps/rt582/cmipper/.esgpull/data/CMIP6/ScenarioMIP/CSIRO/ACCESS-ESM1-5/ssp370/r1i1p1f1/Omon/no3
Scanning directory: /maps/rt582/cmipper/.esgpull/data/CMIP6/ScenarioMIP/CSIRO/ACCESS-ESM1-5/ssp370/r1i1p1f1/Omon/arag
No .nc files found in /maps/rt582/cmipper/.esgpull/data/CMIP6/ScenarioMIP/CSIRO/ACCESS-ESM1-5/ssp370/r1i1p1f1/Omon/arag
Scanning directory: /maps/rt582/cmipper/.esgpull/data/CMIP6/ScenarioMIP/CSIRO/ACCESS-ESM1-5/ssp370/r1i1p1f1/Omon/po4/gn
No .nc files found in /maps/rt582/cmipper/.esgpull/data/CMIP6/ScenarioMIP/CSIRO/ACCESS-ESM1-5/ssp370/r1i1p1f1/Omon/po4/gn
Scanning directory: /maps/rt582/cmipper/.esgpull/data/CMIP6/ScenarioMIP/CSIRO/ACCESS-ESM1-5/ssp370/r1i1p1f1/Omon/no3/gn
No .nc files found in /maps/rt582/cmipper/.esgpull/data/CMIP6/ScenarioMIP/CSIRO/ACCESS-ESM1-5/ssp370/r1i1p1f1/Omon/no3/gn
Scanning directory: /maps/rt582/cmipper/.esgpull/data/CMIP6/ScenarioMIP/CSIRO/ACCESS-ESM1-5/ssp370/r1i1p1f1/Omon/arag/gn
No .nc files found in /maps/rt582/cmipper/.esgpull/data/CMIP6/ScenarioMIP/CSIRO/ACCESS-ESM1-5/ssp370/r1i1p1f1/Omon/arag/gn
Scanning directory: /maps/rt582/cmipper/.esgpull/data/CMIP6/ScenarioMIP/CSIRO/ACCESS-ESM1-5/ssp370/r1i1p1f1/Omon/po4/gn/v20191115
No .nc files found in /maps/rt582/cmipper/.esgpull/data/CMIP6/ScenarioMIP/CSIRO/ACCESS-ESM1-5/ssp370/r1i1p1f1/Omon/po4/gn/v20191115
Scanning directory: /maps/rt582/cmipper/.esgpull/data/CMIP6/ScenarioMIP/CSIRO/ACCESS-ESM1-5/ssp370/r1i1p1f1/Omon/po4/gn/v20191115/remapped
Skipping directory (filepath contains remapped/processed): /maps/rt582/cmipper/.esgpull/data/CMIP6/ScenarioMIP/CSIRO/ACCESS-ESM1-5/ssp370/r1i1p1f1/Omon/po4/gn/v20191115/remapped
Scanning directory: /maps/rt582/cmipper/.esgpull/data/CMIP6/ScenarioMIP/CSIRO/ACCESS-ESM1-5/ssp370/r1i1p1f1/Omon/no3/gn/v20191115
No .nc files found in /maps/rt582/cmipper/.esgpull/data/CMIP6/ScenarioMIP/CSIRO/ACCESS-ESM1-5/ssp370/r1i1p1f1/Omon/no3/gn/v20191115
Scanning directory: /maps/rt582/cmipper/.esgpull/data/CMIP6/ScenarioMIP/CSIRO/ACCESS-ESM1-5/ssp370/r1i1p1f1/Omon/no3/gn/v20191115/remapped
Skipping directory (filepath contains remapped/processed): /maps/rt582/cmipper/.esgpull/data/CMIP6/ScenarioMIP/CSIRO/ACCESS-ESM1-5/ssp370/r1i1p1f1/Omon/no3/gn/v20191115/remapped
Scanning directory: /maps/rt582/cmipper/.esgpull/data/CMIP6/ScenarioMIP/CSIRO/ACCESS-ESM1-5/ssp370/r1i1p1f1/Omon/arag/gn/v20191115
No .nc files found in /maps/rt582/cmipper/.esgpull/data/CMIP6/ScenarioMIP/CSIRO/ACCESS-ESM1-5/ssp370/r1i1p1f1/Omon/arag/gn/v20191115
Scanning directory: /maps/rt582/cmipper/.esgpull/data/CMIP6/ScenarioMIP/CSIRO/ACCESS-ESM1-5/ssp370/r1i1p1f1/Omon/arag/gn/v20191115/remapped
Skipping directory (filepath contains remapped/processed): /maps/rt582/cmipper/.esgpull/data/CMIP6/ScenarioMIP/CSIRO/ACCESS-ESM1-5/ssp370/r1i1p1f1/Omon/arag/gn/v20191115/remapped
Scanning directory: /maps/rt582/cmipper/.esgpull/data/CMIP6/ScenarioMIP/CSIRO/ACCESS-ESM1-5/ssp245/r1i1p1f1/Omon
No .nc files found in /maps/rt582/cmipper/.esgpull/data/CMIP6/ScenarioMIP/CSIRO/ACCESS-ESM1-5/ssp245/r1i1p1f1/Omon
Scanning directory: /maps/rt582/cmipper/.esgpull/data/CMIP6/ScenarioMIP/CSIRO/ACCESS-ESM1-5/ssp245/r1i1p1f1/Omon/arag
No .nc files found in /maps/rt582/cmipper/.esgpull/data/CMIP6/ScenarioMIP/CSIRO/ACCESS-ESM1-5/ssp245/r1i1p1f1/Omon/arag
Scanning directory: /maps/rt582/cmipper/.esgpull/data/CMIP6/ScenarioMIP/CSIRO/ACCESS-ESM1-5/ssp245/r1i1p1f1/Omon/po4
No .nc files found in /maps/rt582/cmipper/.esgpull/data/CMIP6/ScenarioMIP/CSIRO/ACCESS-ESM1-5/ssp245/r1i1p1f1/Omon/po4
Scanning directory: /maps/rt582/cmipper/.esgpull/data/CMIP6/ScenarioMIP/CSIRO/ACCESS-ESM1-5/ssp245/r1i1p1f1/Omon/no3
No .nc files found in /maps/rt582/cmipper/.esgpull/data/CMIP6/ScenarioMIP/CSIRO/ACCESS-ESM1-5/ssp245/r1i1p1f1/Omon/no3
Scanning directory: /maps/rt582/cmipper/.esgpull/data/CMIP6/ScenarioMIP/CSIRO/ACCESS-ESM1-5/ssp245/r1i1p1f1/Omon/arag/gn
No .nc files found in /maps/rt582/cmipper/.esgpull/data/CMIP6/ScenarioMIP/CSIRO/ACCESS-ESM1-5/ssp245/r1i1p1f1/Omon/arag/gn
Scanning directory: /maps/rt582/cmipper/.esgpull/data/CMIP6/ScenarioMIP/CSIRO/ACCESS-ESM1-5/ssp245/r1i1p1f1/Omon/po4/gn
No .nc files found in /maps/rt582/cmipper/.esgpull/data/CMIP6/ScenarioMIP/CSIRO/ACCESS-ESM1-5/ssp245/r1i1p1f1/Omon/po4/gn
Scanning directory: /maps/rt582/cmipper/.esgpull/data/CMIP6/ScenarioMIP/CSIRO/ACCESS-ESM1-5/ssp245/r1i1p1f1/Omon/no3/gn
No .nc files found in /maps/rt582/cmipper/.esgpull/data/CMIP6/ScenarioMIP/CSIRO/ACCESS-ESM1-5/ssp245/r1i1p1f1/Omon/no3/gn
Scanning directory: /maps/rt582/cmipper/.esgpull/data/CMIP6/ScenarioMIP/CSIRO/ACCESS-ESM1-5/ssp245/r1i1p1f1/Omon/arag/gn/v20191115
	Remapping 1 files in /maps/rt582/cmipper/.esgpull/data/CMIP6/ScenarioMIP/CSIRO/ACCESS-ESM1-5/ssp245/r1i1p1f1/Omon/arag/gn/v20191115
	Remapping 1 files in /maps/rt582/cmipper/.esgpull/data/CMIP6/ScenarioMIP/CSIRO/ACCESS-ESM1-5/ssp245/r1i1p1f1/Omon/arag/gn/v20191115
	Remapping /maps/rt582/cmipper/.esgpull/data/CMIP6/ScenarioMIP/CSIRO/ACCESS-ESM1-5/ssp245/r1i1p1f1/Omon/arag/gn/v20191115/arag_Omon_ACCESS-ESM1-5_ssp245_r1i1p1f1_gn_202501-203412.nc -> /maps/rt582/cmipper/.esgpull/data/CMIP6/ScenarioMIP/CSIRO/ACCESS-ESM1-5/ssp245/r1i1p1f1/Omon/arag/gn/v20191115/remapped/arag_Omon_ACCESS-ESM1-5_ssp245_r1i1p1f1_gn_202501-203412.nc
Error remapping /maps/rt582/cmipper/.esgpull/data/CMIP6/ScenarioMIP/CSIRO/ACCESS-ESM1-5/ssp245/r1i1p1f1/Omon/arag/gn/v20191115/arag_Omon_ACCESS-ESM1-5_ssp245_r1i1p1f1_gn_202501-203412.nc: Command '['cdo', '-P', '128', 'remapcon,/maps/rt582/cmipper/.esgpull/data/CMIP6/ScenarioMIP/CSIRO/ACCESS-ESM1-5/ssp245/r1i1p1f1/Omon/arag/gn/v20191115/remap_grid.txt', '-sellevidx,1', '/maps/rt582/cmipper/.esgpull/data/CMIP6/ScenarioMIP/CSIRO/ACCESS-ESM1-5/ssp245/r1i1p1f1/Omon/arag/gn/v20191115/arag_Omon_ACCESS-ESM1-5_ssp245_r1i1p1f1_gn_202501-203412.nc', '/maps/rt582/cmipper/.esgpull/data/CMIP6/ScenarioMIP/CSIRO/ACCESS-ESM1-5/ssp245/r1i1p1f1/Omon/arag/gn/v20191115/remapped/arag_Omon_ACCESS-ESM1-5_ssp245_r1i1p1f1_gn_202501-203412.nc']' returned non-zero exit status 1.
Scanning directory: /maps/rt582/cmipper/.esgpull/data/CMIP6/ScenarioMIP/CSIRO/ACCESS-ESM1-5/ssp245/r1i1p1f1/Omon/arag/gn/v20191115/remapped
Skipping directory (filepath contains remapped/processed): /maps/rt582/cmipper/.esgpull/data/CMIP6/ScenarioMIP/CSIRO/ACCESS-ESM1-5/ssp245/r1i1p1f1/Omon/arag/gn/v20191115/remapped
Scanning directory: /maps/rt582/cmipper/.esgpull/data/CMIP6/ScenarioMIP/CSIRO/ACCESS-ESM1-5/ssp245/r1i1p1f1/Omon/po4/gn/v20191115
	Remapping 1 files in /maps/rt582/cmipper/.esgpull/data/CMIP6/ScenarioMIP/CSIRO/ACCESS-ESM1-5/ssp245/r1i1p1f1/Omon/po4/gn/v20191115
	Remapping 1 files in /maps/rt582/cmipper/.esgpull/data/CMIP6/ScenarioMIP/CSIRO/ACCESS-ESM1-5/ssp245/r1i1p1f1/Omon/po4/gn/v20191115
	Remapping /maps/rt582/cmipper/.esgpull/data/CMIP6/ScenarioMIP/CSIRO/ACCESS-ESM1-5/ssp245/r1i1p1f1/Omon/po4/gn/v20191115/po4_Omon_ACCESS-ESM1-5_ssp245_r1i1p1f1_gn_201501-202412.nc -> /maps/rt582/cmipper/.esgpull/data/CMIP6/ScenarioMIP/CSIRO/ACCESS-ESM1-5/ssp245/r1i1p1f1/Omon/po4/gn/v20191115/remapped/po4_Omon_ACCESS-ESM1-5_ssp245_r1i1p1f1_gn_201501-202412.nc
Error remapping /maps/rt582/cmipper/.esgpull/data/CMIP6/ScenarioMIP/CSIRO/ACCESS-ESM1-5/ssp245/r1i1p1f1/Omon/po4/gn/v20191115/po4_Omon_ACCESS-ESM1-5_ssp245_r1i1p1f1_gn_201501-202412.nc: Command '['cdo', '-P', '128', 'remapcon,/maps/rt582/cmipper/.esgpull/data/CMIP6/ScenarioMIP/CSIRO/ACCESS-ESM1-5/ssp245/r1i1p1f1/Omon/po4/gn/v20191115/remap_grid.txt', '-sellevidx,1', '/maps/rt582/cmipper/.esgpull/data/CMIP6/ScenarioMIP/CSIRO/ACCESS-ESM1-5/ssp245/r1i1p1f1/Omon/po4/gn/v20191115/po4_Omon_ACCESS-ESM1-5_ssp245_r1i1p1f1_gn_201501-202412.nc', '/maps/rt582/cmipper/.esgpull/data/CMIP6/ScenarioMIP/CSIRO/ACCESS-ESM1-5/ssp245/r1i1p1f1/Omon/po4/gn/v20191115/remapped/po4_Omon_ACCESS-ESM1-5_ssp245_r1i1p1f1_gn_201501-202412.nc']' returned non-zero exit status 1.
Scanning directory: /maps/rt582/cmipper/.esgpull/data/CMIP6/ScenarioMIP/CSIRO/ACCESS-ESM1-5/ssp245/r1i1p1f1/Omon/po4/gn/v20191115/remapped
Skipping directory (filepath contains remapped/processed): /maps/rt582/cmipper/.esgpull/data/CMIP6/ScenarioMIP/CSIRO/ACCESS-ESM1-5/ssp245/r1i1p1f1/Omon/po4/gn/v20191115/remapped
Scanning directory: /maps/rt582/cmipper/.esgpull/data/CMIP6/ScenarioMIP/CSIRO/ACCESS-ESM1-5/ssp245/r1i1p1f1/Omon/no3/gn/v20191115
No .nc files found in /maps/rt582/cmipper/.esgpull/data/CMIP6/ScenarioMIP/CSIRO/ACCESS-ESM1-5/ssp245/r1i1p1f1/Omon/no3/gn/v20191115
Scanning directory: /maps/rt582/cmipper/.esgpull/data/CMIP6/ScenarioMIP/CSIRO/ACCESS-ESM1-5/ssp245/r1i1p1f1/Omon/no3/gn/v20191115/remapped
Skipping directory (filepath contains remapped/processed): /maps/rt582/cmipper/.esgpull/data/CMIP6/ScenarioMIP/CSIRO/ACCESS-ESM1-5/ssp245/r1i1p1f1/Omon/no3/gn/v20191115/remapped
Scanning directory: /maps/rt582/cmipper/.esgpull/data/CMIP6
No .nc files found in /maps/rt582/cmipper/.esgpull/data/CMIP6
Traceback (most recent call last):
  File "/maps/rt582/cmipper/cmipper/directory_processing.py", line 2, in <module>
    import subprocessd
ModuleNotFoundError: No module named 'subprocessd'
Scanning directory: /maps/rt582/cmipper/notebooks/dev/ocean_colour_2022/remapped
Skipping directory (filepath contains remapped/processed): /maps/rt582/cmipper/notebooks/dev/ocean_colour_2022/remapped
Scanning directory: /maps/rt582/cmipper/notebooks/dev/ocean_colour_2022
	Remapping 10 files in /maps/rt582/cmipper/notebooks/dev/ocean_colour_2022
	Remapping 10 files in /maps/rt582/cmipper/notebooks/dev/ocean_colour_2022
	Remapping /maps/rt582/cmipper/notebooks/dev/ocean_colour_2022/ESACCI-OC-L3S-K_490-MERGED-1Y_YEARLY_4km_GEO_PML_KD490_Lee-2015-fv6.0.nc -> /maps/rt582/cmipper/notebooks/dev/ocean_colour_2022/remapped/ESACCI-OC-L3S-K_490-MERGED-1Y_YEARLY_4km_GEO_PML_KD490_Lee-2015-fv6.0.nc
Traceback (most recent call last):
  File "/maps/rt582/cmipper/cmipper/directory_processing.py", line 217, in <module>
    pipeline.run()
  File "/maps/rt582/cmipper/cmipper/directory_processing.py", line 177, in run
    self.regrid_directory(subdir)
  File "/maps/rt582/cmipper/cmipper/directory_processing.py", line 113, in regrid_directory
    remap_to_grid(
  File "/maps/rt582/cmipper/cmipper/directory_processing.py", line 51, in remap_to_grid
    subprocess.run(cmd, check=True)
  File "/maps/rt582/miniforge3/lib/python3.10/subprocess.py", line 503, in run
    with Popen(*popenargs, **kwargs) as process:
  File "/maps/rt582/miniforge3/lib/python3.10/subprocess.py", line 971, in __init__
    self._execute_child(args, executable, preexec_fn, close_fds,
  File "/maps/rt582/miniforge3/lib/python3.10/subprocess.py", line 1863, in _execute_child
    raise child_exception_type(errno_num, err_msg, err_filename)
FileNotFoundError: [Errno 2] No such file or directory: 'cdo'
cdo    remapcon: YAC first order conservative weights from lonlat (8640x4320) to lonlat (1440x720) grid, with source mask (0)
cdo    remapcon: YAC first order conservative weights from lonlat (8640x4320) to lonlat (1440x720) grid, with source mask (21888996)
cdo    remapcon: YAC first order conservative weights from lonlat (8640x4320) to lonlat (1440x720) grid, with source mask (21877753)
cdo    remapcon: YAC first order conservative weights from lonlat (8640x4320) to lonlat (1440x720) grid, with source mask (21987070)
cdo    remapcon: YAC first order conservative weights from lonlat (8640x4320) to lonlat (1440x720) grid, with source mask (21985863)
cdo    remapcon: YAC first order conservative weights from lonlat (8640x4320) to lonlat (1440x720) grid, with source mask (21987177)
cdo    remapcon: YAC first order conservative weights from lonlat (8640x4320) to lonlat (1440x720) grid, with source mask (20522420)
cdo    remapcon: YAC first order conservative weights from lonlat (8640x4320) to lonlat (1440x720) grid, with source mask (21877867)
cdo    remapcon: YAC first order conservative weights from lonlat (8640x4320) to lonlat (1440x720) grid, with source mask (0)
cdo    remapcon: YAC first order conservative weights from lonlat (8640x4320) to lonlat (1440x720) grid, with source mask (21923196)
cdo    remapcon: YAC first order conservative weights from lonlat (8640x4320) to lonlat (1440x720) grid, with source mask (22247739)
cdo    remapcon: YAC first order conservative weights from lonlat (8640x4320) to lonlat (1440x720) grid, with source mask (22245175)
cdo    remapcon: YAC first order conservative weights from lonlat (8640x4320) to lonlat (1440x720) grid, with source mask (22247953)
cdo    remapcon: YAC first order conservative weights from lonlat (8640x4320) to lonlat (1440x720) grid, with source mask (0)
cdo    remapcon: YAC first order conservative weights from lonlat (8640x4320) to lonlat (1440x720) grid, with source mask (21770911)
cdo    remapcon: YAC first order conservative weights from lonlat (8640x4320) to lonlat (1440x720) grid, with source mask (21802693)
cdo    remapcon: YAC first order conservative weights from lonlat (8640x4320) to lonlat (1440x720) grid, with source mask (21888245)
cdo    remapcon: YAC first order conservative weights from lonlat (8640x4320) to lonlat (1440x720) grid, with source mask (21885417)
cdo    remapcon: YAC first order conservative weights from lonlat (8640x4320) to lonlat (1440x720) grid, with source mask (21888444)
cdo    remapcon: YAC first order conservative weights from lonlat (8640x4320) to lonlat (1440x720) grid, with source mask (0)
cdo    remapcon: YAC first order conservative weights from lonlat (8640x4320) to lonlat (1440x720) grid, with source mask (21791351)
cdo    remapcon: YAC first order conservative weights from lonlat (8640x4320) to lonlat (1440x720) grid, with source mask (21822154)
cdo    remapcon: YAC first order conservative weights from lonlat (8640x4320) to lonlat (1440x720) grid, with source mask (21897717)
cdo    remapcon: YAC first order conservative weights from lonlat (8640x4320) to lonlat (1440x720) grid, with source mask (21895912)
cdo    remapcon: YAC first order conservative weights from lonlat (8640x4320) to lonlat (1440x720) grid, with source mask (21897782)
cdo    remapcon: YAC first order conservative weights from lonlat (8640x4320) to lonlat (1440x720) grid, with source mask (22533723)
cdo    remapcon: YAC first order conservative weights from lonlat (8640x4320) to lonlat (1440x720) grid, with source mask (21808425)
cdo    remapcon: YAC first order conservative weights from lonlat (8640x4320) to lonlat (1440x720) grid, with source mask (0)
cdo    remapcon: YAC first order conservative weights from lonlat (8640x4320) to lonlat (1440x720) grid, with source mask (21333103)
cdo    remapcon: YAC first order conservative weights from lonlat (8640x4320) to lonlat (1440x720) grid, with source mask (22677339)
cdo    remapcon: YAC first order conservative weights from lonlat (8640x4320) to lonlat (1440x720) grid, with source mask (22672824)
cdo    remapcon: YAC first order conservative weights from lonlat (8640x4320) to lonlat (1440x720) grid, with source mask (22677531)
cdo    remapcon: YAC first order conservative weights from lonlat (8640x4320) to lonlat (1440x720) grid, with source mask (0)
cdo    remapcon: YAC first order conservative weights from lonlat (8640x4320) to lonlat (1440x720) grid, with source mask (22000079)
cdo    remapcon: YAC first order conservative weights from lonlat (8640x4320) to lonlat (1440x720) grid, with source mask (22168430)
cdo    remapcon: YAC first order conservative weights from lonlat (8640x4320) to lonlat (1440x720) grid, with source mask (21956999)
cdo    remapcon: YAC first order conservative weights from lonlat (8640x4320) to lonlat (1440x720) grid, with source mask (22270423)
cdo    remapcon: YAC first order conservative weights from lonlat (8640x4320) to lonlat (1440x720) grid, with source mask (22262807)
cdo    remapcon: YAC first order conservative weights from lonlat (8640x4320) to lonlat (1440x720) grid, with source mask (22270546)
cdo    remapcon: YAC first order conservative weights from lonlat (8640x4320) to lonlat (1440x720) grid, with source mask (22582358)
cdo    remapcon: YAC first order conservative weights from lonlat (8640x4320) to lonlat (1440x720) grid, with source mask (21805774)
cdo    remapcon: YAC first order conservative weights from lonlat (8640x4320) to lonlat (1440x720) grid, with source mask (0)
cdo    remapcon: YAC first order conservative weights from lonlat (8640x4320) to lonlat (1440x720) grid, with source mask (22696214)
cdo    remapcon: YAC first order conservative weights from lonlat (8640x4320) to lonlat (1440x720) grid, with source mask (22692617)
cdo    remapcon: YAC first order conservative weights from lonlat (8640x4320) to lonlat (1440x720) grid, with source mask (22696401)
cdo    remapcon: YAC first order conservative weights from lonlat (8640x4320) to lonlat (1440x720) grid, with source mask (0)
cdo    remapcon: YAC first order conservative weights from lonlat (8640x4320) to lonlat (1440x720) grid, with source mask (22026686)
cdo    remapcon: YAC first order conservative weights from lonlat (8640x4320) to lonlat (1440x720) grid, with source mask (21571211)
cdo    remapcon: YAC first order conservative weights from lonlat (8640x4320) to lonlat (1440x720) grid, with source mask (21992513)
cdo    remapcon: YAC first order conservative weights from lonlat (8640x4320) to lonlat (1440x720) grid, with source mask (22245722)
cdo    remapcon: YAC first order conservative weights from lonlat (8640x4320) to lonlat (1440x720) grid, with source mask (22236057)
cdo    remapcon: YAC first order conservative weights from lonlat (8640x4320) to lonlat (1440x720) grid, with source mask (22245818)
cdo    remapcon: YAC first order conservative weights from lonlat (8640x4320) to lonlat (1440x720) grid, with source mask (0)
cdo    remapcon: YAC first order conservative weights from lonlat (8640x4320) to lonlat (1440x720) grid, with source mask (22008700)
cdo    remapcon: YAC first order conservative weights from lonlat (8640x4320) to lonlat (1440x720) grid, with source mask (22246488)
cdo    remapcon: YAC first order conservative weights from lonlat (8640x4320) to lonlat (1440x720) grid, with source mask (22281861)
cdo    remapcon: YAC first order conservative weights from lonlat (8640x4320) to lonlat (1440x720) grid, with source mask (21766126)
cdo    remapcon: YAC first order conservative weights from lonlat (8640x4320) to lonlat (1440x720) grid, with source mask (22373240)
cdo    remapcon: YAC first order conservative weights from lonlat (8640x4320) to lonlat (1440x720) grid, with source mask (22364161)
cdo    remapcon: YAC first order conservative weights from lonlat (8640x4320) to lonlat (1440x720) grid, with source mask (22373346)
Scanning directory: /maps/rt582/cmipper/notebooks/dev/ocean_colour_2022/remapped
Skipping directory (filepath contains remapped/processed): /maps/rt582/cmipper/notebooks/dev/ocean_colour_2022/remapped
Scanning directory: /maps/rt582/cmipper/notebooks/dev/ocean_colour_2022
	Remapping 10 files in /maps/rt582/cmipper/notebooks/dev/ocean_colour_2022
	Remapping 10 files in /maps/rt582/cmipper/notebooks/dev/ocean_colour_2022
	Remapping /maps/rt582/cmipper/notebooks/dev/ocean_colour_2022/ESACCI-OC-L3S-K_490-MERGED-1Y_YEARLY_4km_GEO_PML_KD490_Lee-2015-fv6.0.nc -> /maps/rt582/cmipper/notebooks/dev/ocean_colour_2022/remapped/ESACCI-OC-L3S-K_490-MERGED-1Y_YEARLY_4km_GEO_PML_KD490_Lee-2015-fv6.0.nc
Remapped: /maps/rt582/cmipper/notebooks/dev/ocean_colour_2022/ESACCI-OC-L3S-K_490-MERGED-1Y_YEARLY_4km_GEO_PML_KD490_Lee-2015-fv6.0.nc -> /maps/rt582/cmipper/notebooks/dev/ocean_colour_2022/remapped/ESACCI-OC-L3S-K_490-MERGED-1Y_YEARLY_4km_GEO_PML_KD490_Lee-2015-fv6.0.nc
	Remapping /maps/rt582/cmipper/notebooks/dev/ocean_colour_2022/ESACCI-OC-L3S-K_490-MERGED-1Y_YEARLY_4km_GEO_PML_KD490_Lee-2012-fv6.0.nc -> /maps/rt582/cmipper/notebooks/dev/ocean_colour_2022/remapped/ESACCI-OC-L3S-K_490-MERGED-1Y_YEARLY_4km_GEO_PML_KD490_Lee-2012-fv6.0.nc
Remapped: /maps/rt582/cmipper/notebooks/dev/ocean_colour_2022/ESACCI-OC-L3S-K_490-MERGED-1Y_YEARLY_4km_GEO_PML_KD490_Lee-2012-fv6.0.nc -> /maps/rt582/cmipper/notebooks/dev/ocean_colour_2022/remapped/ESACCI-OC-L3S-K_490-MERGED-1Y_YEARLY_4km_GEO_PML_KD490_Lee-2012-fv6.0.nc
	Remapping /maps/rt582/cmipper/notebooks/dev/ocean_colour_2022/ESACCI-OC-L3S-K_490-MERGED-1Y_YEARLY_4km_GEO_PML_KD490_Lee-2014-fv6.0.nc -> /maps/rt582/cmipper/notebooks/dev/ocean_colour_2022/remapped/ESACCI-OC-L3S-K_490-MERGED-1Y_YEARLY_4km_GEO_PML_KD490_Lee-2014-fv6.0.nc
Remapped: /maps/rt582/cmipper/notebooks/dev/ocean_colour_2022/ESACCI-OC-L3S-K_490-MERGED-1Y_YEARLY_4km_GEO_PML_KD490_Lee-2014-fv6.0.nc -> /maps/rt582/cmipper/notebooks/dev/ocean_colour_2022/remapped/ESACCI-OC-L3S-K_490-MERGED-1Y_YEARLY_4km_GEO_PML_KD490_Lee-2014-fv6.0.nc
	Remapping /maps/rt582/cmipper/notebooks/dev/ocean_colour_2022/ESACCI-OC-L3S-K_490-MERGED-1Y_YEARLY_4km_GEO_PML_KD490_Lee-2013-fv6.0.nc -> /maps/rt582/cmipper/notebooks/dev/ocean_colour_2022/remapped/ESACCI-OC-L3S-K_490-MERGED-1Y_YEARLY_4km_GEO_PML_KD490_Lee-2013-fv6.0.nc
Remapped: /maps/rt582/cmipper/notebooks/dev/ocean_colour_2022/ESACCI-OC-L3S-K_490-MERGED-1Y_YEARLY_4km_GEO_PML_KD490_Lee-2013-fv6.0.nc -> /maps/rt582/cmipper/notebooks/dev/ocean_colour_2022/remapped/ESACCI-OC-L3S-K_490-MERGED-1Y_YEARLY_4km_GEO_PML_KD490_Lee-2013-fv6.0.nc
	Remapping /maps/rt582/cmipper/notebooks/dev/ocean_colour_2022/ESACCI-OC-L3S-K_490-MERGED-1Y_YEARLY_4km_GEO_PML_KD490_Lee-2010-fv6.0.nc -> /maps/rt582/cmipper/notebooks/dev/ocean_colour_2022/remapped/ESACCI-OC-L3S-K_490-MERGED-1Y_YEARLY_4km_GEO_PML_KD490_Lee-2010-fv6.0.nc
Remapped: /maps/rt582/cmipper/notebooks/dev/ocean_colour_2022/ESACCI-OC-L3S-K_490-MERGED-1Y_YEARLY_4km_GEO_PML_KD490_Lee-2010-fv6.0.nc -> /maps/rt582/cmipper/notebooks/dev/ocean_colour_2022/remapped/ESACCI-OC-L3S-K_490-MERGED-1Y_YEARLY_4km_GEO_PML_KD490_Lee-2010-fv6.0.nc
/maps/rt582/cmipper/notebooks/dev/ocean_colour_2022/remapped/ESACCI-OC-L3S-K_490-MERGED-1Y_YEARLY_4km_GEO_PML_KD490_Lee-2018-fv6.0.nc already exists. Skipping...
	Remapping /maps/rt582/cmipper/notebooks/dev/ocean_colour_2022/ESACCI-OC-L3S-K_490-MERGED-1Y_YEARLY_4km_GEO_PML_KD490_Lee-2017-fv6.0.nc -> /maps/rt582/cmipper/notebooks/dev/ocean_colour_2022/remapped/ESACCI-OC-L3S-K_490-MERGED-1Y_YEARLY_4km_GEO_PML_KD490_Lee-2017-fv6.0.nc
Remapped: /maps/rt582/cmipper/notebooks/dev/ocean_colour_2022/ESACCI-OC-L3S-K_490-MERGED-1Y_YEARLY_4km_GEO_PML_KD490_Lee-2017-fv6.0.nc -> /maps/rt582/cmipper/notebooks/dev/ocean_colour_2022/remapped/ESACCI-OC-L3S-K_490-MERGED-1Y_YEARLY_4km_GEO_PML_KD490_Lee-2017-fv6.0.nc
	Remapping /maps/rt582/cmipper/notebooks/dev/ocean_colour_2022/ESACCI-OC-L3S-K_490-MERGED-1Y_YEARLY_4km_GEO_PML_KD490_Lee-2011-fv6.0.nc -> /maps/rt582/cmipper/notebooks/dev/ocean_colour_2022/remapped/ESACCI-OC-L3S-K_490-MERGED-1Y_YEARLY_4km_GEO_PML_KD490_Lee-2011-fv6.0.nc
Remapped: /maps/rt582/cmipper/notebooks/dev/ocean_colour_2022/ESACCI-OC-L3S-K_490-MERGED-1Y_YEARLY_4km_GEO_PML_KD490_Lee-2011-fv6.0.nc -> /maps/rt582/cmipper/notebooks/dev/ocean_colour_2022/remapped/ESACCI-OC-L3S-K_490-MERGED-1Y_YEARLY_4km_GEO_PML_KD490_Lee-2011-fv6.0.nc
	Remapping /maps/rt582/cmipper/notebooks/dev/ocean_colour_2022/ESACCI-OC-L3S-K_490-MERGED-1Y_YEARLY_4km_GEO_PML_KD490_Lee-2016-fv6.0.nc -> /maps/rt582/cmipper/notebooks/dev/ocean_colour_2022/remapped/ESACCI-OC-L3S-K_490-MERGED-1Y_YEARLY_4km_GEO_PML_KD490_Lee-2016-fv6.0.nc
Remapped: /maps/rt582/cmipper/notebooks/dev/ocean_colour_2022/ESACCI-OC-L3S-K_490-MERGED-1Y_YEARLY_4km_GEO_PML_KD490_Lee-2016-fv6.0.nc -> /maps/rt582/cmipper/notebooks/dev/ocean_colour_2022/remapped/ESACCI-OC-L3S-K_490-MERGED-1Y_YEARLY_4km_GEO_PML_KD490_Lee-2016-fv6.0.nc
	Remapping /maps/rt582/cmipper/notebooks/dev/ocean_colour_2022/ESACCI-OC-L3S-K_490-MERGED-1Y_YEARLY_4km_GEO_PML_KD490_Lee-2019-fv6.0.nc -> /maps/rt582/cmipper/notebooks/dev/ocean_colour_2022/remapped/ESACCI-OC-L3S-K_490-MERGED-1Y_YEARLY_4km_GEO_PML_KD490_Lee-2019-fv6.0.nc
Remapped: /maps/rt582/cmipper/notebooks/dev/ocean_colour_2022/ESACCI-OC-L3S-K_490-MERGED-1Y_YEARLY_4km_GEO_PML_KD490_Lee-2019-fv6.0.nc -> /maps/rt582/cmipper/notebooks/dev/ocean_colour_2022/remapped/ESACCI-OC-L3S-K_490-MERGED-1Y_YEARLY_4km_GEO_PML_KD490_Lee-2019-fv6.0.nc
cdo    remapcon: YAC first order conservative weights from lonlat (8640x4320) to lonlat (1440x720) grid, with source mask (0)
cdo    remapcon: YAC first order conservative weights from lonlat (8640x4320) to lonlat (1440x720) grid, with source mask (21525951)
cdo    remapcon: YAC first order conservative weights from lonlat (8640x4320) to lonlat (1440x720) grid, with source mask (21525727)
cdo    remapcon: YAC first order conservative weights from lonlat (8640x4320) to lonlat (1440x720) grid, with source mask (21515311)
cdo    remapcon: YAC first order conservative weights from lonlat (8640x4320) to lonlat (1440x720) grid, with source mask (0)
cdo    remapcon: YAC first order conservative weights from lonlat (8640x4320) to lonlat (1440x720) grid, with source mask (19205951)
cdo    remapcon: YAC first order conservative weights from lonlat (8640x4320) to lonlat (1440x720) grid, with source mask (19205841)
cdo    remapcon: YAC first order conservative weights from lonlat (8640x4320) to lonlat (1440x720) grid, with source mask (19201470)
cdo    remapcon: YAC first order conservative weights from lonlat (8640x4320) to lonlat (1440x720) grid, with source mask (0)
cdo    remapcon: YAC first order conservative weights from lonlat (8640x4320) to lonlat (1440x720) grid, with source mask (21450640)
cdo    remapcon: YAC first order conservative weights from lonlat (8640x4320) to lonlat (1440x720) grid, with source mask (21450401)
cdo    remapcon: YAC first order conservative weights from lonlat (8640x4320) to lonlat (1440x720) grid, with source mask (21443609)
cdo    remapcon: YAC first order conservative weights from lonlat (8640x4320) to lonlat (1440x720) grid, with source mask (0)
cdo    remapcon: YAC first order conservative weights from lonlat (8640x4320) to lonlat (1440x720) grid, with source mask (21707377)
cdo    remapcon: YAC first order conservative weights from lonlat (8640x4320) to lonlat (1440x720) grid, with source mask (21707241)
cdo    remapcon: YAC first order conservative weights from lonlat (8640x4320) to lonlat (1440x720) grid, with source mask (21702989)
cdo    remapcon: YAC first order conservative weights from lonlat (8640x4320) to lonlat (1440x720) grid, with source mask (22505421)
cdo    remapcon: YAC first order conservative weights from lonlat (8640x4320) to lonlat (1440x720) grid, with source mask (22021936)
cdo    remapcon: YAC first order conservative weights from lonlat (8640x4320) to lonlat (1440x720) grid, with source mask (0)
cdo    remapcon: YAC first order conservative weights from lonlat (8640x4320) to lonlat (1440x720) grid, with source mask (21622906)
cdo    remapcon: YAC first order conservative weights from lonlat (8640x4320) to lonlat (1440x720) grid, with source mask (22778704)
cdo    remapcon: YAC first order conservative weights from lonlat (8640x4320) to lonlat (1440x720) grid, with source mask (22773182)
cdo    remapcon: YAC first order conservative weights from lonlat (8640x4320) to lonlat (1440x720) grid, with source mask (22778879)
Scanning directory: /maps/rt582/cmipper/notebooks/dev/ocean_colour_2022/remapped
Skipping directory (filepath contains remapped/processed): /maps/rt582/cmipper/notebooks/dev/ocean_colour_2022/remapped
Scanning directory: /maps/rt582/cmipper/notebooks/dev/ocean_colour_2022
	Remapping 6 files in /maps/rt582/cmipper/notebooks/dev/ocean_colour_2022
	Remapping 6 files in /maps/rt582/cmipper/notebooks/dev/ocean_colour_2022
	Remapping /maps/rt582/cmipper/notebooks/dev/ocean_colour_2022/ESACCI-OC-L3S-K_490-MERGED-1Y_YEARLY_4km_GEO_PML_KD490_Lee-1999-fv6.0.nc -> /maps/rt582/cmipper/notebooks/dev/ocean_colour_2022/remapped/ESACCI-OC-L3S-K_490-MERGED-1Y_YEARLY_4km_GEO_PML_KD490_Lee-1999-fv6.0.nc
Remapped: /maps/rt582/cmipper/notebooks/dev/ocean_colour_2022/ESACCI-OC-L3S-K_490-MERGED-1Y_YEARLY_4km_GEO_PML_KD490_Lee-1999-fv6.0.nc -> /maps/rt582/cmipper/notebooks/dev/ocean_colour_2022/remapped/ESACCI-OC-L3S-K_490-MERGED-1Y_YEARLY_4km_GEO_PML_KD490_Lee-1999-fv6.0.nc
	Remapping /maps/rt582/cmipper/notebooks/dev/ocean_colour_2022/ESACCI-OC-L3S-K_490-MERGED-1Y_YEARLY_4km_GEO_PML_KD490_Lee-1997-fv6.0.nc -> /maps/rt582/cmipper/notebooks/dev/ocean_colour_2022/remapped/ESACCI-OC-L3S-K_490-MERGED-1Y_YEARLY_4km_GEO_PML_KD490_Lee-1997-fv6.0.nc
Remapped: /maps/rt582/cmipper/notebooks/dev/ocean_colour_2022/ESACCI-OC-L3S-K_490-MERGED-1Y_YEARLY_4km_GEO_PML_KD490_Lee-1997-fv6.0.nc -> /maps/rt582/cmipper/notebooks/dev/ocean_colour_2022/remapped/ESACCI-OC-L3S-K_490-MERGED-1Y_YEARLY_4km_GEO_PML_KD490_Lee-1997-fv6.0.nc
	Remapping /maps/rt582/cmipper/notebooks/dev/ocean_colour_2022/ESACCI-OC-L3S-K_490-MERGED-1Y_YEARLY_4km_GEO_PML_KD490_Lee-1998-fv6.0.nc -> /maps/rt582/cmipper/notebooks/dev/ocean_colour_2022/remapped/ESACCI-OC-L3S-K_490-MERGED-1Y_YEARLY_4km_GEO_PML_KD490_Lee-1998-fv6.0.nc
Remapped: /maps/rt582/cmipper/notebooks/dev/ocean_colour_2022/ESACCI-OC-L3S-K_490-MERGED-1Y_YEARLY_4km_GEO_PML_KD490_Lee-1998-fv6.0.nc -> /maps/rt582/cmipper/notebooks/dev/ocean_colour_2022/remapped/ESACCI-OC-L3S-K_490-MERGED-1Y_YEARLY_4km_GEO_PML_KD490_Lee-1998-fv6.0.nc
	Remapping /maps/rt582/cmipper/notebooks/dev/ocean_colour_2022/ESACCI-OC-L3S-K_490-MERGED-1Y_YEARLY_4km_GEO_PML_KD490_Lee-2000-fv6.0.nc -> /maps/rt582/cmipper/notebooks/dev/ocean_colour_2022/remapped/ESACCI-OC-L3S-K_490-MERGED-1Y_YEARLY_4km_GEO_PML_KD490_Lee-2000-fv6.0.nc
Remapped: /maps/rt582/cmipper/notebooks/dev/ocean_colour_2022/ESACCI-OC-L3S-K_490-MERGED-1Y_YEARLY_4km_GEO_PML_KD490_Lee-2000-fv6.0.nc -> /maps/rt582/cmipper/notebooks/dev/ocean_colour_2022/remapped/ESACCI-OC-L3S-K_490-MERGED-1Y_YEARLY_4km_GEO_PML_KD490_Lee-2000-fv6.0.nc
/maps/rt582/cmipper/notebooks/dev/ocean_colour_2022/remapped/ESACCI-OC-L3S-K_490-MERGED-1Y_YEARLY_4km_GEO_PML_KD490_Lee-2018-fv6.0.nc already exists. Skipping...
	Remapping /maps/rt582/cmipper/notebooks/dev/ocean_colour_2022/ESACCI-OC-L3S-K_490-MERGED-1Y_YEARLY_4km_GEO_PML_KD490_Lee-2007-fv6.0.nc -> /maps/rt582/cmipper/notebooks/dev/ocean_colour_2022/remapped/ESACCI-OC-L3S-K_490-MERGED-1Y_YEARLY_4km_GEO_PML_KD490_Lee-2007-fv6.0.nc
Remapped: /maps/rt582/cmipper/notebooks/dev/ocean_colour_2022/ESACCI-OC-L3S-K_490-MERGED-1Y_YEARLY_4km_GEO_PML_KD490_Lee-2007-fv6.0.nc -> /maps/rt582/cmipper/notebooks/dev/ocean_colour_2022/remapped/ESACCI-OC-L3S-K_490-MERGED-1Y_YEARLY_4km_GEO_PML_KD490_Lee-2007-fv6.0.nc
Scanning directory: /maps/rt582/cmipper/notebooks/dev/ocean_colour_2022/remapped
Skipping directory (filepath contains remapped/processed): /maps/rt582/cmipper/notebooks/dev/ocean_colour_2022/remapped
Scanning directory: /maps/rt582/cmipper/notebooks/dev/ocean_colour_2022
	Remapping 1 files in /maps/rt582/cmipper/notebooks/dev/ocean_colour_2022
	Remapping 1 files in /maps/rt582/cmipper/notebooks/dev/ocean_colour_2022
/maps/rt582/cmipper/notebooks/dev/ocean_colour_2022/remapped/ESACCI-OC-L3S-K_490-MERGED-1Y_YEARLY_4km_GEO_PML_KD490_Lee-2018-fv6.0.nc already exists. Skipping...
cdo    remapcon: YAC first order conservative weights from lonlat (8640x4320) to lonlat (1440x720) grid, with source mask (22522610)
cdo    remapcon: YAC first order conservative weights from lonlat (8640x4320) to lonlat (1440x720) grid, with source mask (21950567)
cdo    remapcon: YAC first order conservative weights from lonlat (8640x4320) to lonlat (1440x720) grid, with source mask (0)
cdo    remapcon: YAC first order conservative weights from lonlat (8640x4320) to lonlat (1440x720) grid, with source mask (21552938)
cdo    remapcon: YAC first order conservative weights from lonlat (8640x4320) to lonlat (1440x720) grid, with source mask (22644975)
cdo    remapcon: YAC first order conservative weights from lonlat (8640x4320) to lonlat (1440x720) grid, with source mask (22639321)
cdo    remapcon: YAC first order conservative weights from lonlat (8640x4320) to lonlat (1440x720) grid, with source mask (22645167)
cdo    remapcon: YAC first order conservative weights from lonlat (8640x4320) to lonlat (1440x720) grid, with source mask (20869020)
cdo    remapcon: YAC first order conservative weights from lonlat (8640x4320) to lonlat (1440x720) grid, with source mask (20771217)
cdo    remapcon: YAC first order conservative weights from lonlat (8640x4320) to lonlat (1440x720) grid, with source mask (0)
cdo    remapcon: YAC first order conservative weights from lonlat (8640x4320) to lonlat (1440x720) grid, with source mask (21662779)
cdo    remapcon: YAC first order conservative weights from lonlat (8640x4320) to lonlat (1440x720) grid, with source mask (22301639)
cdo    remapcon: YAC first order conservative weights from lonlat (8640x4320) to lonlat (1440x720) grid, with source mask (22291609)
cdo    remapcon: YAC first order conservative weights from lonlat (8640x4320) to lonlat (1440x720) grid, with source mask (22301836)
cdo    remapcon: YAC first order conservative weights from lonlat (8640x4320) to lonlat (1440x720) grid, with source mask (22291306)
cdo    remapcon: YAC first order conservative weights from lonlat (8640x4320) to lonlat (1440x720) grid, with source mask (21736361)
cdo    remapcon: YAC first order conservative weights from lonlat (8640x4320) to lonlat (1440x720) grid, with source mask (0)
cdo    remapcon: YAC first order conservative weights from lonlat (8640x4320) to lonlat (1440x720) grid, with source mask (21603169)
cdo    remapcon: YAC first order conservative weights from lonlat (8640x4320) to lonlat (1440x720) grid, with source mask (22445265)
cdo    remapcon: YAC first order conservative weights from lonlat (8640x4320) to lonlat (1440x720) grid, with source mask (22439856)
cdo    remapcon: YAC first order conservative weights from lonlat (8640x4320) to lonlat (1440x720) grid, with source mask (22445452)
cdo    remapcon: YAC first order conservative weights from lonlat (8640x4320) to lonlat (1440x720) grid, with source mask (22227009)
cdo    remapcon: YAC first order conservative weights from lonlat (8640x4320) to lonlat (1440x720) grid, with source mask (21662523)
cdo    remapcon: YAC first order conservative weights from lonlat (8640x4320) to lonlat (1440x720) grid, with source mask (0)
cdo    remapcon: YAC first order conservative weights from lonlat (8640x4320) to lonlat (1440x720) grid, with source mask (21523499)
cdo    remapcon: YAC first order conservative weights from lonlat (8640x4320) to lonlat (1440x720) grid, with source mask (22387035)
cdo    remapcon: YAC first order conservative weights from lonlat (8640x4320) to lonlat (1440x720) grid, with source mask (22381666)
cdo    remapcon: YAC first order conservative weights from lonlat (8640x4320) to lonlat (1440x720) grid, with source mask (22387278)
cdo    remapcon: YAC first order conservative weights from lonlat (8640x4320) to lonlat (1440x720) grid, with source mask (0)
cdo    remapcon: YAC first order conservative weights from lonlat (8640x4320) to lonlat (1440x720) grid, with source mask (22166195)
cdo    remapcon: YAC first order conservative weights from lonlat (8640x4320) to lonlat (1440x720) grid, with source mask (22214987)
cdo    remapcon: YAC first order conservative weights from lonlat (8640x4320) to lonlat (1440x720) grid, with source mask (22293108)
cdo    remapcon: YAC first order conservative weights from lonlat (8640x4320) to lonlat (1440x720) grid, with source mask (22279892)
cdo    remapcon: YAC first order conservative weights from lonlat (8640x4320) to lonlat (1440x720) grid, with source mask (22293282)
cdo    remapcon: YAC first order conservative weights from lonlat (8640x4320) to lonlat (1440x720) grid, with source mask (0)
cdo    remapcon: YAC first order conservative weights from lonlat (8640x4320) to lonlat (1440x720) grid, with source mask (21602707)
cdo    remapcon: YAC first order conservative weights from lonlat (8640x4320) to lonlat (1440x720) grid, with source mask (21602566)
cdo    remapcon: YAC first order conservative weights from lonlat (8640x4320) to lonlat (1440x720) grid, with source mask (21597958)
cdo    remapcon: YAC first order conservative weights from lonlat (8640x4320) to lonlat (1440x720) grid, with source mask (22501019)
cdo    remapcon: YAC first order conservative weights from lonlat (8640x4320) to lonlat (1440x720) grid, with source mask (21968074)
cdo    remapcon: YAC first order conservative weights from lonlat (8640x4320) to lonlat (1440x720) grid, with source mask (0)
cdo    remapcon: YAC first order conservative weights from lonlat (8640x4320) to lonlat (1440x720) grid, with source mask (21585736)
cdo    remapcon: YAC first order conservative weights from lonlat (8640x4320) to lonlat (1440x720) grid, with source mask (22641408)
cdo    remapcon: YAC first order conservative weights from lonlat (8640x4320) to lonlat (1440x720) grid, with source mask (22635192)
cdo    remapcon: YAC first order conservative weights from lonlat (8640x4320) to lonlat (1440x720) grid, with source mask (22641600)
Scanning directory: /maps/rt582/cmipper/notebooks/dev/ocean_colour_2022/remapped
Skipping directory (filepath contains remapped/processed): /maps/rt582/cmipper/notebooks/dev/ocean_colour_2022/remapped
Scanning directory: /maps/rt582/cmipper/notebooks/dev/ocean_colour_2022
	Remapping 7 files in /maps/rt582/cmipper/notebooks/dev/ocean_colour_2022
	Remapping 7 files in /maps/rt582/cmipper/notebooks/dev/ocean_colour_2022
	Remapping /maps/rt582/cmipper/notebooks/dev/ocean_colour_2022/ESACCI-OC-L3S-K_490-MERGED-1Y_YEARLY_4km_GEO_PML_KD490_Lee-2005-fv6.0.nc -> /maps/rt582/cmipper/notebooks/dev/ocean_colour_2022/remapped/ESACCI-OC-L3S-K_490-MERGED-1Y_YEARLY_4km_GEO_PML_KD490_Lee-2005-fv6.0.nc
Remapped: /maps/rt582/cmipper/notebooks/dev/ocean_colour_2022/ESACCI-OC-L3S-K_490-MERGED-1Y_YEARLY_4km_GEO_PML_KD490_Lee-2005-fv6.0.nc -> /maps/rt582/cmipper/notebooks/dev/ocean_colour_2022/remapped/ESACCI-OC-L3S-K_490-MERGED-1Y_YEARLY_4km_GEO_PML_KD490_Lee-2005-fv6.0.nc
	Remapping /maps/rt582/cmipper/notebooks/dev/ocean_colour_2022/ESACCI-OC-L3S-K_490-MERGED-1Y_YEARLY_4km_GEO_PML_KD490_Lee-2002-fv6.0.nc -> /maps/rt582/cmipper/notebooks/dev/ocean_colour_2022/remapped/ESACCI-OC-L3S-K_490-MERGED-1Y_YEARLY_4km_GEO_PML_KD490_Lee-2002-fv6.0.nc
Remapped: /maps/rt582/cmipper/notebooks/dev/ocean_colour_2022/ESACCI-OC-L3S-K_490-MERGED-1Y_YEARLY_4km_GEO_PML_KD490_Lee-2002-fv6.0.nc -> /maps/rt582/cmipper/notebooks/dev/ocean_colour_2022/remapped/ESACCI-OC-L3S-K_490-MERGED-1Y_YEARLY_4km_GEO_PML_KD490_Lee-2002-fv6.0.nc
	Remapping /maps/rt582/cmipper/notebooks/dev/ocean_colour_2022/ESACCI-OC-L3S-K_490-MERGED-1Y_YEARLY_4km_GEO_PML_KD490_Lee-2004-fv6.0.nc -> /maps/rt582/cmipper/notebooks/dev/ocean_colour_2022/remapped/ESACCI-OC-L3S-K_490-MERGED-1Y_YEARLY_4km_GEO_PML_KD490_Lee-2004-fv6.0.nc
Remapped: /maps/rt582/cmipper/notebooks/dev/ocean_colour_2022/ESACCI-OC-L3S-K_490-MERGED-1Y_YEARLY_4km_GEO_PML_KD490_Lee-2004-fv6.0.nc -> /maps/rt582/cmipper/notebooks/dev/ocean_colour_2022/remapped/ESACCI-OC-L3S-K_490-MERGED-1Y_YEARLY_4km_GEO_PML_KD490_Lee-2004-fv6.0.nc
	Remapping /maps/rt582/cmipper/notebooks/dev/ocean_colour_2022/ESACCI-OC-L3S-K_490-MERGED-1Y_YEARLY_4km_GEO_PML_KD490_Lee-2003-fv6.0.nc -> /maps/rt582/cmipper/notebooks/dev/ocean_colour_2022/remapped/ESACCI-OC-L3S-K_490-MERGED-1Y_YEARLY_4km_GEO_PML_KD490_Lee-2003-fv6.0.nc
Remapped: /maps/rt582/cmipper/notebooks/dev/ocean_colour_2022/ESACCI-OC-L3S-K_490-MERGED-1Y_YEARLY_4km_GEO_PML_KD490_Lee-2003-fv6.0.nc -> /maps/rt582/cmipper/notebooks/dev/ocean_colour_2022/remapped/ESACCI-OC-L3S-K_490-MERGED-1Y_YEARLY_4km_GEO_PML_KD490_Lee-2003-fv6.0.nc
	Remapping /maps/rt582/cmipper/notebooks/dev/ocean_colour_2022/ESACCI-OC-L3S-K_490-MERGED-1Y_YEARLY_4km_GEO_PML_KD490_Lee-2020-fv6.0.nc -> /maps/rt582/cmipper/notebooks/dev/ocean_colour_2022/remapped/ESACCI-OC-L3S-K_490-MERGED-1Y_YEARLY_4km_GEO_PML_KD490_Lee-2020-fv6.0.nc
Remapped: /maps/rt582/cmipper/notebooks/dev/ocean_colour_2022/ESACCI-OC-L3S-K_490-MERGED-1Y_YEARLY_4km_GEO_PML_KD490_Lee-2020-fv6.0.nc -> /maps/rt582/cmipper/notebooks/dev/ocean_colour_2022/remapped/ESACCI-OC-L3S-K_490-MERGED-1Y_YEARLY_4km_GEO_PML_KD490_Lee-2020-fv6.0.nc
	Remapping /maps/rt582/cmipper/notebooks/dev/ocean_colour_2022/ESACCI-OC-L3S-K_490-MERGED-1Y_YEARLY_4km_GEO_PML_KD490_Lee-2001-fv6.0.nc -> /maps/rt582/cmipper/notebooks/dev/ocean_colour_2022/remapped/ESACCI-OC-L3S-K_490-MERGED-1Y_YEARLY_4km_GEO_PML_KD490_Lee-2001-fv6.0.nc
Remapped: /maps/rt582/cmipper/notebooks/dev/ocean_colour_2022/ESACCI-OC-L3S-K_490-MERGED-1Y_YEARLY_4km_GEO_PML_KD490_Lee-2001-fv6.0.nc -> /maps/rt582/cmipper/notebooks/dev/ocean_colour_2022/remapped/ESACCI-OC-L3S-K_490-MERGED-1Y_YEARLY_4km_GEO_PML_KD490_Lee-2001-fv6.0.nc
	Remapping /maps/rt582/cmipper/notebooks/dev/ocean_colour_2022/ESACCI-OC-L3S-K_490-MERGED-1Y_YEARLY_4km_GEO_PML_KD490_Lee-2006-fv6.0.nc -> /maps/rt582/cmipper/notebooks/dev/ocean_colour_2022/remapped/ESACCI-OC-L3S-K_490-MERGED-1Y_YEARLY_4km_GEO_PML_KD490_Lee-2006-fv6.0.nc
Remapped: /maps/rt582/cmipper/notebooks/dev/ocean_colour_2022/ESACCI-OC-L3S-K_490-MERGED-1Y_YEARLY_4km_GEO_PML_KD490_Lee-2006-fv6.0.nc -> /maps/rt582/cmipper/notebooks/dev/ocean_colour_2022/remapped/ESACCI-OC-L3S-K_490-MERGED-1Y_YEARLY_4km_GEO_PML_KD490_Lee-2006-fv6.0.nc
cdo    remapcon: YAC first order conservative weights from lonlat (8640x4320) to lonlat (1440x720) grid, with source mask (22473391)
cdo    remapcon: YAC first order conservative weights from lonlat (8640x4320) to lonlat (1440x720) grid, with source mask (21851786)
cdo    remapcon: YAC first order conservative weights from lonlat (8640x4320) to lonlat (1440x720) grid, with source mask (0)
cdo    remapcon: YAC first order conservative weights from lonlat (8640x4320) to lonlat (1440x720) grid, with source mask (20339105)
cdo    remapcon: YAC first order conservative weights from lonlat (8640x4320) to lonlat (1440x720) grid, with source mask (22592464)
cdo    remapcon: YAC first order conservative weights from lonlat (8640x4320) to lonlat (1440x720) grid, with source mask (22587421)
cdo    remapcon: YAC first order conservative weights from lonlat (8640x4320) to lonlat (1440x720) grid, with source mask (22592595)
cdo    remapcon: YAC first order conservative weights from lonlat (8640x4320) to lonlat (1440x720) grid, with source mask (22335060)
cdo    remapcon: YAC first order conservative weights from lonlat (8640x4320) to lonlat (1440x720) grid, with source mask (21762202)
cdo    remapcon: YAC first order conservative weights from lonlat (8640x4320) to lonlat (1440x720) grid, with source mask (0)
cdo    remapcon: YAC first order conservative weights from lonlat (8640x4320) to lonlat (1440x720) grid, with source mask (21218478)
cdo    remapcon: YAC first order conservative weights from lonlat (8640x4320) to lonlat (1440x720) grid, with source mask (22489973)
cdo    remapcon: YAC first order conservative weights from lonlat (8640x4320) to lonlat (1440x720) grid, with source mask (22485382)
cdo    remapcon: YAC first order conservative weights from lonlat (8640x4320) to lonlat (1440x720) grid, with source mask (22490165)
Scanning directory: /maps/rt582/cmipper/notebooks/dev/ocean_colour_2022/remapped
Skipping directory (filepath contains remapped/processed): /maps/rt582/cmipper/notebooks/dev/ocean_colour_2022/remapped
Scanning directory: /maps/rt582/cmipper/notebooks/dev/ocean_colour_2022
	Remapping 2 files in /maps/rt582/cmipper/notebooks/dev/ocean_colour_2022
	Remapping 2 files in /maps/rt582/cmipper/notebooks/dev/ocean_colour_2022
	Remapping /maps/rt582/cmipper/notebooks/dev/ocean_colour_2022/ESACCI-OC-L3S-K_490-MERGED-1Y_YEARLY_4km_GEO_PML_KD490_Lee-2008-fv6.0.nc -> /maps/rt582/cmipper/notebooks/dev/ocean_colour_2022/remapped/ESACCI-OC-L3S-K_490-MERGED-1Y_YEARLY_4km_GEO_PML_KD490_Lee-2008-fv6.0.nc
Remapped: /maps/rt582/cmipper/notebooks/dev/ocean_colour_2022/ESACCI-OC-L3S-K_490-MERGED-1Y_YEARLY_4km_GEO_PML_KD490_Lee-2008-fv6.0.nc -> /maps/rt582/cmipper/notebooks/dev/ocean_colour_2022/remapped/ESACCI-OC-L3S-K_490-MERGED-1Y_YEARLY_4km_GEO_PML_KD490_Lee-2008-fv6.0.nc
	Remapping /maps/rt582/cmipper/notebooks/dev/ocean_colour_2022/ESACCI-OC-L3S-K_490-MERGED-1Y_YEARLY_4km_GEO_PML_KD490_Lee-2009-fv6.0.nc -> /maps/rt582/cmipper/notebooks/dev/ocean_colour_2022/remapped/ESACCI-OC-L3S-K_490-MERGED-1Y_YEARLY_4km_GEO_PML_KD490_Lee-2009-fv6.0.nc
Remapped: /maps/rt582/cmipper/notebooks/dev/ocean_colour_2022/ESACCI-OC-L3S-K_490-MERGED-1Y_YEARLY_4km_GEO_PML_KD490_Lee-2009-fv6.0.nc -> /maps/rt582/cmipper/notebooks/dev/ocean_colour_2022/remapped/ESACCI-OC-L3S-K_490-MERGED-1Y_YEARLY_4km_GEO_PML_KD490_Lee-2009-fv6.0.nc
cdo    remapcon: YAC first order conservative weights from curvilinear (360x300) to lonlat (1440x720) grid, with source mask (69782)
cdo    remapcon: YAC first order conservative weights from curvilinear (360x300) to lonlat (1440x720) grid, with source mask (69782)
cdo    remapcon: YAC first order conservative weights from curvilinear (360x300) to lonlat (1440x720) grid, with source mask (69782)
cdo    remapcon: YAC first order conservative weights from curvilinear (360x300) to lonlat (1440x720) grid, with source mask (69782)
Scanning directory: /maps/rt582/cmipper/.esgpull/data/CMIP6/ScenarioMIP/CSIRO/ACCESS-ESM1-5/ssp585/r1i1p1f1/Omon/po4/gn
No .nc files found in /maps/rt582/cmipper/.esgpull/data/CMIP6/ScenarioMIP/CSIRO/ACCESS-ESM1-5/ssp585/r1i1p1f1/Omon/po4/gn
Scanning directory: /maps/rt582/cmipper/.esgpull/data/CMIP6/ScenarioMIP/CSIRO/ACCESS-ESM1-5/ssp585/r1i1p1f1/Omon/po4/gn/v20210318
	Remapping 4 files in /maps/rt582/cmipper/.esgpull/data/CMIP6/ScenarioMIP/CSIRO/ACCESS-ESM1-5/ssp585/r1i1p1f1/Omon/po4/gn/v20210318
	Remapping 4 files in /maps/rt582/cmipper/.esgpull/data/CMIP6/ScenarioMIP/CSIRO/ACCESS-ESM1-5/ssp585/r1i1p1f1/Omon/po4/gn/v20210318
	Remapping /maps/rt582/cmipper/.esgpull/data/CMIP6/ScenarioMIP/CSIRO/ACCESS-ESM1-5/ssp585/r1i1p1f1/Omon/po4/gn/v20210318/po4_Omon_ACCESS-ESM1-5_ssp585_r1i1p1f1_gn_208501-209412.nc -> /maps/rt582/cmipper/.esgpull/data/CMIP6/ScenarioMIP/CSIRO/ACCESS-ESM1-5/ssp585/r1i1p1f1/Omon/po4/gn/v20210318/remapped/po4_Omon_ACCESS-ESM1-5_ssp585_r1i1p1f1_gn_208501-209412.nc
Remapped: /maps/rt582/cmipper/.esgpull/data/CMIP6/ScenarioMIP/CSIRO/ACCESS-ESM1-5/ssp585/r1i1p1f1/Omon/po4/gn/v20210318/po4_Omon_ACCESS-ESM1-5_ssp585_r1i1p1f1_gn_208501-209412.nc -> /maps/rt582/cmipper/.esgpull/data/CMIP6/ScenarioMIP/CSIRO/ACCESS-ESM1-5/ssp585/r1i1p1f1/Omon/po4/gn/v20210318/remapped/po4_Omon_ACCESS-ESM1-5_ssp585_r1i1p1f1_gn_208501-209412.nc
	Remapping /maps/rt582/cmipper/.esgpull/data/CMIP6/ScenarioMIP/CSIRO/ACCESS-ESM1-5/ssp585/r1i1p1f1/Omon/po4/gn/v20210318/po4_Omon_ACCESS-ESM1-5_ssp245_r1i1p1f1_gn_201501-202412.nc -> /maps/rt582/cmipper/.esgpull/data/CMIP6/ScenarioMIP/CSIRO/ACCESS-ESM1-5/ssp585/r1i1p1f1/Omon/po4/gn/v20210318/remapped/po4_Omon_ACCESS-ESM1-5_ssp245_r1i1p1f1_gn_201501-202412.nc
Remapped: /maps/rt582/cmipper/.esgpull/data/CMIP6/ScenarioMIP/CSIRO/ACCESS-ESM1-5/ssp585/r1i1p1f1/Omon/po4/gn/v20210318/po4_Omon_ACCESS-ESM1-5_ssp245_r1i1p1f1_gn_201501-202412.nc -> /maps/rt582/cmipper/.esgpull/data/CMIP6/ScenarioMIP/CSIRO/ACCESS-ESM1-5/ssp585/r1i1p1f1/Omon/po4/gn/v20210318/remapped/po4_Omon_ACCESS-ESM1-5_ssp245_r1i1p1f1_gn_201501-202412.nc
	Remapping /maps/rt582/cmipper/.esgpull/data/CMIP6/ScenarioMIP/CSIRO/ACCESS-ESM1-5/ssp585/r1i1p1f1/Omon/po4/gn/v20210318/po4_Omon_ACCESS-ESM1-5_ssp585_r1i1p1f1_gn_206501-207412.nc -> /maps/rt582/cmipper/.esgpull/data/CMIP6/ScenarioMIP/CSIRO/ACCESS-ESM1-5/ssp585/r1i1p1f1/Omon/po4/gn/v20210318/remapped/po4_Omon_ACCESS-ESM1-5_ssp585_r1i1p1f1_gn_206501-207412.nc
Remapped: /maps/rt582/cmipper/.esgpull/data/CMIP6/ScenarioMIP/CSIRO/ACCESS-ESM1-5/ssp585/r1i1p1f1/Omon/po4/gn/v20210318/po4_Omon_ACCESS-ESM1-5_ssp585_r1i1p1f1_gn_206501-207412.nc -> /maps/rt582/cmipper/.esgpull/data/CMIP6/ScenarioMIP/CSIRO/ACCESS-ESM1-5/ssp585/r1i1p1f1/Omon/po4/gn/v20210318/remapped/po4_Omon_ACCESS-ESM1-5_ssp585_r1i1p1f1_gn_206501-207412.nc
	Remapping /maps/rt582/cmipper/.esgpull/data/CMIP6/ScenarioMIP/CSIRO/ACCESS-ESM1-5/ssp585/r1i1p1f1/Omon/po4/gn/v20210318/po4_Omon_ACCESS-ESM1-5_ssp585_r1i1p1f1_gn_204501-205412.nc -> /maps/rt582/cmipper/.esgpull/data/CMIP6/ScenarioMIP/CSIRO/ACCESS-ESM1-5/ssp585/r1i1p1f1/Omon/po4/gn/v20210318/remapped/po4_Omon_ACCESS-ESM1-5_ssp585_r1i1p1f1_gn_204501-205412.nc
Remapped: /maps/rt582/cmipper/.esgpull/data/CMIP6/ScenarioMIP/CSIRO/ACCESS-ESM1-5/ssp585/r1i1p1f1/Omon/po4/gn/v20210318/po4_Omon_ACCESS-ESM1-5_ssp585_r1i1p1f1_gn_204501-205412.nc -> /maps/rt582/cmipper/.esgpull/data/CMIP6/ScenarioMIP/CSIRO/ACCESS-ESM1-5/ssp585/r1i1p1f1/Omon/po4/gn/v20210318/remapped/po4_Omon_ACCESS-ESM1-5_ssp585_r1i1p1f1_gn_204501-205412.nc
Scanning directory: /maps/rt582/cmipper/.esgpull/data/CMIP6/ScenarioMIP/CSIRO/ACCESS-ESM1-5/ssp585/r1i1p1f1/Omon/po4/gn/v20210318/remapped
Skipping directory (filepath contains remapped/processed): /maps/rt582/cmipper/.esgpull/data/CMIP6/ScenarioMIP/CSIRO/ACCESS-ESM1-5/ssp585/r1i1p1f1/Omon/po4/gn/v20210318/remapped
Scanning directory: /maps/rt582/cmipper/.esgpull/data/CMIP6/ScenarioMIP/CSIRO/ACCESS-ESM1-5/ssp585/r1i1p1f1/Omon/po4
No .nc files found in /maps/rt582/cmipper/.esgpull/data/CMIP6/ScenarioMIP/CSIRO/ACCESS-ESM1-5/ssp585/r1i1p1f1/Omon/po4
